L,h,C_max
0,0,0
0,3,0
0,6,0
0,9,0
0,12,0
0,15,0
0,18,0
0,21,0
0,24,0
0,27,0
0,30,0
0,33,0
0,36,0
0,39,0
0,42,0
0,45,0
0,48,0
0,51,0
0,54,0
0,57,0
0,60,0
0,63,0
0,66,0
0,69,0
0,72,0
0,75,0
0,78,0
0,81,0
0,84,0
0,87,0
0,90,0
0,93,0
0,96,0
0,99,0
0,102,0
0,105,0
0,108,0
0,111,0
0,114,0
0,117,0
0,120,0
0,123,0
0,126,0
0,129,0
0,132,0
0,135,0
0,138,0
0,141,0
0,144,0
0,147,0
0,150,0
0,153,0
0,156,0
0,159,0
0,162,0
0,165,0
0,168,0
0,171,0
0,174,0
0,177,0
0,180,0
0,183,0
0,186,0
0,189,0
0,192,0
0,195,0
0,198,0
0,201,0
0,204,0
0,207,0
0,210,0
0,213,0
0,216,0
0,219,0
0,222,0
0,225,0
0,228,0
0,231,0
0,234,0
0,237,0
0,240,0
0,243,0
0,246,0
0,249,0
0,252,0
0,255,0
0,258,0
0,261,0
0,264,0
0,267,0
0,270,0
0,273,0
0,276,0
0,279,0
0,282,0
0,285,0
0,288,0
0,291,0
0,294,0
0,297,0
0,300,0
0,303,0
0,306,0
0,309,0
0,312,0
0,315,0
0,318,0
0,321,0
0,324,0
0,327,0
0,330,0
0,333,0
0,336,0
0,339,0
0,342,0
0,345,0
0,348,0
0,351,0
0,354,0
0,357,0
0,360,0
1,0,6.71997070312
1,3,6.6650390625
1,6,6.64672851562
1,9,6.62841796875
1,12,6.64672851562
1,15,6.64672851562
1,18,5.56640625
1,21,4.79736328125
1,24,4.22973632812
1,27,3.77197265625
1,30,3.42407226562
1,33,3.1494140625
1,36,2.91137695312
1,39,2.72827148438
1,42,2.5634765625
1,45,2.4169921875
1,48,2.30712890625
1,51,2.197265625
1,54,2.10571289062
1,57,2.03247070312
1,60,1.9775390625
1,63,1.92260742188
1,66,1.86767578125
1,69,1.8310546875
1,72,1.79443359375
1,75,1.77612304688
1,78,1.73950195312
1,81,1.72119140625
1,84,1.72119140625
1,87,1.70288085938
1,90,1.70288085938
1,93,1.70288085938
1,96,1.72119140625
1,99,1.72119140625
1,102,1.73950195312
1,105,1.7578125
1,108,1.79443359375
1,111,1.8310546875
1,114,1.86767578125
1,117,1.92260742188
1,120,1.9775390625
1,123,2.03247070312
1,126,2.10571289062
1,129,2.197265625
1,132,2.28881835938
1,135,2.39868164062
1,138,2.54516601562
1,141,2.69165039062
1,144,2.87475585938
1,147,3.076171875
1,150,3.31420898438
1,153,3.53393554688
1,156,3.75366210938
1,159,3.955078125
1,162,4.08325195312
1,165,4.15649414062
1,168,4.19311523438
1,171,4.21142578125
1,174,4.21142578125
1,177,4.22973632812
1,180,4.248046875
1,183,4.26635742188
1,186,4.28466796875
1,189,4.3212890625
1,192,4.37622070312
1,195,4.43115234375
1,198,4.48608398438
1,201,4.55932617188
1,204,4.65087890625
1,207,4.7607421875
1,210,4.88891601562
1,213,5.03540039062
1,216,5.18188476562
1,219,5.38330078125
1,222,5.58471679688
1,225,5.84106445312
1,228,6.11572265625
1,231,6.4453125
1,234,6.82983398438
1,237,7.28759765625
1,240,7.81860351562
1,243,8.45947265625
1,246,9.228515625
1,249,10.1806640625
1,252,11.3525390625
1,255,12.8540039062
1,258,14.794921875
1,261,17.28515625
1,264,20.4711914062
1,267,24.5178222656
1,270,29.443359375
1,273,35.1379394531
1,276,41.3818359375
1,279,47.9736328125
1,282,54.8583984375
1,285,60.2783203125
1,288,56.4147949219
1,291,39.2578125
1,294,26.8249511719
1,297,21.5515136719
1,300,18.3471679688
1,303,16.11328125
1,306,14.4653320312
1,309,13.1652832031
1,312,12.1032714844
1,315,11.2243652344
1,318,10.4919433594
1,321,9.86938476562
1,324,9.35668945312
1,327,8.89892578125
1,330,8.51440429688
1,333,8.18481445312
1,336,7.89184570312
1,339,7.65380859375
1,342,7.43408203125
1,345,7.2509765625
1,348,7.1044921875
1,351,6.97631835938
1,354,6.86645507812
1,357,6.77490234375
1,360,6.71997070312
2,0,13.4399414062
2,3,13.3483886719
2,6,13.2934570312
2,9,13.2751464844
2,12,13.2934570312
2,15,13.3117675781
2,18,11.1511230469
2,21,9.5947265625
2,24,8.45947265625
2,27,7.56225585938
2,30,6.86645507812
2,33,6.298828125
2,36,5.84106445312
2,39,5.45654296875
2,42,5.126953125
2,45,4.85229492188
2,48,4.6142578125
2,51,4.41284179688
2,54,4.22973632812
2,57,4.08325195312
2,60,3.955078125
2,63,3.84521484375
2,66,3.75366210938
2,69,3.662109375
2,72,3.60717773438
2,75,3.55224609375
2,78,3.49731445312
2,81,3.46069335938
2,84,3.4423828125
2,87,3.42407226562
2,90,3.42407226562
2,93,3.42407226562
2,96,3.4423828125
2,99,3.46069335938
2,102,3.49731445312
2,105,3.53393554688
2,108,3.5888671875
2,111,3.662109375
2,114,3.7353515625
2,117,3.84521484375
2,120,3.955078125
2,123,4.08325195312
2,126,4.22973632812
2,129,4.39453125
2,132,4.59594726562
2,135,4.81567382812
2,138,5.09033203125
2,141,5.40161132812
2,144,5.74951171875
2,147,6.17065429688
2,150,6.62841796875
2,153,7.08618164062
2,156,7.52563476562
2,159,7.91015625
2,162,8.18481445312
2,165,8.31298828125
2,168,8.38623046875
2,171,8.4228515625
2,174,8.44116210938
2,177,8.45947265625
2,180,8.49609375
2,183,8.53271484375
2,186,8.58764648438
2,189,8.66088867188
2,192,8.75244140625
2,195,8.8623046875
2,198,8.99047851562
2,201,9.13696289062
2,204,9.32006835938
2,207,9.53979492188
2,210,9.77783203125
2,213,10.0708007812
2,216,10.3820800781
2,219,10.7666015625
2,222,11.1877441406
2,225,11.6821289062
2,228,12.2497558594
2,231,12.9089355469
2,234,13.6779785156
2,237,14.5751953125
2,240,15.6188964844
2,243,16.8273925781
2,246,18.2556152344
2,249,19.9584960938
2,252,21.9543457031
2,255,24.2980957031
2,258,27.0812988281
2,261,30.322265625
2,264,34.0576171875
2,267,38.2873535156
2,270,42.9748535156
2,273,48.0834960938
2,276,53.5583496094
2,279,59.326171875
2,282,65.4235839844
2,285,71.8688964844
2,288,78.7536621094
2,291,85.2172851562
2,294,82.8552246094
2,297,72.216796875
2,300,45.8862304688
2,303,35.9802246094
2,306,30.7250976562
2,309,27.2277832031
2,312,24.6459960938
2,315,22.6684570312
2,318,21.0754394531
2,321,19.7937011719
2,324,18.7133789062
2,327,17.8161621094
2,330,17.0471191406
2,333,16.3696289062
2,336,15.8020019531
2,339,15.3076171875
2,342,14.8864746094
2,345,14.5202636719
2,348,14.208984375
2,351,13.9526367188
2,354,13.7329101562
2,357,13.5681152344
2,360,13.4399414062
3,0,20.1599121094
3,3,20.0134277344
3,6,19.9401855469
3,9,19.921875
3,12,19.9401855469
3,15,19.9768066406
3,18,16.7175292969
3,21,14.4104003906
3,24,12.6892089844
3,27,11.3525390625
3,30,10.3088378906
3,33,9.46655273438
3,36,8.77075195312
3,39,8.18481445312
3,42,7.6904296875
3,45,7.28759765625
3,48,6.92138671875
3,51,6.62841796875
3,54,6.35375976562
3,57,6.13403320312
3,60,5.9326171875
3,63,5.76782226562
3,66,5.62133789062
3,69,5.51147460938
3,72,5.40161132812
3,75,5.32836914062
3,78,5.25512695312
3,81,5.2001953125
3,84,5.16357421875
3,87,5.14526367188
3,90,5.14526367188
3,93,5.14526367188
3,96,5.16357421875
3,99,5.2001953125
3,102,5.25512695312
3,105,5.31005859375
3,108,5.40161132812
3,111,5.4931640625
3,114,5.62133789062
3,117,5.76782226562
3,120,5.9326171875
3,123,6.11572265625
3,126,6.33544921875
3,129,6.591796875
3,132,6.90307617188
3,135,7.23266601562
3,138,7.63549804688
3,141,8.11157226562
3,144,8.642578125
3,147,9.24682617188
3,150,9.94262695312
3,153,10.6384277344
3,156,11.2976074219
3,159,11.865234375
3,162,12.2680664062
3,165,12.4877929688
3,168,12.5793457031
3,171,12.6342773438
3,174,12.6708984375
3,177,12.7075195312
3,180,12.744140625
3,183,12.7990722656
3,186,12.890625
3,189,13.0004882812
3,192,13.1286621094
3,195,13.2934570312
3,198,13.4765625
3,201,13.7145996094
3,204,13.9892578125
3,207,14.3188476562
3,210,14.6850585938
3,213,15.1062011719
3,216,15.5822753906
3,219,16.1499023438
3,222,16.7724609375
3,225,17.5048828125
3,228,18.3288574219
3,231,19.2626953125
3,234,20.3247070312
3,237,21.5515136719
3,240,22.9431152344
3,243,24.5361328125
3,246,26.3854980469
3,249,28.4545898438
3,252,30.8166503906
3,255,33.4899902344
3,258,36.5112304688
3,261,39.8620605469
3,264,43.5607910156
3,267,47.607421875
3,270,51.9653320312
3,273,56.6528320312
3,276,61.669921875
3,279,66.9799804688
3,282,72.6196289062
3,285,78.662109375
3,288,85.4187011719
3,291,93.7133789062
3,294,102.758789062
3,297,100.250244141
3,300,89.5935058594
3,303,66.6137695312
3,306,52.2033691406
3,309,44.2749023438
3,312,39.0747070312
3,315,35.3393554688
3,318,32.4829101562
3,321,30.2307128906
3,324,28.3996582031
3,327,26.8981933594
3,330,25.6530761719
3,333,24.5910644531
3,336,23.7121582031
3,339,22.9614257812
3,342,22.3205566406
3,345,21.7895507812
3,348,21.3134765625
3,351,20.9289550781
3,354,20.6176757812
3,357,20.361328125
3,360,20.1599121094
4,0,26.0925292969
4,3,25.9460449219
4,6,25.8728027344
4,9,25.8728027344
4,12,25.9460449219
4,15,26.07421875
4,18,22.3022460938
4,21,19.2077636719
4,24,16.9189453125
4,27,15.1428222656
4,30,13.7512207031
4,33,12.6159667969
4,36,11.6821289062
4,39,10.9130859375
4,42,10.2722167969
4,45,9.70458984375
4,48,9.24682617188
4,51,8.82568359375
4,54,8.47778320312
4,57,8.18481445312
4,60,7.92846679688
4,63,7.6904296875
4,66,7.50732421875
4,69,7.34252929688
4,72,7.21435546875
4,75,7.1044921875
4,78,7.01293945312
4,81,6.93969726562
4,84,6.884765625
4,87,6.86645507812
4,90,6.84814453125
4,93,6.86645507812
4,96,6.884765625
4,99,6.93969726562
4,102,7.01293945312
4,105,7.08618164062
4,108,7.19604492188
4,111,7.34252929688
4,114,7.48901367188
4,117,7.6904296875
4,120,7.91015625
4,123,8.16650390625
4,126,8.45947265625
4,129,8.80737304688
4,132,9.19189453125
4,135,9.64965820312
4,138,10.1989746094
4,141,10.8032226562
4,144,11.5173339844
4,147,12.3413085938
4,150,13.2568359375
4,153,14.1906738281
4,156,15.0512695312
4,159,15.8203125
4,162,16.3696289062
4,165,16.6442871094
4,168,16.7907714844
4,171,16.845703125
4,174,16.9006347656
4,177,16.9372558594
4,180,16.9921875
4,183,17.0837402344
4,186,17.1936035156
4,189,17.3217773438
4,192,17.5048828125
4,195,17.724609375
4,198,17.9809570312
4,201,18.2922363281
4,204,18.6584472656
4,207,19.0795898438
4,210,19.5556640625
4,213,20.1232910156
4,216,20.7458496094
4,219,21.4599609375
4,222,22.2473144531
4,225,23.14453125
4,228,24.169921875
4,231,25.3234863281
4,234,26.6052246094
4,237,28.0517578125
4,240,29.6813964844
4,243,31.5124511719
4,246,33.544921875
4,249,35.7971191406
4,252,38.2873535156
4,255,41.0339355469
4,258,44.0551757812
4,261,47.314453125
4,264,50.8666992188
4,267,54.6936035156
4,270,58.7768554688
4,273,63.1530761719
4,276,67.822265625
4,279,72.802734375
4,282,78.1494140625
4,285,84.1186523438
4,288,91.3146972656
4,291,100.177001953
4,294,111.346435547
4,297,115.301513672
4,300,109.350585938
4,303,90.5456542969
4,306,69.9829101562
4,309,58.2458496094
4,312,50.9033203125
4,315,45.7763671875
4,318,41.9311523438
4,321,38.9282226562
4,324,36.5295410156
4,327,34.5703125
4,330,32.9406738281
4,333,31.5856933594
4,336,30.4321289062
4,339,29.4799804688
4,342,28.6743164062
4,345,27.9968261719
4,348,27.4475097656
4,351,26.9897460938
4,354,26.6052246094
4,357,26.3122558594
4,360,26.0925292969
5,0,30.46875
5,3,30.322265625
5,6,30.2673339844
5,9,30.2856445312
5,12,30.3955078125
5,15,30.5969238281
5,18,27.8869628906
5,21,24.0234375
5,24,21.1486816406
5,27,18.9331054688
5,30,17.1936035156
5,33,15.7836914062
5,36,14.6118164062
5,39,13.6413574219
5,42,12.8356933594
5,45,12.1398925781
5,48,11.5539550781
5,51,11.0412597656
5,54,10.6018066406
5,57,10.2355957031
5,60,9.90600585938
5,63,9.63134765625
5,66,9.39331054688
5,69,9.19189453125
5,72,9.0087890625
5,75,8.88061523438
5,78,8.77075195312
5,81,8.67919921875
5,84,8.62426757812
5,87,8.58764648438
5,90,8.5693359375
5,93,8.58764648438
5,96,8.60595703125
5,99,8.67919921875
5,102,8.75244140625
5,105,8.8623046875
5,108,9.0087890625
5,111,9.17358398438
5,114,9.375
5,117,9.61303710938
5,120,9.8876953125
5,123,10.1989746094
5,126,10.5834960938
5,129,11.0046386719
5,132,11.4990234375
5,135,12.0666503906
5,138,12.744140625
5,141,13.5131835938
5,144,14.4104003906
5,147,15.4357910156
5,150,16.5710449219
5,153,17.7429199219
5,156,18.8232421875
5,159,19.775390625
5,162,20.4528808594
5,165,20.80078125
5,168,20.9838867188
5,171,21.0571289062
5,174,21.1120605469
5,177,21.1669921875
5,180,21.240234375
5,183,21.3500976562
5,186,21.4782714844
5,189,21.6613769531
5,192,21.8811035156
5,195,22.1557617188
5,198,22.4853515625
5,201,22.8515625
5,204,23.3093261719
5,207,23.8220214844
5,210,24.4079589844
5,213,25.048828125
5,216,25.7995605469
5,219,26.6235351562
5,222,27.5573730469
5,225,28.6010742188
5,228,29.7729492188
5,231,31.0546875
5,234,32.5012207031
5,237,34.0759277344
5,240,35.8520507812
5,243,37.7746582031
5,246,39.8620605469
5,249,42.1691894531
5,252,44.677734375
5,255,47.3876953125
5,258,50.2990722656
5,261,53.4301757812
5,264,56.7993164062
5,267,60.4064941406
5,270,64.2517089844
5,273,68.3715820312
5,276,72.802734375
5,279,77.5268554688
5,282,82.8186035156
5,285,89.1357421875
5,288,96.7529296875
5,291,106.127929688
5,294,117.938232422
5,297,126.672363281
5,300,122.296142578
5,303,106.402587891
5,306,83.3312988281
5,309,68.6645507812
5,312,59.6740722656
5,315,53.466796875
5,318,48.8891601562
5,321,45.3369140625
5,324,42.4987792969
5,327,40.2099609375
5,330,38.3056640625
5,333,36.7126464844
5,336,35.3759765625
5,339,34.2590332031
5,342,33.3251953125
5,345,32.5561523438
5,348,31.9152832031
5,351,31.4025878906
5,354,30.9997558594
5,357,30.6884765625
5,360,30.46875
6,0,33.7280273438
6,3,33.5998535156
6,6,33.5632324219
6,9,33.6181640625
6,12,33.7463378906
6,15,33.984375
6,18,33.4716796875
6,21,28.8391113281
6,24,25.3967285156
6,27,22.7416992188
6,30,20.6359863281
6,33,18.9331054688
6,36,17.5415039062
6,39,16.3696289062
6,42,15.3991699219
6,45,14.5751953125
6,48,13.8610839844
6,51,13.2568359375
6,54,12.7258300781
6,57,12.2680664062
6,60,11.8835449219
6,63,11.5539550781
6,66,11.2609863281
6,69,11.0229492188
6,72,10.8215332031
6,75,10.6567382812
6,78,10.5102539062
6,81,10.4187011719
6,84,10.3454589844
6,87,10.2905273438
6,90,10.2905273438
6,93,10.2905273438
6,96,10.3454589844
6,99,10.4187011719
6,102,10.5102539062
6,105,10.6384277344
6,108,10.8032226562
6,111,11.0046386719
6,114,11.2426757812
6,117,11.5356445312
6,120,11.865234375
6,123,12.2497558594
6,126,12.6892089844
6,129,13.2019042969
6,132,13.8061523438
6,135,14.4836425781
6,138,15.2893066406
6,141,16.2231445312
6,144,17.28515625
6,147,18.5119628906
6,150,19.8852539062
6,153,21.2768554688
6,156,22.5952148438
6,159,23.73046875
6,162,24.5544433594
6,165,24.9755859375
6,168,25.1770019531
6,171,25.2685546875
6,174,25.341796875
6,177,25.4150390625
6,180,25.48828125
6,183,25.6164550781
6,186,25.78125
6,189,26.0009765625
6,192,26.2573242188
6,195,26.5869140625
6,198,26.9714355469
6,201,27.4108886719
6,204,27.9235839844
6,207,28.5095214844
6,210,29.1687011719
6,213,29.9194335938
6,216,30.7434082031
6,219,31.6772460938
6,222,32.7026367188
6,225,33.837890625
6,228,35.1013183594
6,231,36.474609375
6,234,37.9943847656
6,237,39.6606445312
6,240,41.4367675781
6,243,43.3776855469
6,246,45.5017089844
6,249,47.75390625
6,252,50.1708984375
6,255,52.7893066406
6,258,55.5908203125
6,261,58.5754394531
6,264,61.7614746094
6,267,65.185546875
6,270,68.8293457031
6,273,72.7294921875
6,276,76.9592285156
6,279,81.6467285156
6,282,87.2131347656
6,285,93.8598632812
6,288,101.879882812
6,291,111.749267578
6,294,124.182128906
6,297,135.9375
6,300,132.202148438
6,303,117.572021484
6,306,93.2189941406
6,309,76.5197753906
6,312,66.2658691406
6,315,59.2529296875
6,318,54.1259765625
6,321,50.1525878906
6,324,47.0031738281
6,327,44.4396972656
6,330,42.333984375
6,333,40.576171875
6,336,39.0930175781
6,339,37.8662109375
6,342,36.8408203125
6,345,35.9802246094
6,348,35.2844238281
6,351,34.716796875
6,354,34.27734375
6,357,33.9660644531
6,360,33.7280273438
7,0,36.1999511719
7,3,36.0717773438
7,6,36.0534667969
7,9,36.1267089844
7,12,36.2915039062
7,15,36.5661621094
7,18,36.9506835938
7,21,33.6547851562
7,24,29.6264648438
7,27,26.5319824219
7,30,24.0783691406
7,33,22.1008300781
7,36,20.4711914062
7,39,19.1162109375
7,42,17.9626464844
7,45,17.0104980469
7,48,16.1682128906
7,51,15.4724121094
7,54,14.8498535156
7,57,14.3188476562
7,60,13.8793945312
7,63,13.4765625
7,66,13.1469726562
7,69,12.8540039062
7,72,12.6159667969
7,75,12.4328613281
7,78,12.2680664062
7,81,12.158203125
7,84,12.0666503906
7,87,12.01171875
7,90,11.9934082031
7,93,12.01171875
7,96,12.0666503906
7,99,12.1398925781
7,102,12.2680664062
7,105,12.4145507812
7,108,12.6159667969
7,111,12.8540039062
7,114,13.1286621094
7,117,13.4582519531
7,120,13.8427734375
7,123,14.3005371094
7,126,14.8132324219
7,129,15.4174804688
7,132,16.11328125
7,135,16.9006347656
7,138,17.8344726562
7,141,18.9147949219
7,144,20.1782226562
7,147,21.6064453125
7,150,23.1994628906
7,153,24.8291015625
7,156,26.3671875
7,159,27.685546875
7,162,28.6376953125
7,165,29.1320800781
7,168,29.3701171875
7,171,29.4799804688
7,174,29.5715332031
7,177,29.6447753906
7,180,29.736328125
7,183,29.9011230469
7,186,30.0842285156
7,189,30.3405761719
7,192,30.6518554688
7,195,30.9997558594
7,198,31.4392089844
7,201,31.93359375
7,204,32.5012207031
7,207,33.1604003906
7,210,33.8745117188
7,213,34.6618652344
7,216,35.5773925781
7,219,36.5478515625
7,222,37.646484375
7,225,38.8366699219
7,228,40.13671875
7,231,41.5649414062
7,234,43.1030273438
7,237,44.7509765625
7,240,46.5454101562
7,243,48.4497070312
7,246,50.4821777344
7,249,52.6611328125
7,252,55.0048828125
7,255,57.4951171875
7,258,60.1501464844
7,261,62.98828125
7,264,66.0095214844
7,267,69.2687988281
7,270,72.7294921875
7,273,76.46484375
7,276,80.6579589844
7,279,85.5834960938
7,282,91.40625
7,285,98.3825683594
7,288,106.787109375
7,291,117.132568359
7,294,130.133056641
7,297,143.774414062
7,300,140.203857422
7,303,125.903320312
7,306,100.524902344
7,309,82.3425292969
7,312,71.2097167969
7,315,63.6291503906
7,318,58.0810546875
7,321,53.8146972656
7,324,50.4089355469
7,327,47.6623535156
7,330,45.3918457031
7,333,43.505859375
7,336,41.9128417969
7,339,40.5944824219
7,342,39.4958496094
7,345,38.5803222656
7,348,37.8295898438
7,351,37.2253417969
7,354,36.767578125
7,357,36.4196777344
7,360,36.1999511719
8,0,38.0493164062
8,3,37.939453125
8,6,37.9211425781
8,9,38.0126953125
8,12,38.2141113281
8,15,38.525390625
8,18,38.9465332031
8,21,38.4704589844
8,24,33.8745117188
8,27,30.3405761719
8,30,27.5390625
8,33,25.2685546875
8,36,23.4008789062
8,39,21.8444824219
8,42,20.5444335938
8,45,19.4274902344
8,48,18.4936523438
8,51,17.6696777344
8,54,16.9738769531
8,57,16.3696289062
8,60,15.8569335938
8,63,15.3991699219
8,66,15.0329589844
8,69,14.7033691406
8,72,14.4287109375
8,75,14.208984375
8,78,14.0258789062
8,81,13.8977050781
8,84,13.7878417969
8,87,13.7329101562
8,90,13.7145996094
8,93,13.7329101562
8,96,13.7878417969
8,99,13.8793945312
8,102,14.0258789062
8,105,14.1906738281
8,108,14.4104003906
8,111,14.6850585938
8,114,14.9963378906
8,117,15.380859375
8,120,15.8203125
8,123,16.3330078125
8,126,16.9372558594
8,129,17.6147460938
8,132,18.4020996094
8,135,19.3176269531
8,138,20.3979492188
8,141,21.6247558594
8,144,23.0529785156
8,147,24.7009277344
8,150,26.513671875
8,153,28.3813476562
8,156,30.1208496094
8,159,31.640625
8,162,32.7392578125
8,165,33.3068847656
8,168,33.5815429688
8,171,33.69140625
8,174,33.8012695312
8,177,33.8745117188
8,180,34.0026855469
8,183,34.1674804688
8,186,34.3872070312
8,189,34.6618652344
8,192,35.009765625
8,195,35.4125976562
8,198,35.888671875
8,201,36.4196777344
8,204,37.0422363281
8,207,37.7197265625
8,210,38.4704589844
8,213,39.3127441406
8,216,40.2465820312
8,219,41.2719726562
8,222,42.3889160156
8,225,43.5974121094
8,228,44.9157714844
8,231,46.3256835938
8,234,47.8271484375
8,237,49.4567871094
8,240,51.1779785156
8,243,53.0090332031
8,246,54.9682617188
8,249,57.0373535156
8,252,59.2529296875
8,255,61.6333007812
8,258,64.1418457031
8,261,66.8334960938
8,264,69.7082519531
8,267,72.802734375
8,270,76.1169433594
8,273,79.8522949219
8,276,84.228515625
8,279,89.35546875
8,282,95.4528808594
8,285,102.722167969
8,288,111.511230469
8,291,122.314453125
8,294,135.882568359
8,297,150.494384766
8,300,146.887207031
8,303,132.275390625
8,306,105.798339844
8,309,86.6088867188
8,312,74.8718261719
8,315,66.8884277344
8,318,61.0473632812
8,321,56.54296875
8,324,52.9907226562
8,327,50.0793457031
8,330,47.6989746094
8,333,45.7214355469
8,336,44.0551757812
8,339,42.6635742188
8,342,41.5100097656
8,345,40.5395507812
8,348,39.7521972656
8,351,39.1296386719
8,354,38.6352539062
8,357,38.2873535156
8,360,38.0493164062
9,0,39.6423339844
9,3,39.5324707031
9,6,39.5324707031
9,9,39.6423339844
9,12,39.8620605469
9,15,40.1916503906
9,18,40.6494140625
9,21,41.2170410156
9,24,38.1225585938
9,27,34.1491699219
9,30,30.9814453125
9,33,28.4362792969
9,36,26.3305664062
9,39,24.5910644531
9,42,23.1079101562
9,45,21.8627929688
9,48,20.80078125
9,51,19.8852539062
9,54,19.0979003906
9,57,18.4204101562
9,60,17.8344726562
9,63,17.3400878906
9,66,16.9006347656
9,69,16.5344238281
9,72,16.2414550781
9,75,15.9851074219
9,78,15.7836914062
9,81,15.6188964844
9,84,15.52734375
9,87,15.4541015625
9,90,15.4357910156
9,93,15.4541015625
9,96,15.5090332031
9,99,15.6188964844
9,102,15.7653808594
9,105,15.966796875
9,108,16.2231445312
9,111,16.5161132812
9,114,16.8823242188
9,117,17.3034667969
9,120,17.7978515625
9,123,18.3837890625
9,126,19.04296875
9,129,19.8120117188
9,132,20.7092285156
9,135,21.7346191406
9,138,22.9431152344
9,141,24.3347167969
9,144,25.927734375
9,147,27.7770996094
9,150,29.8095703125
9,153,31.9152832031
9,156,33.8745117188
9,159,35.5773925781
9,162,36.8041992188
9,165,37.4450683594
9,168,37.7563476562
9,171,37.9028320312
9,174,38.0126953125
9,177,38.1042480469
9,180,38.232421875
9,183,38.4521484375
9,186,38.7084960938
9,189,39.0014648438
9,192,39.3676757812
9,195,39.8071289062
9,198,40.3015136719
9,201,40.869140625
9,204,41.5100097656
9,207,42.2241210938
9,210,42.9931640625
9,213,43.8537597656
9,216,44.8059082031
9,219,45.8129882812
9,222,46.9299316406
9,225,48.1201171875
9,228,49.4018554688
9,231,50.7934570312
9,234,52.2399902344
9,237,53.7780761719
9,240,55.4443359375
9,243,57.1655273438
9,246,59.0148925781
9,249,60.9924316406
9,252,63.0798339844
9,255,65.3137207031
9,258,67.7124023438
9,261,70.2575683594
9,264,73.0041503906
9,267,75.9704589844
9,270,79.2846679688
9,273,83.1665039062
9,276,87.7258300781
9,279,93.0725097656
9,282,99.4079589844
9,285,107.006835938
9,288,116.143798828
9,291,127.404785156
9,294,141.540527344
9,297,156.701660156
9,300,152.947998047
9,303,137.731933594
9,306,110.174560547
9,309,90.2160644531
9,312,77.9846191406
9,315,69.6716308594
9,318,63.5925292969
9,321,58.9050292969
9,324,55.1879882812
9,327,52.1667480469
9,330,49.6765136719
9,333,47.607421875
9,336,45.8862304688
9,339,44.4396972656
9,342,43.2312011719
9,345,42.2241210938
9,348,41.4001464844
9,351,40.7409667969
9,354,40.2465820312
9,357,39.8803710938
9,360,39.6423339844
10,0,41.015625
10,3,40.8874511719
10,6,40.9057617188
10,9,41.0339355469
10,12,41.2719726562
10,15,41.6381835938
10,18,42.1142578125
10,21,42.7185058594
10,24,42.3889160156
10,27,37.939453125
10,30,34.4421386719
10,33,31.6040039062
10,36,29.2602539062
10,39,27.3193359375
10,42,25.6896972656
10,45,24.2980957031
10,48,23.1079101562
10,51,22.1008300781
10,54,21.2219238281
10,57,20.4711914062
10,60,19.8303222656
10,63,19.2626953125
10,66,18.7866210938
10,69,18.3837890625
10,72,18.0358886719
10,75,17.7612304688
10,78,17.5415039062
10,81,17.3583984375
10,84,17.2485351562
10,87,17.1752929688
10,90,17.138671875
10,93,17.1752929688
10,96,17.2302246094
10,99,17.3583984375
10,102,17.5231933594
10,105,17.7429199219
10,108,18.017578125
10,111,18.3471679688
10,114,18.75
10,117,19.2260742188
10,120,19.775390625
10,123,20.4162597656
10,126,21.1669921875
10,129,22.0092773438
10,132,22.998046875
10,135,24.1516113281
10,138,25.4699707031
10,141,27.0080566406
10,144,28.8024902344
10,147,30.8166503906
10,150,33.0688476562
10,153,35.3759765625
10,156,37.5366210938
10,159,39.4226074219
10,162,40.7958984375
10,165,41.4916992188
10,168,41.8395996094
10,171,42.0227050781
10,174,42.1325683594
10,177,42.2607421875
10,180,42.4255371094
10,183,42.6452636719
10,186,42.9382324219
10,189,43.2678222656
10,192,43.65234375
10,195,44.091796875
10,198,44.6044921875
10,201,45.1721191406
10,204,45.7946777344
10,207,46.4904785156
10,210,47.2778320312
10,213,48.1201171875
10,216,49.0173339844
10,219,50.0061035156
10,222,51.0681152344
10,225,52.2033691406
10,228,53.4118652344
10,231,54.6936035156
10,234,56.0302734375
10,237,57.4768066406
10,240,58.9965820312
10,243,60.5895996094
10,246,62.3291015625
10,249,64.1418457031
10,252,66.0827636719
10,255,68.1884765625
10,258,70.4040527344
10,261,72.802734375
10,264,75.4211425781
10,267,78.3508300781
10,270,81.7749023438
10,273,85.7849121094
10,276,90.4541015625
10,279,95.947265625
10,282,102.465820312
10,285,110.247802734
10,288,119.641113281
10,291,131.195068359
10,294,145.751953125
10,297,155.017089844
10,300,151.409912109
10,303,137.219238281
10,306,112.188720703
10,309,92.7978515625
10,312,80.4565429688
10,315,71.9787597656
10,318,65.7348632812
10,321,60.9191894531
10,324,57.0739746094
10,327,53.9611816406
10,330,51.3977050781
10,333,49.2553710938
10,336,47.4792480469
10,339,45.9777832031
10,342,44.7326660156
10,345,43.6889648438
10,348,42.8466796875
10,351,42.1691894531
10,354,41.6381835938
10,357,41.2536621094
10,360,41.015625
11,0,42.3889160156
11,3,42.2790527344
11,6,42.2973632812
11,9,42.4255371094
11,12,42.6818847656
11,15,43.06640625
11,18,43.5791015625
11,21,44.2199707031
11,24,45.0073242188
11,27,41.748046875
11,30,37.8845214844
11,33,34.7534179688
11,36,32.1899414062
11,39,30.0659179688
11,42,28.2531738281
11,45,26.7333984375
11,48,25.4333496094
11,51,24.31640625
11,54,23.3459472656
11,57,22.5219726562
11,60,21.8078613281
11,63,21.1853027344
11,66,20.6726074219
11,69,20.21484375
11,72,19.8486328125
11,75,19.5373535156
11,78,19.2810058594
11,81,19.0979003906
11,84,18.9697265625
11,87,18.8781738281
11,90,18.8598632812
11,93,18.8781738281
11,96,18.9514160156
11,99,19.0979003906
11,102,19.2810058594
11,105,19.5190429688
11,108,19.8120117188
11,111,20.1965332031
11,114,20.6359863281
11,117,21.1486816406
11,120,21.7529296875
11,123,22.4487304688
11,126,23.2727050781
11,129,24.2065429688
11,132,25.2868652344
11,135,26.5502929688
11,138,27.9968261719
11,141,29.6997070312
11,144,31.640625
11,147,33.8562011719
11,150,36.2915039062
11,153,38.8000488281
11,156,41.1437988281
11,159,43.212890625
11,162,44.7143554688
11,165,45.5017089844
11,168,45.8862304688
11,171,46.1059570312
11,174,46.2341308594
11,177,46.3989257812
11,180,46.6003417969
11,183,46.8383789062
11,186,47.1496582031
11,189,47.4975585938
11,192,47.900390625
11,195,48.33984375
11,198,48.8342285156
11,201,49.4018554688
11,204,50.0244140625
11,207,50.7019042969
11,210,51.4343261719
11,213,52.2399902344
11,216,53.1005859375
11,219,54.0161132812
11,222,55.0048828125
11,225,56.0485839844
11,228,57.1472167969
11,231,58.3190917969
11,234,59.5642089844
11,237,60.8642578125
11,240,62.255859375
11,243,63.7390136719
11,246,65.3137207031
11,249,66.9982910156
11,252,68.8110351562
11,255,70.751953125
11,258,72.8393554688
11,261,75.1281738281
11,264,77.7282714844
11,267,80.7495117188
11,270,84.2834472656
11,273,88.4033203125
11,276,93.2006835938
11,279,98.8403320312
11,282,105.523681641
11,285,113.488769531
11,288,123.120117188
11,291,135.003662109
11,294,149.981689453
11,297,153.405761719
11,300,150.073242188
11,303,136.999511719
11,306,114.111328125
11,309,95.3430175781
11,312,82.9284667969
11,315,74.2858886719
11,318,67.8771972656
11,321,62.9333496094
11,324,58.9782714844
11,327,55.7739257812
11,330,53.1188964844
11,333,50.9216308594
11,336,49.072265625
11,339,47.5341796875
11,342,46.2341308594
11,345,45.1721191406
11,348,44.2932128906
11,351,43.5974121094
11,354,43.0480957031
11,357,42.6452636719
11,360,42.3889160156
12,0,43.798828125
12,3,43.6706542969
12,6,43.6889648438
12,9,43.8354492188
12,12,44.1101074219
12,15,44.5129394531
12,18,45.0622558594
12,21,45.7397460938
12,24,46.5637207031
12,27,45.556640625
12,30,41.3452148438
12,33,37.939453125
12,36,35.1379394531
12,39,32.7941894531
12,42,30.8349609375
12,45,29.1687011719
12,48,27.7404785156
12,51,26.5319824219
12,54,25.4699707031
12,57,24.5727539062
12,60,23.7854003906
12,63,23.1079101562
12,66,22.5402832031
12,69,22.0458984375
12,72,21.6430664062
12,75,21.3134765625
12,78,21.0388183594
12,81,20.8374023438
12,84,20.6909179688
12,87,20.5993652344
12,90,20.5810546875
12,93,20.5993652344
12,96,20.6726074219
12,99,20.8190917969
12,102,21.0205078125
12,105,21.2951660156
12,108,21.6247558594
12,111,22.0275878906
12,114,22.5036621094
12,117,23.0712890625
12,120,23.73046875
12,123,24.4812011719
12,126,25.3784179688
12,129,26.4038085938
12,132,27.5756835938
12,135,28.9489746094
12,138,30.5236816406
12,141,32.3547363281
12,144,34.4604492188
12,147,36.8591308594
12,150,39.4775390625
12,153,42.1691894531
12,156,44.6960449219
12,159,46.9299316406
12,162,48.5595703125
12,165,49.4384765625
12,168,49.8962402344
12,171,50.1342773438
12,174,50.3173828125
12,177,50.5187988281
12,180,50.7568359375
12,183,51.0314941406
12,186,51.3610839844
12,189,51.708984375
12,192,52.1118164062
12,195,52.5695800781
12,198,53.0456542969
12,201,53.5766601562
12,204,54.1625976562
12,207,54.8034667969
12,210,55.4992675781
12,213,56.2316894531
12,216,57.0190429688
12,219,57.8430175781
12,222,58.7585449219
12,225,59.6740722656
12,228,60.6628417969
12,231,61.7248535156
12,234,62.8234863281
12,237,63.9953613281
12,240,65.2587890625
12,243,66.5954589844
12,246,68.0419921875
12,249,69.6166992188
12,252,71.2829589844
12,255,73.095703125
12,258,75.0915527344
12,261,77.3803710938
12,264,80.0537109375
12,267,83.1665039062
12,270,86.7919921875
12,273,91.0034179688
12,276,95.9289550781
12,279,101.715087891
12,282,108.563232422
12,285,116.729736328
12,288,126.635742188
12,291,138.830566406
12,294,149.285888672
12,297,151.867675781
12,300,148.791503906
12,303,136.962890625
12,306,115.997314453
12,309,97.8515625
12,312,85.4187011719
12,315,76.611328125
12,318,70.0561523438
12,321,64.9658203125
12,324,60.9008789062
12,327,57.6049804688
12,330,54.8767089844
12,333,52.587890625
12,336,50.7019042969
12,339,49.0905761719
12,342,47.7722167969
12,345,46.6552734375
12,348,45.7580566406
12,351,45.0256347656
12,354,44.4580078125
12,357,44.0551757812
12,360,43.798828125
13,0,45.2087402344
13,3,45.0805664062
13,6,45.0988769531
13,9,45.2453613281
13,12,45.5383300781
13,15,45.9777832031
13,18,46.5270996094
13,21,47.2412109375
13,24,48.1201171875
13,27,49.1455078125
13,30,44.8059082031
13,33,41.1071777344
13,36,38.0676269531
13,39,35.5407714844
13,42,33.3984375
13,45,31.6040039062
13,48,30.0659179688
13,51,28.7292480469
13,54,27.5939941406
13,57,26.6235351562
13,60,25.7629394531
13,63,25.048828125
13,66,24.4262695312
13,69,23.8952636719
13,72,23.4558105469
13,75,23.0895996094
13,78,22.7966308594
13,81,22.5769042969
13,84,22.412109375
13,87,22.3205566406
13,90,22.2839355469
13,93,22.3205566406
13,96,22.3937988281
13,99,22.55859375
13,102,22.7783203125
13,105,23.0529785156
13,108,23.4191894531
13,111,23.8586425781
13,114,24.3713378906
13,117,24.9755859375
13,120,25.6896972656
13,123,26.513671875
13,126,27.4841308594
13,129,28.5827636719
13,132,29.8461914062
13,135,31.3293457031
13,138,33.0322265625
13,141,34.9914550781
13,144,37.2619628906
13,147,39.8254394531
13,150,42.626953125
13,153,45.4650878906
13,156,48.1750488281
13,159,50.5737304688
13,162,52.3315429688
13,165,53.3203125
13,168,53.8330078125
13,171,54.1259765625
13,174,54.3823242188
13,177,54.6203613281
13,180,54.9133300781
13,183,55.2062988281
13,186,55.5541992188
13,189,55.9204101562
13,192,56.3049316406
13,195,56.7443847656
13,198,57.2021484375
13,201,57.71484375
13,204,58.2458496094
13,207,58.8317871094
13,210,59.4360351562
13,213,60.0769042969
13,216,60.7727050781
13,219,61.5234375
13,222,62.2924804688
13,225,63.0981445312
13,228,63.9770507812
13,231,64.8742675781
13,234,65.8447265625
13,237,66.9067382812
13,240,68.0236816406
13,243,69.2504882812
13,246,70.5688476562
13,249,71.9970703125
13,252,73.5534667969
13,255,75.2563476562
13,258,77.2888183594
13,261,79.6508789062
13,264,82.3791503906
13,267,85.5834960938
13,270,89.3005371094
13,273,93.6218261719
13,276,98.6755371094
13,279,104.58984375
13,282,111.602783203
13,285,119.970703125
13,288,130.133056641
13,291,142.657470703
13,294,147.821044922
13,297,150.329589844
13,300,147.65625
13,303,137.054443359
13,306,117.864990234
13,309,100.360107422
13,312,87.8723144531
13,315,78.9367675781
13,318,72.2351074219
13,321,67.0166015625
13,324,62.841796875
13,327,59.4360351562
13,330,56.6345214844
13,333,54.2907714844
13,336,52.3315429688
13,339,50.68359375
13,342,49.3103027344
13,345,48.1567382812
13,348,47.2229003906
13,351,46.4721679688
13,354,45.9045410156
13,357,45.4833984375
13,360,45.2087402344
14,0,46.6186523438
14,3,46.4904785156
14,6,46.5087890625
14,9,46.6735839844
14,12,46.9665527344
14,15,47.4243164062
14,18,48.0102539062
14,21,48.7609863281
14,24,49.658203125
14,27,50.7385253906
14,30,48.2482910156
14,33,44.2749023438
14,36,40.9973144531
14,39,38.2690429688
14,42,35.9802246094
14,45,34.0393066406
14,48,32.373046875
14,51,30.9448242188
14,54,29.7180175781
14,57,28.6560058594
14,60,27.7587890625
14,63,26.9714355469
14,66,26.2939453125
14,69,25.7263183594
14,72,25.2502441406
14,75,24.8657226562
14,78,24.5361328125
14,81,24.2980957031
14,84,24.1333007812
14,87,24.0234375
14,90,23.9868164062
14,93,24.0234375
14,96,24.1149902344
14,99,24.2797851562
14,102,24.5178222656
14,105,24.8291015625
14,108,25.2136230469
14,111,25.6896972656
14,114,26.2390136719
14,117,26.8981933594
14,120,27.6672363281
14,123,28.5461425781
14,126,29.5715332031
14,129,30.76171875
14,132,32.1166992188
14,135,33.69140625
14,138,35.5224609375
14,141,37.6281738281
14,144,40.0451660156
14,147,42.7551269531
14,150,45.703125
14,153,48.7243652344
14,156,51.5808105469
14,159,54.1259765625
14,162,56.0485839844
14,165,57.1472167969
14,168,57.7331542969
14,171,58.0810546875
14,174,58.4106445312
14,177,58.7219238281
14,180,59.0515136719
14,183,59.3811035156
14,186,59.7473144531
14,189,60.0952148438
14,192,60.498046875
14,195,60.8825683594
14,198,61.3037109375
14,201,61.7614746094
14,204,62.2375488281
14,207,62.7502441406
14,210,63.2629394531
14,213,63.8122558594
14,216,64.3981933594
14,219,65.0024414062
14,222,65.6616210938
14,225,66.3391113281
14,228,67.0715332031
14,231,67.8405761719
14,234,68.701171875
14,237,69.5983886719
14,240,70.60546875
14,243,71.6857910156
14,246,72.8759765625
14,249,74.1943359375
14,252,75.6591796875
14,255,77.4169921875
14,258,79.4860839844
14,261,81.9030761719
14,264,84.7229003906
14,267,88.0004882812
14,270,91.8090820312
14,273,96.240234375
14,276,101.403808594
14,279,107.464599609
14,282,114.642333984
14,285,123.229980469
14,288,133.648681641
14,291,143.627929688
14,294,146.374511719
14,297,148.791503906
14,300,146.685791016
14,303,137.200927734
14,306,119.659423828
14,309,102.813720703
14,312,90.3442382812
14,315,81.2622070312
14,318,74.4323730469
14,321,69.0673828125
14,324,64.7827148438
14,327,61.2854003906
14,330,58.3923339844
14,333,55.9753417969
14,336,53.9611816406
14,339,52.2766113281
14,342,50.8483886719
14,345,49.6765136719
14,348,48.7060546875
14,351,47.9370117188
14,354,47.3510742188
14,357,46.9116210938
14,360,46.6186523438
15,0,48.046875
15,3,47.9187011719
15,6,47.9370117188
15,9,48.1018066406
15,12,48.4130859375
15,15,48.8891601562
15,18,49.4934082031
15,21,50.2807617188
15,24,51.2145996094
15,27,52.3498535156
15,30,51.708984375
15,33,47.4426269531
15,36,43.9270019531
15,39,41.015625
15,42,38.5437011719
15,45,36.474609375
15,48,34.6801757812
15,51,33.1604003906
15,54,31.8420410156
15,57,30.7067871094
15,60,29.736328125
15,63,28.8940429688
15,66,28.1799316406
15,69,27.5573730469
15,72,27.0446777344
15,75,26.6235351562
15,78,26.2939453125
15,81,26.0375976562
15,84,25.8544921875
15,87,25.7446289062
15,90,25.7080078125
15,93,25.7446289062
15,96,25.8361816406
15,99,26.0192871094
15,102,26.2756347656
15,105,26.6052246094
15,108,27.0080566406
15,111,27.5024414062
15,114,28.1066894531
15,117,28.8024902344
15,120,29.6264648438
15,123,30.5786132812
15,126,31.6772460938
15,129,32.9406738281
15,132,34.3872070312
15,135,36.0717773438
15,138,37.9943847656
15,141,40.2282714844
15,144,42.7734375
15,147,45.6481933594
15,150,48.7426757812
15,153,51.9104003906
15,156,54.9133300781
15,159,57.6232910156
15,162,59.6923828125
15,165,60.9191894531
15,168,61.5783691406
15,171,61.9995117188
15,174,62.4206542969
15,177,62.7868652344
15,180,63.1713867188
15,183,63.5375976562
15,186,63.9221191406
15,189,64.2700195312
15,192,64.6362304688
15,195,65.0024414062
15,198,65.3686523438
15,201,65.7531738281
15,204,66.1560058594
15,207,66.5588378906
15,210,66.9799804688
15,213,67.4194335938
15,216,67.8771972656
15,219,68.3532714844
15,222,68.8659667969
15,225,69.4152832031
15,228,70.0012207031
15,231,70.6420898438
15,234,71.337890625
15,237,72.1252441406
15,240,72.9858398438
15,243,73.9562988281
15,246,75.0366210938
15,249,76.2817382812
15,252,77.783203125
15,255,79.5776367188
15,258,81.7016601562
15,261,84.1735839844
15,264,87.0666503906
15,267,90.4174804688
15,270,94.3176269531
15,273,98.8403320312
15,276,104.132080078
15,279,110.339355469
15,282,117.681884766
15,285,126.470947266
15,288,137.145996094
15,291,142.291259766
15,294,144.946289062
15,297,147.290039062
15,300,145.697021484
15,303,137.420654297
15,306,121.380615234
15,309,105.194091797
15,312,92.7795410156
15,315,83.6059570312
15,318,76.611328125
15,321,71.1364746094
15,324,66.7419433594
15,327,63.134765625
15,330,60.1684570312
15,333,57.6782226562
15,336,55.6091308594
15,339,53.8696289062
15,342,52.4047851562
15,345,51.1962890625
15,348,50.2075195312
15,351,49.4018554688
15,354,48.7976074219
15,357,48.33984375
15,360,48.046875
16,0,49.4934082031
16,3,49.3469238281
16,6,49.365234375
16,9,49.5300292969
16,12,49.8596191406
16,15,50.3356933594
16,18,50.9948730469
16,21,51.8005371094
16,24,52.7709960938
16,27,53.9428710938
16,30,55.1513671875
16,33,50.6103515625
16,36,46.875
16,39,43.7438964844
16,42,41.1254882812
16,45,38.8916015625
16,48,37.0056152344
16,51,35.3759765625
16,54,33.9660644531
16,57,32.7575683594
16,60,31.7138671875
16,63,30.8166503906
16,66,30.0476074219
16,69,29.4067382812
16,72,28.857421875
16,75,28.3996582031
16,78,28.0517578125
16,81,27.7770996094
16,84,27.5756835938
16,87,27.4658203125
16,90,27.4108886719
16,93,27.4475097656
16,96,27.5573730469
16,99,27.7404785156
16,102,28.0151367188
16,105,28.3630371094
16,108,28.8024902344
16,111,29.3334960938
16,114,29.9743652344
16,117,30.7250976562
16,120,31.5856933594
16,123,32.5927734375
16,126,33.7646484375
16,129,35.1013183594
16,132,36.6394042969
16,135,38.4155273438
16,138,40.4663085938
16,141,42.8100585938
16,144,45.5017089844
16,147,48.486328125
16,150,51.7272949219
16,153,55.0231933594
16,156,58.1726074219
16,159,61.0290527344
16,162,63.2446289062
16,165,64.599609375
16,168,65.3503417969
16,171,65.8996582031
16,174,66.4123535156
16,177,66.8518066406
16,180,67.2729492188
16,183,67.6940917969
16,186,68.0603027344
16,189,68.4265136719
16,192,68.7561035156
16,195,69.0856933594
16,198,69.3969726562
16,201,69.7082519531
16,204,70.0012207031
16,207,70.2941894531
16,210,70.5871582031
16,213,70.8984375
16,216,71.2097167969
16,219,71.5393066406
16,222,71.9055175781
16,225,72.3083496094
16,228,72.7478027344
16,231,73.2604980469
16,234,73.828125
16,237,74.4873046875
16,240,75.2380371094
16,243,76.0803222656
16,246,77.0874023438
16,249,78.369140625
16,252,79.9072265625
16,255,81.7565917969
16,258,83.9172363281
16,261,86.4624023438
16,264,89.4104003906
16,267,92.8344726562
16,270,96.826171875
16,273,101.458740234
16,276,106.860351562
16,279,113.214111328
16,282,120.739746094
16,285,129.748535156
16,288,138.684082031
16,291,140.991210938
16,294,143.536376953
16,297,145.843505859
16,300,144.818115234
16,303,137.567138672
16,306,122.991943359
16,309,107.51953125
16,312,95.1965332031
16,315,85.9130859375
16,318,78.80859375
16,321,73.2055664062
16,324,68.701171875
16,327,65.0024414062
16,330,61.9445800781
16,333,59.3994140625
16,336,57.2570800781
16,339,55.4626464844
16,342,53.9611816406
16,345,52.7160644531
16,348,51.708984375
16,351,50.8850097656
16,354,50.244140625
16,357,49.7863769531
16,360,49.4934082031
17,0,50.9399414062
17,3,50.7934570312
17,6,50.8117675781
17,9,50.9765625
17,12,51.3061523438
17,15,51.8005371094
17,18,52.4780273438
17,21,53.3203125
17,24,54.345703125
17,27,55.5541992188
17,30,56.982421875
17,33,53.7780761719
17,36,49.8046875
17,39,46.4904785156
17,42,43.7072753906
17,45,41.3269042969
17,48,39.3127441406
17,51,37.5732421875
17,54,36.0900878906
17,57,34.8083496094
17,60,33.69140625
17,63,32.7392578125
17,66,31.93359375
17,69,31.2377929688
17,72,30.6518554688
17,75,30.17578125
17,78,29.7912597656
17,81,29.4982910156
17,84,29.296875
17,87,29.1687011719
17,90,29.1320800781
17,93,29.150390625
17,96,29.2785644531
17,99,29.4799804688
17,102,29.7546386719
17,105,30.1208496094
17,108,30.5969238281
17,111,31.1645507812
17,114,31.8420410156
17,117,32.6293945312
17,120,33.544921875
17,123,34.6252441406
17,126,35.8520507812
17,129,37.2619628906
17,132,38.8916015625
17,135,40.7592773438
17,138,42.919921875
17,141,45.3735351562
17,144,48.1750488281
17,147,51.3061523438
17,150,54.6569824219
17,153,58.0627441406
17,156,61.3586425781
17,159,64.3432617188
17,162,66.7236328125
17,165,68.1884765625
17,168,69.0673828125
17,171,69.7448730469
17,174,70.3674316406
17,177,70.8801269531
17,180,71.3745117188
17,183,71.8322753906
17,186,72.1984863281
17,189,72.5463867188
17,192,72.8576660156
17,195,73.1140136719
17,198,73.3520507812
17,201,73.5717773438
17,204,73.7548828125
17,207,73.9196777344
17,210,74.0844726562
17,213,74.2492675781
17,216,74.4140625
17,219,74.5971679688
17,222,74.8168945312
17,225,75.0549316406
17,228,75.3662109375
17,231,75.732421875
17,234,76.171875
17,237,76.7028808594
17,240,77.3254394531
17,243,78.1127929688
17,246,79.1564941406
17,249,80.4565429688
17,252,82.03125
17,255,83.9172363281
17,258,86.1511230469
17,261,88.7329101562
17,264,91.7541503906
17,267,95.2697753906
17,270,99.3347167969
17,273,104.058837891
17,276,109.588623047
17,279,116.088867188
17,282,123.779296875
17,285,133.0078125
17,288,137.475585938
17,291,139.709472656
17,294,142.163085938
17,297,144.415283203
17,300,143.920898438
17,303,137.731933594
17,306,124.530029297
17,309,109.771728516
17,312,97.5769042969
17,315,88.2202148438
17,318,80.9875488281
17,321,75.2746582031
17,324,70.6604003906
17,327,66.8701171875
17,330,63.7390136719
17,333,61.1206054688
17,336,58.9233398438
17,339,57.0739746094
17,342,55.5358886719
17,345,54.2541503906
17,348,53.2104492188
17,351,52.3681640625
17,354,51.708984375
17,357,51.2329101562
17,360,50.9399414062
18,0,52.3864746094
18,3,52.2399902344
18,6,52.2399902344
18,9,52.4230957031
18,12,52.7709960938
18,15,53.2836914062
18,18,53.9611816406
18,21,54.8400878906
18,24,55.9020996094
18,27,57.1655273438
18,30,58.6486816406
18,33,56.9458007812
18,36,52.734375
18,39,49.21875
18,42,46.2707519531
18,45,43.7622070312
18,48,41.6198730469
18,51,39.7888183594
18,54,38.2141113281
18,57,36.8408203125
18,60,35.6689453125
18,63,34.6618652344
18,66,33.8012695312
18,69,33.0688476562
18,72,32.4462890625
18,75,31.9519042969
18,78,31.5490722656
18,81,31.2377929688
18,84,31.0180664062
18,87,30.8715820312
18,90,30.8349609375
18,93,30.8715820312
18,96,30.9997558594
18,99,31.201171875
18,102,31.494140625
18,105,31.8969726562
18,108,32.3913574219
18,111,32.9956054688
18,114,33.69140625
18,117,34.5336914062
18,120,35.5041503906
18,123,36.6394042969
18,126,37.939453125
18,129,39.4226074219
18,132,41.1437988281
18,135,43.1030273438
18,138,45.3552246094
18,141,47.9187011719
18,144,50.8117675781
18,147,54.0344238281
18,150,57.5134277344
18,153,61.0473632812
18,156,64.453125
18,159,67.5842285156
18,162,70.0927734375
18,165,71.7224121094
18,168,72.7661132812
18,171,73.5717773438
18,174,74.3041992188
18,177,74.9084472656
18,180,75.4577636719
18,183,75.9521484375
18,186,76.3366699219
18,189,76.6662597656
18,192,76.9226074219
18,195,77.1057128906
18,198,77.2705078125
18,201,77.3803710938
18,204,77.4353027344
18,207,77.4536132812
18,210,77.4719238281
18,213,77.4719238281
18,216,77.490234375
18,219,77.5268554688
18,222,77.5817871094
18,225,77.6733398438
18,228,77.8381347656
18,231,78.0578613281
18,234,78.369140625
18,237,78.7719726562
18,240,79.3579101562
18,243,80.1635742188
18,246,81.2255859375
18,249,82.5622558594
18,252,84.1735839844
18,255,86.0961914062
18,258,88.3666992188
18,261,91.0217285156
18,264,94.0979003906
18,267,97.6867675781
18,270,101.843261719
18,273,106.677246094
18,276,112.316894531
18,279,118.963623047
18,282,126.837158203
18,285,134.436035156
18,288,136.285400391
18,291,138.446044922
18,294,140.826416016
18,297,143.041992188
18,300,143.078613281
18,303,137.860107422
18,306,125.994873047
18,309,111.968994141
18,312,99.9389648438
18,315,90.52734375
18,318,83.1665039062
18,321,77.34375
18,324,72.6196289062
18,327,68.7377929688
18,330,65.5334472656
18,333,62.841796875
18,336,60.5895996094
18,339,58.7036132812
18,342,57.1105957031
18,345,55.7922363281
18,348,54.7119140625
18,351,53.8513183594
18,354,53.1921386719
18,357,52.6977539062
18,360,52.3864746094
19,0,53.8330078125
19,3,53.6865234375
19,6,53.7048339844
19,9,53.8879394531
19,12,54.2358398438
19,15,54.7668457031
19,18,55.4626464844
19,21,56.3781738281
19,24,57.4584960938
19,27,58.7585449219
19,30,60.2966308594
19,33,60.1318359375
19,36,55.6823730469
19,39,51.9653320312
19,42,48.8525390625
19,45,46.1975097656
19,48,43.9453125
19,51,42.0043945312
19,54,40.3198242188
19,57,38.8916015625
19,60,37.646484375
19,63,36.5844726562
19,66,35.6689453125
19,69,34.8999023438
19,72,34.2590332031
19,75,33.7097167969
19,78,33.2885742188
19,81,32.958984375
19,84,32.7209472656
19,87,32.5927734375
19,90,32.5378417969
19,93,32.5744628906
19,96,32.7026367188
19,99,32.9223632812
19,102,33.251953125
19,105,33.6547851562
19,108,34.1857910156
19,111,34.8083496094
19,114,35.5590820312
19,117,36.4379882812
19,120,37.4633789062
19,123,38.6535644531
19,126,40.0085449219
19,129,41.5832519531
19,132,43.3776855469
19,135,45.4284667969
19,138,47.7722167969
19,141,50.4272460938
19,144,53.4118652344
19,147,56.7260742188
19,150,60.2966308594
19,153,63.9404296875
19,156,67.4743652344
19,159,70.7336425781
19,162,73.388671875
19,165,75.1647949219
19,168,76.3916015625
19,171,77.34375
19,174,78.2043457031
19,177,78.9001464844
19,180,79.541015625
19,183,80.0537109375
19,186,80.4382324219
19,189,80.7678222656
19,192,80.9509277344
19,195,81.0607910156
19,198,81.1157226562
19,201,81.0974121094
19,204,81.0241699219
19,207,80.8959960938
19,210,80.7495117188
19,213,80.6030273438
19,216,80.4382324219
19,219,80.3100585938
19,222,80.2001953125
19,225,80.1635742188
19,228,80.1818847656
19,231,80.2734375
19,234,80.4565429688
19,237,80.8044433594
19,240,81.3903808594
19,243,82.2326660156
19,246,83.3129882812
19,249,84.66796875
19,252,86.3159179688
19,255,88.2751464844
19,258,90.6005859375
19,261,93.2922363281
19,264,96.4416503906
19,267,100.103759766
19,270,104.351806641
19,273,109.27734375
19,276,115.045166016
19,279,121.838378906
19,282,129.895019531
19,285,133.319091797
19,288,135.113525391
19,291,137.219238281
19,294,139.526367188
19,297,141.705322266
19,300,142.199707031
19,303,137.878417969
19,306,127.349853516
19,309,114.074707031
19,312,102.24609375
19,315,92.7978515625
19,318,85.3454589844
19,321,79.4128417969
19,324,74.5788574219
19,327,70.6237792969
19,330,67.3278808594
19,333,64.5812988281
19,336,62.255859375
19,339,60.3149414062
19,342,58.7036132812
19,345,57.3486328125
19,348,56.2316894531
19,351,55.3527832031
19,354,54.6569824219
19,357,54.1625976562
19,360,53.8330078125
20,0,55.2978515625
20,3,55.1330566406
20,6,55.1513671875
20,9,55.3344726562
20,12,55.7006835938
20,15,56.2316894531
20,18,56.9641113281
20,21,57.8979492188
20,24,59.033203125
20,27,60.3698730469
20,30,61.962890625
20,33,63.2995605469
20,36,58.6120605469
20,39,54.7119140625
20,42,51.416015625
20,45,48.6328125
20,48,46.2524414062
20,51,44.2016601562
20,54,42.4438476562
20,57,40.9423828125
20,60,39.6240234375
20,63,38.5070800781
20,66,37.5549316406
20,69,36.7309570312
20,72,36.0534667969
20,75,35.4858398438
20,78,35.0280761719
20,81,34.6801757812
20,84,34.4421386719
20,87,34.2956542969
20,90,34.2407226562
20,93,34.27734375
20,96,34.423828125
20,99,34.6435546875
20,102,34.9914550781
20,105,35.4125976562
20,108,35.9619140625
20,111,36.6394042969
20,114,37.4267578125
20,117,38.3422851562
20,120,39.4226074219
20,123,40.6677246094
20,126,42.0959472656
20,129,43.7255859375
20,132,45.6115722656
20,135,47.7355957031
20,138,50.1892089844
20,141,52.9174804688
20,144,55.9936523438
20,147,59.3811035156
20,150,63.0249023438
20,153,66.7602539062
20,156,70.4040527344
20,159,73.7915039062
20,162,76.5930175781
20,165,78.5339355469
20,168,79.9438476562
20,171,81.0791015625
20,174,82.0861816406
20,177,82.8918457031
20,180,83.5876464844
20,183,84.1552734375
20,186,84.5397949219
20,189,84.8327636719
20,192,84.9609375
20,195,84.9975585938
20,198,84.9426269531
20,201,84.7778320312
20,204,84.5397949219
20,207,84.2468261719
20,210,83.935546875
20,213,83.6059570312
20,216,83.2946777344
20,219,83.0017089844
20,222,82.7270507812
20,225,82.5256347656
20,228,82.3974609375
20,231,82.3608398438
20,234,82.470703125
20,237,82.8369140625
20,240,83.4411621094
20,243,84.2834472656
20,246,85.3820800781
20,249,86.7736816406
20,252,88.4582519531
20,255,90.4541015625
20,258,92.8161621094
20,261,95.5810546875
20,264,98.7854003906
20,267,102.520751953
20,270,106.842041016
20,273,111.895751953
20,276,117.791748047
20,279,124.731445312
20,282,130.792236328
20,285,132.220458984
20,288,133.978271484
20,291,136.029052734
20,294,138.262939453
20,297,140.405273438
20,300,141.247558594
20,303,137.823486328
20,306,128.594970703
20,309,116.088867188
20,312,104.516601562
20,315,95.0500488281
20,318,87.5244140625
20,321,81.4636230469
20,324,76.5563964844
20,327,72.4914550781
20,330,69.1223144531
20,333,66.3024902344
20,336,63.9404296875
20,339,61.9445800781
20,342,60.2783203125
20,345,58.88671875
20,348,57.7514648438
20,351,56.8542480469
20,354,56.1401367188
20,357,55.6274414062
20,360,55.2978515625
21,0,56.7626953125
21,3,56.5979003906
21,6,56.6162109375
21,9,56.7993164062
21,12,57.1655273438
21,15,57.7331542969
21,18,58.4838867188
21,21,59.4177246094
21,24,60.5895996094
21,27,61.9812011719
21,30,63.6108398438
21,33,65.5151367188
21,36,61.5600585938
21,39,57.4401855469
21,42,53.9978027344
21,45,51.0681152344
21,48,48.5595703125
21,51,46.4172363281
21,54,44.5678710938
21,57,42.9748535156
21,60,41.6015625
21,63,40.4296875
21,66,39.4226074219
21,69,38.5620117188
21,72,37.8479003906
21,75,37.2619628906
21,78,36.7858886719
21,81,36.4196777344
21,84,36.1633300781
21,87,35.9985351562
21,90,35.9436035156
21,93,35.9985351562
21,96,36.1267089844
21,99,36.3830566406
21,102,36.7309570312
21,105,37.1887207031
21,108,37.7563476562
21,111,38.4521484375
21,114,39.2761230469
21,117,40.2465820312
21,120,41.3635253906
21,123,42.6635742188
21,126,44.1650390625
21,129,45.8679199219
21,132,47.8271484375
21,135,50.0427246094
21,138,52.5695800781
21,141,55.3894042969
21,144,58.5388183594
21,147,61.962890625
21,150,65.6799316406
21,153,69.4885253906
21,156,73.2421875
21,159,76.7578125
21,162,79.7058105469
21,165,81.8481445312
21,168,83.4411621094
21,171,84.7961425781
21,174,85.9313964844
21,177,86.8469238281
21,180,87.6342773438
21,183,88.2202148438
21,186,88.6413574219
21,189,88.8793945312
21,192,88.9343261719
21,195,88.8793945312
21,198,88.6962890625
21,201,88.3850097656
21,204,87.9821777344
21,207,87.5244140625
21,210,87.01171875
21,213,86.5173339844
21,216,86.0229492188
21,219,85.546875
21,222,85.1440429688
21,225,84.7778320312
21,228,84.521484375
21,231,84.3933105469
21,234,84.521484375
21,237,84.8693847656
21,240,85.4919433594
21,243,86.3525390625
21,246,87.4694824219
21,249,88.8793945312
21,252,90.6005859375
21,255,92.6330566406
21,258,95.0500488281
21,261,97.8698730469
21,264,101.147460938
21,267,104.937744141
21,270,109.350585938
21,273,114.514160156
21,276,120.520019531
21,279,127.606201172
21,282,129.766845703
21,285,131.158447266
21,288,132.861328125
21,291,134.857177734
21,294,137.054443359
21,297,139.141845703
21,300,140.240478516
21,303,137.677001953
21,306,129.730224609
21,309,118.029785156
21,312,106.732177734
21,315,97.2839355469
21,318,89.6667480469
21,321,83.5327148438
21,324,78.515625
21,327,74.3774414062
21,330,70.9350585938
21,333,68.0419921875
21,336,65.625
21,339,63.57421875
21,342,61.8713378906
21,345,60.4431152344
21,348,59.2895507812
21,351,58.3557128906
21,354,57.6232910156
21,357,57.0922851562
21,360,56.7626953125
22,0,58.2275390625
22,3,58.0627441406
22,6,58.0810546875
22,9,58.2641601562
22,12,58.6486816406
22,15,59.2163085938
22,18,59.9853515625
22,21,60.9558105469
22,24,62.1643066406
22,27,63.5925292969
22,30,65.2770996094
22,33,67.236328125
22,36,64.4897460938
22,39,60.1867675781
22,42,56.5612792969
22,45,53.5034179688
22,48,50.8666992188
22,51,48.6328125
22,54,46.6918945312
22,57,45.0256347656
22,60,43.5791015625
22,63,42.3522949219
22,66,41.2902832031
22,69,40.3930664062
22,72,39.6423339844
22,75,39.0197753906
22,78,38.525390625
22,81,38.1408691406
22,84,37.8662109375
22,87,37.7014160156
22,90,37.646484375
22,93,37.7014160156
22,96,37.8479003906
22,99,38.1042480469
22,102,38.4704589844
22,105,38.9465332031
22,108,39.55078125
22,111,40.2648925781
22,114,41.1254882812
22,117,42.1508789062
22,120,43.3227539062
22,123,44.677734375
22,126,46.2158203125
22,129,48.0102539062
22,132,50.0427246094
22,135,52.3498535156
22,138,54.931640625
22,141,57.8430175781
22,144,61.0473632812
22,147,64.5263671875
22,150,68.2434082031
22,153,72.1252441406
22,156,75.9887695312
22,159,79.6325683594
22,162,82.7087402344
22,165,85.0891113281
22,168,86.9018554688
22,171,88.4582519531
22,174,89.7399902344
22,177,90.8020019531
22,180,91.6625976562
22,183,92.28515625
22,186,92.7062988281
22,189,92.9077148438
22,192,92.8894042969
22,195,92.724609375
22,198,92.3950195312
22,201,91.9006347656
22,204,91.3146972656
22,207,90.673828125
22,210,89.9963378906
22,213,89.3188476562
22,216,88.6596679688
22,219,88.0187988281
22,222,87.4328613281
22,225,86.9384765625
22,228,86.572265625
22,231,86.4440917969
22,234,86.5539550781
22,237,86.9201660156
22,240,87.5427246094
22,243,88.4216308594
22,246,89.5568847656
22,249,91.0034179688
22,252,92.7429199219
22,255,94.8303222656
22,258,97.2839355469
22,261,100.140380859
22,264,103.491210938
22,267,107.354736328
22,270,111.859130859
22,273,117.114257812
22,276,123.266601562
22,279,127.752685547
22,282,128.778076172
22,285,130.133056641
22,288,131.799316406
22,291,133.721923828
22,294,135.864257812
22,297,137.933349609
22,300,139.196777344
22,303,137.475585938
22,306,130.700683594
22,309,119.860839844
22,312,108.892822266
22,315,99.4995117188
22,318,91.8273925781
22,321,85.5834960938
22,324,80.4748535156
22,327,76.2634277344
22,330,72.7294921875
22,333,69.7814941406
22,336,67.2912597656
22,339,65.2038574219
22,342,63.4643554688
22,345,61.9995117188
22,348,60.8093261719
22,351,59.8571777344
22,354,59.1064453125
22,357,58.5754394531
22,360,58.2275390625
23,0,59.6923828125
23,3,59.5275878906
23,6,59.5458984375
23,9,59.7473144531
23,12,60.1318359375
23,15,60.7177734375
23,18,61.5051269531
23,21,62.4938964844
23,24,63.7390136719
23,27,65.2038574219
23,30,66.943359375
23,33,68.9575195312
23,36,67.4194335938
23,39,62.9333496094
23,42,59.1430664062
23,45,55.9387207031
23,48,53.1921386719
23,51,50.830078125
23,54,48.8159179688
23,57,47.0581054688
23,60,45.556640625
23,63,44.2749023438
23,66,43.1579589844
23,69,42.2241210938
23,72,41.4367675781
23,75,40.7775878906
23,78,40.2648925781
23,81,39.8620605469
23,84,39.5874023438
23,87,39.4226074219
23,90,39.3493652344
23,93,39.404296875
23,96,39.55078125
23,99,39.8254394531
23,102,40.1916503906
23,105,40.7043457031
23,108,41.3269042969
23,111,42.0776367188
23,114,42.9748535156
23,117,44.0368652344
23,120,45.263671875
23,123,46.6735839844
23,126,48.2849121094
23,129,50.1342773438
23,132,52.2399902344
23,135,54.6203613281
23,138,57.2937011719
23,141,60.2600097656
23,144,63.5375976562
23,147,67.0349121094
23,150,70.7702636719
23,153,74.6887207031
23,156,78.6437988281
23,159,82.3974609375
23,162,85.6384277344
23,165,88.2568359375
23,168,90.3076171875
23,171,92.0837402344
23,174,93.5302734375
23,177,94.7204589844
23,180,95.6726074219
23,183,96.3500976562
23,186,96.7529296875
23,189,96.8994140625
23,192,96.8078613281
23,195,96.4965820312
23,198,96.0205078125
23,201,95.361328125
23,204,94.5922851562
23,207,93.7683105469
23,210,92.8894042969
23,213,92.0288085938
23,216,91.1865234375
23,219,90.380859375
23,222,89.6301269531
23,225,89.0075683594
23,228,88.623046875
23,231,88.4765625
23,234,88.6047363281
23,237,88.9709472656
23,240,89.5935058594
23,243,90.4907226562
23,246,91.6442871094
23,249,93.1091308594
23,252,94.8852539062
23,255,97.0092773438
23,258,99.5178222656
23,261,102.429199219
23,264,105.834960938
23,267,109.790039062
23,270,114.385986328
23,273,119.732666016
23,276,125.994873047
23,279,126.818847656
23,282,127.807617188
23,285,129.125976562
23,288,130.737304688
23,291,132.623291016
23,294,134.710693359
23,297,136.761474609
23,300,138.171386719
23,303,137.127685547
23,306,131.506347656
23,309,121.58203125
23,312,110.980224609
23,315,101.678466797
23,318,93.9514160156
23,321,87.6342773438
23,324,82.4340820312
23,327,78.1311035156
23,330,74.5422363281
23,333,71.5209960938
23,336,68.9758300781
23,339,66.8518066406
23,342,65.0573730469
23,345,63.5559082031
23,348,62.3474121094
23,351,61.3586425781
23,354,60.6079101562
23,357,60.0402832031
23,360,59.6923828125
24,0,61.1572265625
24,3,60.9924316406
24,6,61.0107421875
24,9,61.2121582031
24,12,61.6149902344
24,15,62.2009277344
24,18,63.0065917969
24,21,64.0319824219
24,24,65.2954101562
24,27,66.8151855469
24,30,68.6096191406
24,33,70.6787109375
24,36,70.3674316406
24,39,65.6799316406
24,42,61.7248535156
24,45,58.3557128906
24,48,55.4992675781
24,51,53.0456542969
24,54,50.9216308594
24,57,49.1088867188
24,60,47.5341796875
24,63,46.1791992188
24,66,45.0256347656
24,69,44.0551757812
24,72,43.2312011719
24,75,42.5537109375
24,78,42.0043945312
24,81,41.6015625
24,84,41.2902832031
24,87,41.1254882812
24,90,41.0522460938
24,93,41.1071777344
24,96,41.2536621094
24,99,41.5466308594
24,102,41.9311523438
24,105,42.4621582031
24,108,43.1030273438
24,111,43.8903808594
24,114,44.8425292969
24,117,45.9228515625
24,120,47.2045898438
24,123,48.6694335938
24,126,50.3356933594
24,129,52.2583007812
24,132,54.4372558594
24,135,56.8725585938
24,138,59.6374511719
24,141,62.6586914062
24,144,65.9545898438
24,147,69.5068359375
24,150,73.2421875
24,153,77.1606445312
24,156,81.2072753906
24,159,85.0708007812
24,162,88.4582519531
24,165,91.3330078125
24,168,93.6584472656
24,171,95.6726074219
24,174,97.2839355469
24,177,98.6206054688
24,180,99.6643066406
24,183,100.378417969
24,186,100.799560547
24,189,100.891113281
24,192,100.689697266
24,195,100.250244141
24,198,99.609375
24,201,98.7670898438
24,204,97.7966308594
24,207,96.7712402344
24,210,95.7092285156
24,213,94.6472167969
24,216,93.6218261719
24,219,92.6513671875
24,222,91.7541503906
24,225,91.0766601562
24,228,90.673828125
24,231,90.5456542969
24,234,90.6555175781
24,237,91.0217285156
24,240,91.6625976562
24,243,92.5598144531
24,246,93.75
24,249,95.2331542969
24,252,97.0458984375
24,255,99.1882324219
24,258,101.733398438
24,261,104.718017578
24,264,108.178710938
24,267,112.20703125
24,270,116.89453125
24,273,122.351074219
24,276,125.244140625
24,279,125.903320312
24,282,126.873779297
24,285,128.155517578
24,288,129.730224609
24,291,131.579589844
24,294,133.612060547
24,297,135.626220703
24,300,137.109375
24,303,136.688232422
24,306,132.147216797
24,309,123.211669922
24,312,113.012695312
24,315,103.802490234
24,318,96.0571289062
24,321,89.6850585938
24,324,84.3933105469
24,327,80.0170898438
24,330,76.3366699219
24,333,73.2604980469
24,336,70.6604003906
24,339,68.4814453125
24,342,66.650390625
24,345,65.1306152344
24,348,63.8671875
24,351,62.8784179688
24,354,62.0910644531
24,357,61.5234375
24,360,61.1572265625
25,0,62.6403808594
25,3,62.4572753906
25,6,62.4755859375
25,9,62.6953125
25,12,63.0981445312
25,15,63.7023925781
25,18,64.5263671875
25,21,65.5883789062
25,24,66.8701171875
25,27,68.4448242188
25,30,70.2758789062
25,33,72.4182128906
25,36,73.2971191406
25,39,68.4265136719
25,42,64.2883300781
25,45,60.791015625
25,48,57.8063964844
25,51,55.2429199219
25,54,53.0456542969
25,57,51.1413574219
25,60,49.51171875
25,63,48.1018066406
25,66,46.8933105469
25,69,45.8862304688
25,72,45.0256347656
25,75,44.3115234375
25,78,43.7438964844
25,81,43.3227539062
25,84,43.0114746094
25,87,42.8283691406
25,90,42.7551269531
25,93,42.8100585938
25,96,42.9748535156
25,99,43.2495117188
25,102,43.6706542969
25,105,44.2199707031
25,108,44.8974609375
25,111,45.703125
25,114,46.6918945312
25,117,47.8271484375
25,120,49.1455078125
25,123,50.6469726562
25,126,52.3864746094
25,129,54.3640136719
25,132,56.6162109375
25,135,59.1247558594
25,138,61.9445800781
25,141,65.0390625
25,144,68.3715820312
25,147,71.923828125
25,150,75.6591796875
25,153,79.5776367188
25,156,83.6608886719
25,159,87.6342773438
25,162,91.1865234375
25,165,94.3359375
25,168,96.9543457031
25,171,99.2248535156
25,174,101.019287109
25,177,102.502441406
25,180,103.656005859
25,183,104.406738281
25,186,104.809570312
25,189,104.846191406
25,192,104.534912109
25,195,103.967285156
25,198,103.143310547
25,201,102.099609375
25,204,100.946044922
25,207,99.7009277344
25,210,98.4375
25,213,97.1923828125
25,216,95.9655761719
25,219,94.8120117188
25,222,93.8598632812
25,225,93.1640625
25,228,92.7429199219
25,231,92.5964355469
25,234,92.7062988281
25,237,93.0725097656
25,240,93.7133789062
25,243,94.62890625
25,246,95.8374023438
25,249,97.3571777344
25,252,99.1882324219
25,255,101.385498047
25,258,103.967285156
25,261,107.006835938
25,264,110.522460938
25,267,114.642333984
25,270,119.421386719
25,273,124.053955078
25,276,124.383544922
25,279,125.024414062
25,282,125.9765625
25,285,127.221679688
25,288,128.759765625
25,291,130.554199219
25,294,132.550048828
25,297,134.527587891
25,300,136.102294922
25,303,136.138916016
25,306,132.604980469
25,309,124.694824219
25,312,114.971923828
25,315,105.908203125
25,318,98.1628417969
25,321,91.69921875
25,324,86.3525390625
25,327,81.884765625
25,330,78.1494140625
25,333,75
25,336,72.36328125
25,339,70.1293945312
25,342,68.2434082031
25,345,66.6870117188
25,348,65.4052734375
25,351,64.3798828125
25,354,63.5925292969
25,357,63.0065917969
25,360,62.6403808594
26,0,64.1052246094
26,3,63.9404296875
26,6,63.9587402344
26,9,64.16015625
26,12,64.5812988281
26,15,65.2038574219
26,18,66.064453125
26,21,67.1264648438
26,24,68.4631347656
26,27,70.0561523438
26,30,71.9421386719
26,33,74.1394042969
26,36,76.2451171875
26,39,71.1547851562
26,42,66.8701171875
26,45,63.2263183594
26,48,60.1318359375
26,51,57.4584960938
26,54,55.1696777344
26,57,53.1921386719
26,60,51.4892578125
26,63,50.0244140625
26,66,48.7609863281
26,69,47.6989746094
26,72,46.8200683594
26,75,46.0876464844
26,78,45.4833984375
26,81,45.0439453125
26,84,44.7143554688
26,87,44.53125
26,90,44.4580078125
26,93,44.4946289062
26,96,44.677734375
26,99,44.970703125
26,102,45.41015625
26,105,45.9594726562
26,108,46.6735839844
26,111,47.5158691406
26,114,48.5229492188
26,117,49.7131347656
26,120,51.0681152344
26,123,52.6428222656
26,126,54.4372558594
26,129,56.4697265625
26,132,58.7768554688
26,135,61.376953125
26,138,64.2333984375
26,141,67.3828125
26,144,70.751953125
26,147,74.3041992188
26,150,78.0212402344
26,153,81.9396972656
26,156,86.0229492188
26,159,90.087890625
26,162,93.8598632812
26,165,97.2839355469
26,168,100.1953125
26,171,102.740478516
26,174,104.699707031
26,177,106.34765625
26,180,107.611083984
26,183,108.416748047
26,186,108.801269531
26,189,108.782958984
26,192,108.343505859
26,195,107.629394531
26,198,106.622314453
26,201,105.377197266
26,204,103.985595703
26,207,102.5390625
26,210,101.07421875
26,213,99.6459960938
26,216,98.2360839844
26,219,96.9543457031
26,222,95.947265625
26,225,95.2514648438
26,228,94.8120117188
26,231,94.6472167969
26,234,94.7570800781
26,237,95.1416015625
26,240,95.80078125
26,243,96.7163085938
26,246,97.9431152344
26,249,99.4812011719
26,252,101.348876953
26,255,103.564453125
26,258,106.201171875
26,261,109.27734375
26,264,112.884521484
26,267,117.059326172
26,270,121.929931641
26,273,123.248291016
26,276,123.577880859
26,279,124.182128906
26,282,125.09765625
26,285,126.324462891
26,288,127.807617188
26,291,129.565429688
26,294,131.524658203
26,297,133.483886719
26,300,135.113525391
26,303,135.498046875
26,306,132.897949219
26,309,126.049804688
26,312,116.857910156
26,315,107.958984375
26,318,100.231933594
26,321,93.7316894531
26,324,88.2934570312
26,327,83.7707519531
26,330,79.9621582031
26,333,76.7395019531
26,336,74.0478515625
26,339,71.7590332031
26,342,69.8547363281
26,345,68.26171875
26,348,66.943359375
26,351,65.8996582031
26,354,65.0939941406
26,357,64.4897460938
26,360,64.1052246094
27,0,65.478515625
27,3,65.2954101562
27,6,65.3137207031
27,9,65.5334472656
27,12,65.9729003906
27,15,66.5954589844
27,18,67.4560546875
27,21,68.5546875
27,24,69.9096679688
27,27,71.5393066406
27,30,73.4802246094
27,33,75.732421875
27,36,78.3325195312
27,39,73.9013671875
27,42,69.4519042969
27,45,65.6616210938
27,48,62.4389648438
27,51,59.6557617188
27,54,57.275390625
27,57,55.224609375
27,60,53.466796875
27,63,51.9287109375
27,66,50.6286621094
27,69,49.5300292969
27,72,48.6145019531
27,75,47.8454589844
27,78,47.2229003906
27,81,46.7651367188
27,84,46.435546875
27,87,46.2158203125
27,90,46.142578125
27,93,46.1975097656
27,96,46.3806152344
27,99,46.6918945312
27,102,47.1313476562
27,105,47.7172851562
27,108,48.4497070312
27,111,49.3286132812
27,114,50.3723144531
27,117,51.5991210938
27,120,53.0090332031
27,123,54.6203613281
27,126,56.4697265625
27,129,58.5754394531
27,132,60.9375
27,135,63.5925292969
27,138,66.5222167969
27,141,69.6899414062
27,144,73.095703125
27,147,76.6479492188
27,150,80.3466796875
27,153,84.2102050781
27,156,88.2751464844
27,159,92.3950195312
27,162,96.4050292969
27,165,100.103759766
27,168,103.289794922
27,171,106.0546875
27,174,108.215332031
27,177,110.028076172
27,180,111.383056641
27,183,112.20703125
27,186,112.554931641
27,189,112.445068359
27,192,111.859130859
27,195,110.980224609
27,198,109.753417969
27,201,108.270263672
27,204,106.658935547
27,207,105.010986328
27,210,103.344726562
27,213,101.715087891
27,216,100.140380859
27,219,98.8220214844
27,222,97.7966308594
27,225,97.0825195312
27,228,96.6430664062
27,231,96.4965820312
27,234,96.6064453125
27,237,96.9909667969
27,240,97.6501464844
27,243,98.6022949219
27,246,99.8474121094
27,249,101.403808594
27,252,103.289794922
27,255,105.560302734
27,258,108.251953125
27,261,111.383056641
27,264,115.045166016
27,267,119.293212891
27,270,122.277832031
27,273,122.259521484
27,276,122.570800781
27,279,123.156738281
27,282,124.072265625
27,285,125.262451172
27,288,126.727294922
27,291,128.448486328
27,294,130.389404297
27,297,132.348632812
27,300,134.033203125
27,303,134.747314453
27,306,132.897949219
27,309,127.093505859
27,312,118.505859375
27,315,109.808349609
27,318,102.099609375
27,321,95.5810546875
27,324,90.087890625
27,327,85.4919433594
27,330,81.6284179688
27,333,78.3508300781
27,336,75.6042480469
27,339,73.2788085938
27,342,71.337890625
27,345,69.7082519531
27,348,68.3715820312
27,351,67.3095703125
27,354,66.4672851562
27,357,65.8630371094
27,360,65.478515625
28,0,66.5588378906
28,3,66.3757324219
28,6,66.3940429688
28,9,66.6137695312
28,12,67.0532226562
28,15,67.6940917969
28,18,68.5729980469
28,21,69.6899414062
28,24,71.0632324219
28,27,72.7111816406
28,30,74.6704101562
28,33,76.9775390625
28,36,79.6325683594
28,39,76.6479492188
28,42,72.0153808594
28,45,68.0969238281
28,48,64.74609375
28,51,61.8713378906
28,54,59.3994140625
28,57,57.275390625
28,60,55.4260253906
28,63,53.8513183594
28,66,52.4963378906
28,69,51.3610839844
28,72,50.390625
28,75,49.6032714844
28,78,48.9624023438
28,81,48.486328125
28,84,48.1384277344
28,87,47.9187011719
28,90,47.8454589844
28,93,47.900390625
28,96,48.0834960938
28,99,48.3947753906
28,102,48.8708496094
28,105,49.4750976562
28,108,50.2258300781
28,111,51.1413574219
28,114,52.2216796875
28,117,53.466796875
28,120,54.931640625
28,123,56.5979003906
28,126,58.5021972656
28,129,60.6628417969
28,132,63.0981445312
28,135,65.7897949219
28,138,68.7561035156
28,141,71.9604492188
28,144,75.3845214844
28,147,78.9184570312
28,150,82.5805664062
28,153,86.3891601562
28,156,90.3991699219
28,159,94.5190429688
28,162,98.73046875
28,165,102.648925781
28,168,106.018066406
28,171,108.984375
28,174,111.309814453
28,177,113.195800781
28,180,114.569091797
28,183,115.374755859
28,186,115.612792969
28,189,115.319824219
28,192,114.55078125
28,195,113.433837891
28,198,111.932373047
28,201,110.229492188
28,204,108.416748047
28,207,106.549072266
28,210,104.699707031
28,213,102.868652344
28,216,101.257324219
28,219,99.9572753906
28,222,98.9685058594
28,225,98.2727050781
28,228,97.8515625
28,231,97.7233886719
28,234,97.8515625
28,237,98.2543945312
28,240,98.9501953125
28,243,99.9206542969
28,246,101.184082031
28,249,102.777099609
28,252,104.718017578
28,255,107.025146484
28,258,109.753417969
28,261,112.939453125
28,264,116.674804688
28,267,120.886230469
28,270,120.666503906
28,273,120.703125
28,276,120.99609375
28,279,121.600341797
28,282,122.497558594
28,285,123.687744141
28,288,125.170898438
28,291,126.910400391
28,294,128.851318359
28,297,130.883789062
28,300,132.733154297
28,303,133.703613281
28,306,132.531738281
28,309,127.606201172
28,312,119.586181641
28,315,111.145019531
28,318,103.527832031
28,321,96.9909667969
28,324,91.4794921875
28,327,86.8469238281
28,330,82.9284667969
28,333,79.6325683594
28,336,76.8310546875
28,339,74.4873046875
28,342,72.509765625
28,345,70.8618164062
28,348,69.5068359375
28,351,68.408203125
28,354,67.5659179688
28,357,66.9616699219
28,360,66.5588378906
29,0,67.6574707031
29,3,67.4560546875
29,6,67.4743652344
29,9,67.7124023438
29,12,68.1518554688
29,15,68.8110351562
29,18,69.6899414062
29,21,70.8251953125
29,24,72.216796875
29,27,73.9013671875
29,30,75.8972167969
29,33,78.2409667969
29,36,80.9509277344
29,39,79.39453125
29,42,74.5971679688
29,45,70.5322265625
29,48,67.0532226562
29,51,64.0686035156
29,54,61.5051269531
29,57,59.3078613281
29,60,57.4035644531
29,63,55.7739257812
29,66,54.3640136719
29,69,53.173828125
29,72,52.1850585938
29,75,51.3610839844
29,78,50.7019042969
29,81,50.2075195312
29,84,49.8413085938
29,87,49.6215820312
29,90,49.5300292969
29,93,49.5849609375
29,96,49.7863769531
29,99,50.1159667969
29,102,50.5920410156
29,105,51.2145996094
29,108,52.001953125
29,111,52.9357910156
29,114,54.052734375
29,117,55.3527832031
29,120,56.8542480469
29,123,58.5754394531
29,126,60.5163574219
29,129,62.7319335938
29,132,65.2221679688
29,135,67.96875
29,138,70.9899902344
29,141,74.2126464844
29,144,77.6184082031
29,147,81.15234375
29,150,84.7778320312
29,153,88.5314941406
29,156,92.4682617188
29,159,96.5698242188
29,162,100.982666016
29,165,105.139160156
29,168,108.709716797
29,171,111.840820312
29,174,114.349365234
29,177,116.326904297
29,180,117.700195312
29,183,118.469238281
29,186,118.597412109
29,189,118.103027344
29,192,117.150878906
29,195,115.759277344
29,198,114.038085938
29,201,112.115478516
29,204,110.083007812
29,207,107.995605469
29,210,105.944824219
29,213,104.022216797
29,216,102.410888672
29,219,101.129150391
29,222,100.158691406
29,225,99.4812011719
29,228,99.0966796875
29,231,98.9685058594
29,234,99.1333007812
29,237,99.5544433594
29,240,100.250244141
29,243,101.257324219
29,246,102.557373047
29,249,104.168701172
29,252,106.146240234
29,255,108.489990234
29,258,111.273193359
29,261,114.532470703
29,264,118.304443359
29,267,119.274902344
29,270,119.055175781
29,273,119.128417969
29,276,119.439697266
29,279,120.043945312
29,282,120.941162109
29,285,122.131347656
29,288,123.614501953
29,291,125.354003906
29,294,127.313232422
29,297,129.400634766
29,300,131.359863281
29,303,132.641601562
29,306,132.073974609
29,309,128.009033203
29,312,120.648193359
29,315,112.463378906
29,318,104.956054688
29,321,98.4191894531
29,324,92.8894042969
29,327,88.2019042969
29,330,84.2468261719
29,333,80.9143066406
29,336,78.076171875
29,339,75.6958007812
29,342,73.681640625
29,345,72.0153808594
29,348,70.6420898438
29,351,69.5434570312
29,354,68.6828613281
29,357,68.0603027344
29,360,67.6574707031
30,0,68.7561035156
30,3,68.5729980469
30,6,68.5913085938
30,9,68.8110351562
30,12,69.2687988281
30,15,69.9279785156
30,18,70.8251953125
30,21,71.9787597656
30,24,73.388671875
30,27,75.1098632812
30,30,77.1423339844
30,33,79.5227050781
30,36,82.2875976562
30,39,82.1228027344
30,42,77.1789550781
30,45,72.9675292969
30,48,69.3603515625
30,51,66.2841796875
30,54,63.6291503906
30,57,61.3403320312
30,60,59.3811035156
30,63,57.6782226562
30,66,56.2316894531
30,69,55.0048828125
30,72,53.9794921875
30,75,53.1188964844
30,78,52.44140625
30,81,51.9104003906
30,84,51.5441894531
30,87,51.3244628906
30,90,51.2329101562
30,93,51.2878417969
30,96,51.4892578125
30,99,51.8188476562
30,102,52.3132324219
30,105,52.9541015625
30,108,53.759765625
30,111,54.7302246094
30,114,55.8837890625
30,117,57.2204589844
30,120,58.7585449219
30,123,60.5346679688
30,126,62.548828125
30,129,64.8193359375
30,132,67.3461914062
30,135,70.1477050781
30,138,73.1872558594
30,141,76.4465332031
30,144,79.833984375
30,147,83.349609375
30,150,86.9384765625
30,153,90.6372070312
30,156,94.5007324219
30,159,98.6022949219
30,162,103.161621094
30,165,107.537841797
30,168,111.309814453
30,171,114.642333984
30,174,117.333984375
30,177,119.403076172
30,180,120.776367188
30,183,121.490478516
30,186,121.508789062
30,189,120.812988281
30,192,119.622802734
30,195,118.011474609
30,198,116.052246094
30,201,113.873291016
30,204,111.602783203
30,207,109.313964844
30,210,107.098388672
30,213,105.17578125
30,216,103.601074219
30,219,102.337646484
30,222,101.385498047
30,225,100.726318359
30,228,100.341796875
30,231,100.231933594
30,234,100.415039062
30,237,100.854492188
30,240,101.586914062
30,243,102.593994141
30,246,103.930664062
30,249,105.578613281
30,252,107.574462891
30,255,109.973144531
30,258,112.811279297
30,261,116.107177734
30,264,118.212890625
30,267,117.681884766
30,270,117.443847656
30,273,117.517089844
30,276,117.864990234
30,279,118.469238281
30,282,119.366455078
30,285,120.556640625
30,288,122.021484375
30,291,123.779296875
30,294,125.756835938
30,297,127.917480469
30,300,129.986572266
30,303,131.54296875
30,306,131.488037109
30,309,128.302001953
30,312,121.673583984
30,315,113.800048828
30,318,106.365966797
30,321,99.8657226562
30,324,94.2993164062
30,327,89.5935058594
30,330,85.6018066406
30,333,82.2143554688
30,336,79.3579101562
30,339,76.9226074219
30,342,74.8901367188
30,345,73.1872558594
30,348,71.7956542969
30,351,70.6787109375
30,354,69.7998046875
30,357,69.1772460938
30,360,68.7561035156
31,0,69.8913574219
31,3,69.6899414062
31,6,69.7082519531
31,9,69.9462890625
31,12,70.4040527344
31,15,71.0815429688
31,18,71.9970703125
31,21,73.1506347656
31,24,74.5971679688
31,27,76.318359375
31,30,78.3874511719
31,33,80.8044433594
31,36,83.6242675781
31,39,84.8693847656
31,42,79.7424316406
31,45,75.3845214844
31,48,71.6674804688
31,51,68.4814453125
31,54,65.7348632812
31,57,63.3728027344
31,60,61.3403320312
31,63,59.6008300781
31,66,58.0993652344
31,69,56.8176269531
31,72,55.7556152344
31,75,54.8767089844
31,78,54.1809082031
31,81,53.6315917969
31,84,53.2470703125
31,87,53.0090332031
31,90,52.9174804688
31,93,52.9724121094
31,96,53.173828125
31,99,53.5400390625
31,102,54.0344238281
31,105,54.7119140625
31,108,55.5358886719
31,111,56.54296875
31,114,57.71484375
31,117,59.0881347656
31,120,60.6811523438
31,123,62.4938964844
31,126,64.5446777344
31,129,66.8701171875
31,132,69.4519042969
31,135,72.2900390625
31,138,75.3662109375
31,141,78.6254882812
31,144,82.0129394531
31,147,85.5102539062
31,150,89.0625
31,153,92.6879882812
31,156,96.4782714844
31,159,100.653076172
31,162,105.285644531
31,165,109.844970703
31,168,113.854980469
31,171,117.388916016
31,174,120.263671875
31,177,122.406005859
31,180,123.797607422
31,183,124.420166016
31,186,124.310302734
31,189,123.449707031
31,192,122.039794922
31,195,120.153808594
31,198,117.919921875
31,201,115.521240234
31,204,113.031005859
31,207,110.559082031
31,210,108.306884766
31,213,106.384277344
31,216,104.827880859
31,219,103.582763672
31,222,102.630615234
31,225,101.989746094
31,228,101.623535156
31,231,101.531982422
31,234,101.715087891
31,237,102.172851562
31,240,102.923583984
31,243,103.948974609
31,246,105.303955078
31,249,106.988525391
31,252,109.039306641
31,255,111.474609375
31,258,114.349365234
31,261,117.462158203
31,264,116.6015625
31,267,116.070556641
31,270,115.850830078
31,273,115.924072266
31,276,116.271972656
31,279,116.89453125
31,282,117.791748047
31,285,118.981933594
31,288,120.465087891
31,291,122.204589844
31,294,124.21875
31,297,126.397705078
31,300,128.576660156
31,303,130.352783203
31,306,130.810546875
31,309,128.448486328
31,312,122.607421875
31,315,115.081787109
31,318,107.775878906
31,321,101.312255859
31,324,95.7275390625
31,327,90.9851074219
31,330,86.9567871094
31,333,83.5327148438
31,336,80.6213378906
31,339,78.1677246094
31,342,76.1169433594
31,345,74.3957519531
31,348,72.9675292969
31,351,71.8322753906
31,354,70.9533691406
31,357,70.3125
31,360,69.8913574219
32,0,71.0266113281
32,3,70.8251953125
32,6,70.8435058594
32,9,71.0815429688
32,12,71.5393066406
32,15,72.2351074219
32,18,73.1689453125
32,21,74.3408203125
32,24,75.8056640625
32,27,77.5634765625
32,30,79.6508789062
32,33,82.1228027344
32,36,84.9975585938
32,39,87.6159667969
32,42,82.32421875
32,45,77.8198242188
32,48,73.9929199219
32,51,70.6970214844
32,54,67.8588867188
32,57,65.4235839844
32,60,63.3178710938
32,63,61.5051269531
32,66,59.9670410156
32,69,58.6486816406
32,72,57.5500488281
32,75,56.6345214844
32,78,55.9020996094
32,81,55.3527832031
32,84,54.9499511719
32,87,54.7119140625
32,90,54.6203613281
32,93,54.6752929688
32,96,54.8767089844
32,99,55.2429199219
32,102,55.7739257812
32,105,56.4514160156
32,108,57.2937011719
32,111,58.3374023438
32,114,59.5458984375
32,117,60.9558105469
32,120,62.5854492188
32,123,64.453125
32,126,66.5588378906
32,129,68.9208984375
32,132,71.5393066406
32,135,74.4323730469
32,138,77.5268554688
32,141,80.7861328125
32,144,84.1735839844
32,147,87.6342773438
32,150,91.1315917969
32,153,94.7204589844
32,156,98.4558105469
32,159,102.685546875
32,162,107.336425781
32,165,112.097167969
32,168,116.345214844
32,171,120.043945312
32,174,123.101806641
32,177,125.372314453
32,180,126.763916016
32,183,127.313232422
32,186,127.038574219
32,189,125.958251953
32,192,124.328613281
32,195,122.16796875
32,198,119.714355469
32,201,117.077636719
32,204,114.367675781
32,207,111.785888672
32,210,109.533691406
32,213,107.629394531
32,216,106.072998047
32,219,104.846191406
32,222,103.912353516
32,225,103.271484375
32,228,102.923583984
32,231,102.83203125
32,234,103.033447266
32,237,103.509521484
32,240,104.260253906
32,243,105.322265625
32,246,106.695556641
32,249,108.416748047
32,252,110.504150391
32,255,112.976074219
32,258,115.905761719
32,261,115.850830078
32,264,115.008544922
32,267,114.477539062
32,270,114.2578125
32,273,114.312744141
32,276,114.678955078
32,279,115.301513672
32,282,116.217041016
32,285,117.407226562
32,288,118.872070312
32,291,120.629882812
32,294,122.644042969
32,297,124.859619141
32,300,127.130126953
32,303,129.125976562
32,306,130.023193359
32,309,128.448486328
32,312,123.431396484
32,315,116.326904297
32,318,109.185791016
32,321,102.740478516
32,324,97.1740722656
32,327,92.3950195312
32,330,88.3117675781
32,333,84.8510742188
32,336,81.9213867188
32,339,79.4311523438
32,342,77.34375
32,345,75.6042480469
32,348,74.1577148438
32,351,73.0041503906
32,354,72.1069335938
32,357,71.4477539062
32,360,71.0266113281
33,0,72.1801757812
33,3,71.9787597656
33,6,71.9970703125
33,9,72.2351074219
33,12,72.7111816406
33,15,73.4069824219
33,18,74.3408203125
33,21,75.5493164062
33,24,77.0324707031
33,27,78.80859375
33,30,80.9509277344
33,33,83.4594726562
33,36,86.3708496094
33,39,89.7583007812
33,42,84.9060058594
33,45,80.2551269531
33,48,76.3000488281
33,51,72.8942871094
33,54,69.9645996094
33,57,67.4560546875
33,60,65.2770996094
33,63,63.4094238281
33,66,61.81640625
33,69,60.4614257812
33,72,59.326171875
33,75,58.3923339844
33,78,57.6416015625
33,81,57.0556640625
33,84,56.6528320312
33,87,56.396484375
33,90,56.3049316406
33,93,56.3598632812
33,96,56.5795898438
33,99,56.9458007812
33,102,57.4768066406
33,105,58.1909179688
33,108,59.0698242188
33,111,60.1318359375
33,114,61.376953125
33,117,62.8234863281
33,120,64.4897460938
33,123,66.3940429688
33,126,68.5546875
33,129,70.9533691406
33,132,73.6267089844
33,135,76.5380859375
33,138,79.6691894531
33,141,82.9284667969
33,144,86.2976074219
33,147,89.7216796875
33,150,93.1640625
33,153,96.6979980469
33,156,100.433349609
33,159,104.699707031
33,162,109.405517578
33,165,114.276123047
33,168,118.743896484
33,171,122.662353516
33,174,125.866699219
33,177,128.247070312
33,180,129.656982422
33,183,130.133056641
33,186,129.711914062
33,189,128.393554688
33,192,126.525878906
33,195,124.108886719
33,198,121.398925781
33,201,118.524169922
33,204,115.631103516
33,207,113.031005859
33,210,110.797119141
33,213,108.911132812
33,216,107.354736328
33,219,106.127929688
33,222,105.212402344
33,225,104.571533203
33,228,104.223632812
33,231,104.150390625
33,234,104.351806641
33,237,104.846191406
33,240,105.615234375
33,243,106.713867188
33,246,108.10546875
33,249,109.844970703
33,252,111.968994141
33,255,114.495849609
33,258,115.411376953
33,261,114.2578125
33,264,113.415527344
33,267,112.884521484
33,270,112.664794922
33,273,112.719726562
33,276,113.067626953
33,279,113.708496094
33,282,114.624023438
33,285,115.814208984
33,288,117.297363281
33,291,119.055175781
33,294,121.069335938
33,297,123.321533203
33,300,125.665283203
33,303,127.844238281
33,306,129.144287109
33,309,128.302001953
33,312,124.127197266
33,315,117.553710938
33,318,110.577392578
33,321,104.187011719
33,324,98.6022949219
33,327,93.8049316406
33,330,89.7033691406
33,333,86.2060546875
33,336,83.2214355469
33,339,80.712890625
33,342,78.5888671875
33,345,76.8127441406
33,348,75.3662109375
33,351,74.1943359375
33,354,73.2788085938
33,357,72.6196289062
33,360,72.1801757812
34,0,73.3520507812
34,3,73.1323242188
34,6,73.1506347656
34,9,73.4069824219
34,12,73.8830566406
34,15,74.5788574219
34,18,75.5493164062
34,21,76.7578125
34,24,78.2592773438
34,27,80.0720214844
34,30,82.2509765625
34,33,84.7961425781
34,36,87.7624511719
34,39,91.2048339844
34,42,87.4694824219
34,45,82.6904296875
34,48,78.6071777344
34,51,75.0915527344
34,54,72.0886230469
34,57,69.4885253906
34,60,67.2546386719
34,63,65.33203125
34,66,63.6840820312
34,69,62.2741699219
34,72,61.1022949219
34,75,60.1501464844
34,78,59.3627929688
34,81,58.7768554688
34,84,58.3374023438
34,87,58.0810546875
34,90,57.9895019531
34,93,58.0444335938
34,96,58.2641601562
34,99,58.6486816406
34,102,59.1979980469
34,105,59.9304199219
34,108,60.8276367188
34,111,61.9079589844
34,114,63.1896972656
34,117,64.6728515625
34,120,66.3940429688
34,123,68.3349609375
34,126,70.5322265625
34,129,72.9858398438
34,132,75.6958007812
34,135,78.6437988281
34,138,81.7932128906
34,141,85.0341796875
34,144,88.3850097656
34,147,91.7724609375
34,150,95.1782226562
34,153,98.6389160156
34,156,102.429199219
34,159,106.713867188
34,162,111.474609375
34,165,116.400146484
34,168,121.069335938
34,171,125.189208984
34,174,128.576660156
34,177,131.066894531
34,180,132.458496094
34,183,132.861328125
34,186,132.275390625
34,189,130.773925781
34,192,128.594970703
34,195,125.939941406
34,198,122.973632812
34,201,119.879150391
34,204,116.931152344
34,207,114.331054688
34,210,112.097167969
34,213,110.211181641
34,216,108.673095703
34,219,107.446289062
34,222,106.512451172
34,225,105.889892578
34,228,105.541992188
34,231,105.46875
34,234,105.688476562
34,237,106.201171875
34,240,106.988525391
34,243,108.087158203
34,246,109.515380859
34,249,111.309814453
34,252,113.452148438
34,255,115.301513672
34,258,113.818359375
34,261,112.664794922
34,264,111.822509766
34,267,111.291503906
34,270,111.071777344
34,273,111.126708984
34,276,111.474609375
34,279,112.115478516
34,282,113.031005859
34,285,114.221191406
34,288,115.686035156
34,291,117.462158203
34,294,119.494628906
34,297,121.765136719
34,300,124.182128906
34,303,126.507568359
34,306,128.173828125
34,309,128.009033203
34,312,124.694824219
34,315,118.707275391
34,318,111.950683594
34,321,105.615234375
34,324,100.048828125
34,327,95.21484375
34,330,91.0766601562
34,333,87.5610351562
34,336,84.5397949219
34,339,81.9946289062
34,342,79.8522949219
34,345,78.0578613281
34,348,76.5747070312
34,351,75.3845214844
34,354,74.4506835938
34,357,73.7915039062
34,360,73.3520507812
35,0,74.5239257812
35,3,74.3225097656
35,6,74.3408203125
35,9,74.5788574219
35,12,75.0549316406
35,15,75.7873535156
35,18,76.7578125
35,21,77.9846191406
35,24,79.5227050781
35,27,81.3537597656
35,30,83.5510253906
35,33,86.1511230469
35,36,89.1723632812
35,39,92.6696777344
35,42,90.0512695312
35,45,85.1257324219
35,48,80.9143066406
35,51,77.3071289062
35,54,74.1943359375
35,57,71.5209960938
35,60,69.2138671875
35,63,67.236328125
35,66,65.5334472656
35,69,64.1052246094
35,72,62.8967285156
35,75,61.8896484375
35,78,61.1022949219
35,81,60.4797363281
35,84,60.0402832031
35,87,59.765625
35,90,59.6740722656
35,93,59.7290039062
35,96,59.9670410156
35,99,60.3515625
35,102,60.9191894531
35,105,61.669921875
35,108,62.5854492188
35,111,63.7023925781
35,114,65.0207519531
35,117,66.5405273438
35,120,68.2800292969
35,123,70.2758789062
35,126,72.509765625
35,129,75
35,132,77.7648925781
35,135,80.712890625
35,138,83.8806152344
35,141,87.1398925781
35,144,90.4357910156
35,147,93.7866210938
35,150,97.1374511719
35,153,100.561523438
35,156,104.406738281
35,159,108.746337891
35,162,113.562011719
35,165,118.469238281
35,168,123.33984375
35,171,127.661132812
35,174,131.213378906
35,177,133.813476562
35,180,135.205078125
35,183,135.516357422
35,186,134.747314453
35,189,133.044433594
35,192,130.590820312
35,195,127.697753906
35,198,124.456787109
35,201,121.197509766
35,204,118.249511719
35,207,115.649414062
35,210,113.415527344
35,213,111.529541016
35,216,109.991455078
35,219,108.764648438
35,222,107.849121094
35,225,107.2265625
35,228,106.878662109
35,231,106.823730469
35,234,107.043457031
35,237,107.556152344
35,240,108.361816406
35,243,109.497070312
35,246,110.943603516
35,249,112.756347656
35,252,114.935302734
35,255,113.671875
35,258,112.20703125
35,261,111.071777344
35,264,110.247802734
35,267,109.716796875
35,270,109.497070312
35,273,109.552001953
35,276,109.899902344
35,279,110.504150391
35,282,111.419677734
35,285,112.609863281
35,288,114.093017578
35,291,115.850830078
35,294,117.901611328
35,297,120.190429688
35,300,122.662353516
35,303,125.134277344
35,306,127.093505859
35,309,127.569580078
35,312,125.115966797
35,315,119.769287109
35,318,113.287353516
35,321,107.061767578
35,324,101.495361328
35,327,96.6430664062
35,330,92.4865722656
35,333,88.916015625
35,336,85.8764648438
35,339,83.2946777344
35,342,81.1157226562
35,345,79.3029785156
35,348,77.8015136719
35,351,76.5930175781
35,354,75.6591796875
35,357,74.9633789062
35,360,74.5239257812
36,0,75.7141113281
36,3,75.4943847656
36,6,75.5126953125
36,9,75.7690429688
36,12,76.2451171875
36,15,76.9775390625
36,18,77.9663085938
36,21,79.2297363281
36,24,80.7861328125
36,27,82.6538085938
36,30,84.8693847656
36,33,87.5061035156
36,36,90.5822753906
36,39,94.1528320312
36,42,92.6330566406
36,45,87.5610351562
36,48,83.2214355469
36,51,79.5043945312
36,54,76.3000488281
36,57,73.5534667969
36,60,71.1730957031
36,63,69.140625
36,66,67.4011230469
36,69,65.91796875
36,72,64.6728515625
36,75,63.6474609375
36,78,62.8234863281
36,81,62.1826171875
36,84,61.7431640625
36,87,61.4685058594
36,90,61.3586425781
36,93,61.4135742188
36,96,61.6516113281
36,99,62.0544433594
36,102,62.6403808594
36,105,63.4094238281
36,108,64.3432617188
36,111,65.4968261719
36,114,66.8334960938
36,117,68.3898925781
36,120,70.166015625
36,123,72.1984863281
36,126,74.4873046875
36,129,77.0141601562
36,132,79.7973632812
36,135,82.7819824219
36,138,85.9497070312
36,141,89.208984375
36,144,92.4682617188
36,147,95.7824707031
36,150,99.0783691406
36,153,102.484130859
36,156,106.402587891
36,159,110.778808594
36,162,115.631103516
36,165,120.556640625
36,168,125.537109375
36,171,130.078125
36,174,133.795166016
36,177,136.486816406
36,180,137.896728516
36,183,138.116455078
36,186,137.145996094
36,189,135.205078125
36,192,132.513427734
36,195,129.309082031
36,198,125.848388672
36,201,122.570800781
36,204,119.604492188
36,207,117.004394531
36,210,114.770507812
36,213,112.884521484
36,216,111.346435547
36,219,110.119628906
36,222,109.185791016
36,225,108.563232422
36,228,108.215332031
36,231,108.160400391
36,234,108.3984375
36,237,108.929443359
36,240,109.753417969
36,243,110.906982422
36,246,112.390136719
36,249,114.221191406
36,252,113.854980469
36,255,112.060546875
36,258,110.614013672
36,261,109.478759766
36,264,108.673095703
36,267,108.142089844
36,270,107.922363281
36,273,107.977294922
36,276,108.306884766
36,279,108.911132812
36,282,109.826660156
36,285,110.998535156
36,288,112.481689453
36,291,114.239501953
36,294,116.290283203
36,297,118.597412109
36,300,121.124267578
36,303,123.687744141
36,306,125.939941406
36,309,126.965332031
36,312,125.372314453
36,315,120.739746094
36,318,114.605712891
36,321,108.471679688
36,324,102.923583984
36,327,98.0712890625
36,330,93.8781738281
36,333,90.2893066406
36,336,87.2131347656
36,339,84.5947265625
36,342,82.3974609375
36,345,80.5480957031
36,348,79.0283203125
36,351,77.8015136719
36,354,76.8493652344
36,357,76.1535644531
36,360,75.7141113281
37,0,76.904296875
37,3,76.6845703125
37,6,76.7028808594
37,9,76.9592285156
37,12,77.4536132812
37,15,78.2043457031
37,18,79.1931152344
37,21,80.4748535156
37,24,82.0495605469
37,27,83.9538574219
37,30,86.2060546875
37,33,88.8793945312
37,36,92.0104980469
37,39,95.6359863281
37,42,95.21484375
37,45,89.9963378906
37,48,85.5285644531
37,51,81.7016601562
37,54,78.4240722656
37,57,75.5859375
37,60,73.1506347656
37,63,71.044921875
37,66,69.2504882812
37,69,67.7307128906
37,72,66.4489746094
37,75,65.4052734375
37,78,64.5446777344
37,81,63.9038085938
37,84,63.427734375
37,87,63.1530761719
37,90,63.0432128906
37,93,63.0981445312
37,96,63.3361816406
37,99,63.7573242188
37,102,64.3432617188
37,105,65.1306152344
37,108,66.1010742188
37,111,67.2729492188
37,114,68.6462402344
37,117,70.2392578125
37,120,72.0520019531
37,123,74.12109375
37,126,76.4465332031
37,129,79.0283203125
37,132,81.8298339844
37,135,84.8510742188
37,138,87.9821777344
37,141,91.2414550781
37,144,94.4641113281
37,147,97.7416992188
37,150,100.982666016
37,153,104.406738281
37,156,108.3984375
37,159,112.811279297
37,162,117.681884766
37,165,122.644042969
37,168,127.679443359
37,171,132.421875
37,174,136.303710938
37,177,139.105224609
37,180,140.515136719
37,183,140.643310547
37,186,139.471435547
37,189,137.255859375
37,192,134.326171875
37,195,130.847167969
37,198,127.258300781
37,201,123.962402344
37,204,120.977783203
37,207,118.377685547
37,210,116.125488281
37,213,114.239501953
37,216,112.701416016
37,219,111.474609375
37,222,110.540771484
37,225,109.918212891
37,228,109.5703125
37,231,109.533691406
37,234,109.771728516
37,237,110.302734375
37,240,111.145019531
37,243,112.316894531
37,246,113.818359375
37,249,114.385986328
37,252,112.225341797
37,255,110.44921875
37,258,109.002685547
37,261,107.904052734
37,264,107.098388672
37,267,106.567382812
37,270,106.34765625
37,273,106.402587891
37,276,106.732177734
37,279,107.336425781
37,282,108.215332031
37,285,109.387207031
37,288,110.870361328
37,291,112.628173828
37,294,114.660644531
37,297,117.004394531
37,300,119.549560547
37,303,122.222900391
37,306,124.694824219
37,309,126.214599609
37,312,125.445556641
37,315,121.600341797
37,318,115.869140625
37,321,109.86328125
37,324,104.370117188
37,327,99.4995117188
37,330,95.2880859375
37,333,91.6625976562
37,336,88.5498046875
37,339,85.9130859375
37,342,83.6791992188
37,345,81.8115234375
37,348,80.2734375
37,351,79.0283203125
37,354,78.076171875
37,357,77.3620605469
37,360,76.904296875
38,0,78.0029296875
38,3,77.783203125
38,6,77.8015136719
38,9,78.0578613281
38,12,78.5522460938
38,15,79.3029785156
38,18,80.3283691406
38,21,81.6101074219
38,24,83.203125
38,27,85.1440429688
38,30,87.4328613281
38,33,90.1428222656
38,36,93.310546875
38,39,96.9909667969
38,42,97.7966308594
38,45,92.4133300781
38,48,87.8356933594
38,51,83.9172363281
38,54,80.5297851562
38,57,77.6184082031
38,60,75.1098632812
38,63,72.94921875
38,66,71.1181640625
38,69,69.5434570312
38,72,68.2250976562
38,75,67.1447753906
38,78,66.2841796875
38,81,65.6066894531
38,84,65.1306152344
38,87,64.8376464844
38,90,64.7094726562
38,93,64.7827148438
38,96,65.0207519531
38,99,65.4418945312
38,102,66.064453125
38,105,66.8701171875
38,108,67.8588867188
38,111,69.0490722656
38,114,70.458984375
38,117,72.0703125
38,120,73.9379882812
38,123,76.0437011719
38,126,78.4057617188
38,129,81.005859375
38,132,83.8256835938
38,135,86.865234375
38,138,90.0146484375
38,141,93.2189941406
38,144,96.4233398438
38,147,99.6276855469
38,150,102.813720703
38,153,106.274414062
38,156,110.339355469
38,159,114.770507812
38,162,119.604492188
38,165,124.603271484
38,168,129.583740234
38,171,134.436035156
38,174,138.446044922
38,177,141.320800781
38,180,142.67578125
38,183,142.712402344
38,186,141.320800781
38,189,138.848876953
38,192,135.626220703
38,195,131.964111328
38,198,128.393554688
38,201,125.079345703
38,204,122.131347656
38,207,119.53125
38,210,117.315673828
38,213,115.447998047
38,216,113.891601562
38,219,112.664794922
38,222,111.749267578
38,225,111.126708984
38,228,110.797119141
38,231,110.760498047
38,234,111.016845703
38,237,111.566162109
38,240,112.445068359
38,243,113.635253906
38,246,115.155029297
38,249,112.701416016
38,252,110.577392578
38,255,108.819580078
38,258,107.409667969
38,261,106.311035156
38,264,105.505371094
38,267,104.992675781
38,270,104.772949219
38,273,104.827880859
38,276,105.139160156
38,279,105.743408203
38,282,106.622314453
38,285,107.775878906
38,288,109.222412109
38,291,110.980224609
38,294,113.031005859
38,297,115.356445312
38,300,117.938232422
38,303,120.684814453
38,306,123.33984375
38,309,125.262451172
38,312,125.244140625
38,315,122.186279297
38,318,116.949462891
38,321,111.108398438
38,324,105.651855469
38,327,100.799560547
38,330,96.5698242188
38,333,92.9260253906
38,336,89.7766113281
38,339,87.1215820312
38,342,84.8510742188
38,345,82.9650878906
38,348,81.4086914062
38,351,80.1452636719
38,354,79.1748046875
38,357,78.4606933594
38,360,78.0029296875
39,0,78.5339355469
39,3,78.3142089844
39,6,78.3325195312
39,9,78.5888671875
39,12,79.0832519531
39,15,79.833984375
39,18,80.859375
39,21,82.1594238281
39,24,83.7524414062
39,27,85.693359375
39,30,88.0004882812
39,33,90.7104492188
39,36,93.9147949219
39,39,97.6135253906
39,42,100.360107422
39,45,94.8486328125
39,48,90.1428222656
39,51,86.1145019531
39,54,82.6354980469
39,57,79.6508789062
39,60,77.0690917969
39,63,74.853515625
39,66,72.9675292969
39,69,71.3562011719
39,72,70.0012207031
39,75,68.9025878906
39,78,68.0053710938
39,81,67.3095703125
39,84,66.8151855469
39,87,66.5222167969
39,90,66.3940429688
39,93,66.4672851562
39,96,66.7053222656
39,99,67.1447753906
39,102,67.7673339844
39,105,68.5913085938
39,108,69.5983886719
39,111,70.8068847656
39,114,72.2534179688
39,117,73.9013671875
39,120,75.7873535156
39,123,77.9296875
39,126,80.3100585938
39,129,82.9467773438
39,132,85.7849121094
39,135,88.8061523438
39,138,91.9189453125
39,141,95.068359375
39,144,98.2177734375
39,147,101.330566406
39,150,104.461669922
39,153,107.922363281
39,156,111.968994141
39,159,116.326904297
39,162,120.941162109
39,165,125.701904297
39,168,130.444335938
39,171,134.967041016
39,174,138.8671875
39,177,141.595458984
39,180,142.67578125
39,183,142.437744141
39,186,140.808105469
39,189,138.153076172
39,192,134.747314453
39,195,131.268310547
39,198,127.880859375
39,201,124.786376953
39,204,121.984863281
39,207,119.53125
39,210,117.425537109
39,213,115.631103516
39,216,114.166259766
39,219,113.012695312
39,222,112.152099609
39,225,111.584472656
39,228,111.309814453
39,231,111.309814453
39,234,111.62109375
39,237,112.225341797
39,240,113.140869141
39,243,114.367675781
39,246,113.37890625
39,249,110.925292969
39,252,108.837890625
39,255,107.116699219
39,258,105.725097656
39,261,104.644775391
39,264,103.857421875
39,267,103.363037109
39,270,103.125
39,273,103.179931641
39,276,103.509521484
39,279,104.095458984
39,282,104.974365234
39,285,106.127929688
39,288,107.556152344
39,291,109.313964844
39,294,111.346435547
39,297,113.671875
39,300,116.253662109
39,303,119.018554688
39,306,121.765136719
39,309,123.944091797
39,312,124.456787109
39,315,122.039794922
39,318,117.205810547
39,321,111.584472656
39,324,106.201171875
39,327,101.3671875
39,330,97.1557617188
39,333,93.5119628906
39,336,90.3625488281
39,339,87.6892089844
39,342,85.4187011719
39,345,83.5327148438
39,348,81.9580078125
39,351,80.6945800781
39,354,79.7058105469
39,357,78.9916992188
39,360,78.5339355469
40,0,79.0832519531
40,3,78.8635253906
40,6,78.8818359375
40,9,79.1381835938
40,12,79.6325683594
40,15,80.4016113281
40,18,81.4086914062
40,21,82.7270507812
40,24,84.3383789062
40,27,86.279296875
40,30,88.5864257812
40,33,91.3330078125
40,36,94.5373535156
40,39,98.2727050781
40,42,102.612304688
40,45,97.2839355469
40,48,92.4499511719
40,51,88.3117675781
40,54,84.7412109375
40,57,81.6833496094
40,60,79.0283203125
40,63,76.7578125
40,66,74.8168945312
40,69,73.1689453125
40,72,71.77734375
40,75,70.6420898438
40,78,69.7265625
40,81,69.0124511719
40,84,68.4997558594
40,87,68.1884765625
40,90,68.0786132812
40,93,68.1335449219
40,96,68.3898925781
40,99,68.8293457031
40,102,69.4702148438
40,105,70.3125
40,108,71.337890625
40,111,72.5830078125
40,114,74.0295410156
40,117,75.7141113281
40,120,77.63671875
40,123,79.8156738281
40,126,82.2143554688
40,129,84.8510742188
40,132,87.7075195312
40,135,90.7104492188
40,138,93.8049316406
40,141,96.8994140625
40,144,99.9938964844
40,147,102.996826172
40,150,106.109619141
40,153,109.5703125
40,156,113.562011719
40,159,117.901611328
40,162,122.314453125
40,165,126.818847656
40,168,131.304931641
40,171,135.498046875
40,174,139.105224609
40,177,141.577148438
40,180,142.456054688
40,183,141.979980469
40,186,140.112304688
40,189,137.292480469
40,192,134.051513672
40,195,130.755615234
40,198,127.569580078
40,201,124.639892578
40,204,121.966552734
40,207,119.622802734
40,210,117.608642578
40,213,115.905761719
40,216,114.514160156
40,219,113.415527344
40,222,112.609863281
40,225,112.097167969
40,228,111.859130859
40,231,111.9140625
40,234,112.243652344
40,237,112.902832031
40,240,113.854980469
40,243,114.385986328
40,246,111.547851562
40,249,109.130859375
40,252,107.098388672
40,255,105.413818359
40,258,104.040527344
40,261,102.978515625
40,264,102.209472656
40,267,101.715087891
40,270,101.495361328
40,273,101.550292969
40,276,101.879882812
40,279,102.447509766
40,282,103.326416016
40,285,104.461669922
40,288,105.889892578
40,291,107.611083984
40,294,109.643554688
40,297,111.950683594
40,300,114.55078125
40,303,117.352294922
40,306,120.190429688
40,309,122.589111328
40,312,123.559570312
40,315,121.820068359
40,318,117.443847656
40,321,112.060546875
40,324,106.768798828
40,327,101.971435547
40,330,97.7783203125
40,333,94.1162109375
40,336,90.9851074219
40,339,88.2934570312
40,342,86.0229492188
40,345,84.1186523438
40,348,82.5439453125
40,351,81.2622070312
40,354,80.2734375
40,357,79.5593261719
40,360,79.0832519531
41,0,79.6691894531
41,3,79.4311523438
41,6,79.4494628906
41,9,79.7058105469
41,12,80.2185058594
41,15,80.9692382812
41,18,81.9946289062
41,21,83.3129882812
41,24,84.9243164062
41,27,86.8835449219
41,30,89.208984375
41,33,91.9738769531
41,36,95.1965332031
41,39,98.9685058594
41,42,103.344726562
41,45,99.7192382812
41,48,94.7570800781
41,51,90.5090332031
41,54,86.8469238281
41,57,83.7158203125
41,60,80.9875488281
41,63,78.662109375
41,66,76.6662597656
41,69,74.9816894531
41,72,73.5534667969
41,75,72.3815917969
41,78,71.4477539062
41,81,70.7153320312
41,84,70.2026367188
41,87,69.873046875
41,90,69.7448730469
41,93,69.8181152344
41,96,70.0744628906
41,99,70.5322265625
41,102,71.1730957031
41,105,72.0153808594
41,108,73.0773925781
41,111,74.3408203125
41,114,75.8239746094
41,117,77.5268554688
41,120,79.4860839844
41,123,81.6833496094
41,126,84.1186523438
41,129,86.7736816406
41,132,89.6301269531
41,135,92.5964355469
41,138,95.6726074219
41,141,98.6938476562
41,144,101.715087891
41,147,104.644775391
41,150,107.757568359
41,153,111.254882812
41,156,115.173339844
41,159,119.403076172
41,162,123.742675781
41,165,127.990722656
41,168,132.183837891
41,171,136.029052734
41,174,139.251708984
41,177,141.394042969
41,180,142.08984375
41,183,141.357421875
41,186,139.361572266
41,189,136.633300781
41,192,133.575439453
41,195,130.426025391
41,198,127.423095703
41,201,124.584960938
41,204,122.039794922
41,207,119.805908203
41,210,117.864990234
41,213,116.235351562
41,216,114.898681641
41,219,113.873291016
41,222,113.104248047
41,225,112.628173828
41,228,112.445068359
41,231,112.536621094
41,234,112.921142578
41,237,113.616943359
41,240,114.605712891
41,243,112.518310547
41,246,109.716796875
41,249,107.354736328
41,252,105.340576172
41,255,103.692626953
41,258,102.355957031
41,261,101.312255859
41,264,100.543212891
41,267,100.067138672
41,270,99.8657226562
41,273,99.9206542969
41,276,100.231933594
41,279,100.817871094
41,282,101.66015625
41,285,102.795410156
41,288,104.205322266
41,291,105.926513672
41,294,107.940673828
41,297,110.247802734
41,300,112.829589844
41,303,115.667724609
41,306,118.560791016
41,309,121.197509766
41,312,122.589111328
41,315,121.508789062
41,318,117.681884766
41,321,112.554931641
41,324,107.336425781
41,327,102.593994141
41,330,98.4191894531
41,333,94.7570800781
41,336,91.6259765625
41,339,88.9343261719
41,342,86.6455078125
41,345,84.7229003906
41,348,83.1481933594
41,351,81.8664550781
41,354,80.859375
41,357,80.1452636719
41,360,79.6691894531
42,0,80.2734375
42,3,80.0354003906
42,6,80.0537109375
42,9,80.3100585938
42,12,80.8227539062
42,15,81.5734863281
42,18,82.6171875
42,21,83.935546875
42,24,85.5651855469
42,27,87.5244140625
42,30,89.8681640625
42,33,92.6330566406
42,36,95.8923339844
42,39,99.6826171875
42,42,104.095458984
42,45,102.154541016
42,48,97.0642089844
42,51,92.7062988281
42,54,88.9709472656
42,57,85.7299804688
42,60,82.9650878906
42,63,80.56640625
42,66,78.515625
42,69,76.7944335938
42,72,75.3295898438
42,75,74.12109375
42,78,73.1689453125
42,81,72.4182128906
42,84,71.8872070312
42,87,71.5576171875
42,90,71.4294433594
42,93,71.484375
42,96,71.7590332031
42,99,72.216796875
42,102,72.8759765625
42,105,73.7365722656
42,108,74.7985839844
42,111,76.0986328125
42,114,77.6000976562
42,117,79.3395996094
42,120,81.3171386719
42,123,83.5510253906
42,126,85.986328125
42,129,88.6596679688
42,132,91.5161132812
42,135,94.482421875
42,138,97.5036621094
42,141,100.469970703
42,144,103.436279297
42,147,106.274414062
42,150,109.405517578
42,153,112.921142578
42,156,116.802978516
42,159,120.922851562
42,162,125.134277344
42,165,129.217529297
42,168,133.135986328
42,171,136.669921875
42,174,139.544677734
42,177,141.320800781
42,180,141.741943359
42,183,140.863037109
42,186,138.8671875
42,189,136.212158203
42,192,133.264160156
42,195,130.279541016
42,198,127.368164062
42,201,124.658203125
42,204,122.222900391
42,207,120.062255859
42,210,118.194580078
42,213,116.638183594
42,216,115.356445312
42,219,114.367675781
42,222,113.653564453
42,225,113.214111328
42,228,113.049316406
42,231,113.195800781
42,234,113.616943359
42,237,114.349365234
42,240,113.854980469
42,243,110.650634766
42,246,107.904052734
42,249,105.560302734
42,252,103.601074219
42,255,101.971435547
42,258,100.653076172
42,261,99.6276855469
42,264,98.8952636719
42,267,98.4191894531
42,270,98.2177734375
42,273,98.2727050781
42,276,98.583984375
42,279,99.169921875
42,282,100.012207031
42,285,101.129150391
42,288,102.5390625
42,291,104.241943359
42,294,106.219482422
42,297,108.526611328
42,300,111.126708984
42,303,113.96484375
42,306,116.931152344
42,309,119.714355469
42,312,121.545410156
42,315,121.105957031
42,318,117.846679688
42,321,113.031005859
42,324,107.958984375
42,327,103.253173828
42,330,99.0783691406
42,333,95.4345703125
42,336,92.28515625
42,339,89.5751953125
42,342,87.2863769531
42,345,85.3637695312
42,348,83.7707519531
42,351,82.4890136719
42,354,81.4819335938
42,357,80.7495117188
42,360,80.2734375
43,0,80.8959960938
43,3,80.6579589844
43,6,80.6762695312
43,9,80.9326171875
43,12,81.4453125
43,15,82.2143554688
43,18,83.2580566406
43,21,84.5764160156
43,24,86.2060546875
43,27,88.2019042969
43,30,90.5456542969
43,33,93.3288574219
43,36,96.6064453125
43,39,100.433349609
43,42,104.8828125
43,45,104.58984375
43,48,99.3713378906
43,51,94.9035644531
43,54,91.0766601562
43,57,87.7624511719
43,60,84.9243164062
43,63,82.470703125
43,66,80.3649902344
43,69,78.5888671875
43,72,77.1057128906
43,75,75.8605957031
43,78,74.8718261719
43,81,74.12109375
43,84,73.5717773438
43,87,73.2238769531
43,90,73.095703125
43,93,73.1689453125
43,96,73.4252929688
43,99,73.9013671875
43,102,74.560546875
43,105,75.439453125
43,108,76.5380859375
43,111,77.8381347656
43,114,79.3762207031
43,117,81.15234375
43,120,83.1481933594
43,123,85.400390625
43,126,87.8723144531
43,129,90.5456542969
43,132,93.3837890625
43,135,96.3317871094
43,138,99.2980957031
43,141,102.227783203
43,144,105.102539062
43,147,107.904052734
43,150,111.071777344
43,153,114.587402344
43,156,118.450927734
43,159,122.479248047
43,162,126.525878906
43,165,130.462646484
43,168,134.1796875
43,171,137.420654297
43,174,139.984130859
43,177,141.394042969
43,180,141.558837891
43,183,140.551757812
43,186,138.555908203
43,189,135.992431641
43,192,133.135986328
43,195,130.242919922
43,198,127.44140625
43,201,124.822998047
43,204,122.479248047
43,207,120.391845703
43,210,118.597412109
43,213,117.077636719
43,216,115.850830078
43,219,114.898681641
43,222,114.221191406
43,225,113.818359375
43,228,113.708496094
43,231,113.891601562
43,234,114.349365234
43,237,115.100097656
43,240,111.932373047
43,243,108.782958984
43,246,106.072998047
43,249,103.765869141
43,252,101.843261719
43,255,100.231933594
43,258,98.9501953125
43,261,97.9614257812
43,264,97.2290039062
43,267,96.7712402344
43,270,96.5698242188
43,273,96.6247558594
43,276,96.9543457031
43,279,97.5219726562
43,282,98.3642578125
43,285,99.462890625
43,288,100.854492188
43,291,102.5390625
43,294,104.516601562
43,297,106.805419922
43,300,109.387207031
43,303,112.243652344
43,306,115.264892578
43,309,118.194580078
43,312,120.391845703
43,315,120.593261719
43,318,117.956542969
43,321,113.488769531
43,324,108.563232422
43,327,103.912353516
43,330,99.755859375
43,333,96.1303710938
43,336,92.9626464844
43,339,90.2526855469
43,342,87.9638671875
43,345,86.0229492188
43,348,84.4116210938
43,351,83.1298828125
43,354,82.1228027344
43,357,81.3720703125
43,360,80.8959960938
44,0,81.5368652344
44,3,81.298828125
44,6,81.3171386719
44,9,81.5734863281
44,12,82.0861816406
44,15,82.8735351562
44,18,83.9172363281
44,21,85.2355957031
44,24,86.8835449219
44,27,88.8793945312
44,30,91.259765625
44,33,94.0612792969
44,36,97.3388671875
44,39,101.202392578
44,42,105.688476562
44,45,107.025146484
44,48,101.678466797
44,51,97.1008300781
44,54,93.1823730469
44,57,89.794921875
44,60,86.865234375
44,63,84.375
44,66,82.2143554688
44,69,80.4016113281
44,72,78.8635253906
44,75,77.6000976562
44,78,76.5930175781
44,81,75.8056640625
44,84,75.2563476562
44,87,74.9084472656
44,90,74.7619628906
44,93,74.8352050781
44,96,75.1098632812
44,99,75.5859375
44,102,76.2634277344
44,105,77.1606445312
44,108,78.2592773438
44,111,79.5959472656
44,114,81.15234375
44,117,82.9467773438
44,120,84.9792480469
44,123,87.2314453125
44,126,89.7216796875
44,129,92.4133300781
44,132,95.2331542969
44,135,98.1628417969
44,138,101.092529297
44,141,103.948974609
44,144,106.750488281
44,147,109.552001953
44,150,112.738037109
44,153,116.253662109
44,156,120.1171875
44,159,124.035644531
44,162,127.954101562
44,165,131.707763672
44,168,135.205078125
44,171,138.208007812
44,174,140.496826172
44,177,141.595458984
44,180,141.558837891
44,183,140.423583984
44,186,138.427734375
44,189,135.919189453
44,192,133.135986328
44,195,130.334472656
44,198,127.606201172
44,201,125.079345703
44,204,122.790527344
44,207,120.776367188
44,210,119.036865234
44,213,117.572021484
44,216,116.381835938
44,219,115.466308594
44,222,114.825439453
44,225,114.477539062
44,228,114.385986328
44,231,114.605712891
44,234,115.100097656
44,237,113.616943359
44,240,110.009765625
44,243,106.915283203
44,246,104.241943359
44,249,101.989746094
44,252,100.085449219
44,255,98.5107421875
44,258,97.2473144531
44,261,96.2768554688
44,264,95.5627441406
44,267,95.1232910156
44,270,94.921875
44,273,94.9768066406
44,276,95.2880859375
44,279,95.8740234375
44,282,96.6979980469
44,285,97.7966308594
44,288,99.169921875
44,291,100.836181641
44,294,102.795410156
44,297,105.065917969
44,300,107.647705078
44,303,110.504150391
44,306,113.580322266
44,309,116.656494141
44,312,119.165039062
44,315,119.970703125
44,318,118.011474609
44,321,113.946533203
44,324,109.185791016
44,327,104.608154297
44,330,100.469970703
44,333,96.826171875
44,336,93.6767578125
44,339,90.966796875
44,342,88.6413574219
44,345,86.7004394531
44,348,85.0891113281
44,351,83.7890625
44,354,82.763671875
44,357,82.03125
44,360,81.5368652344
45,0,82.2143554688
45,3,81.9763183594
45,6,81.9946289062
45,9,82.2509765625
45,12,82.763671875
45,15,83.5327148438
45,18,84.5947265625
45,21,85.9313964844
45,24,87.59765625
45,27,89.5935058594
45,30,91.9921875
45,33,94.8120117188
45,36,98.1262207031
45,39,102.008056641
45,42,106.530761719
45,45,109.460449219
45,48,103.985595703
45,51,99.31640625
45,54,95.2880859375
45,57,91.8090820312
45,60,88.8244628906
45,63,86.2609863281
45,66,84.0637207031
45,69,82.2143554688
45,72,80.6396484375
45,75,79.3395996094
45,78,78.3142089844
45,81,77.5085449219
45,84,76.9409179688
45,87,76.5747070312
45,90,76.4282226562
45,93,76.5014648438
45,96,76.7761230469
45,99,77.2521972656
45,102,77.9479980469
45,105,78.8635253906
45,108,79.98046875
45,111,81.3354492188
45,114,82.9284667969
45,117,84.7412109375
45,120,86.7919921875
45,123,89.0625
45,126,91.5710449219
45,129,94.2626953125
45,132,97.0825195312
45,135,99.9755859375
45,138,102.850341797
45,141,105.651855469
45,144,108.380126953
45,147,111.199951172
45,150,114.404296875
45,153,117.938232422
45,156,121.746826172
45,159,125.628662109
45,162,129.400634766
45,165,132.989501953
45,168,136.285400391
45,171,139.086914062
45,174,141.082763672
45,177,141.925048828
45,180,141.723632812
45,183,140.478515625
45,186,138.446044922
45,189,135.974121094
45,192,133.264160156
45,195,130.517578125
45,198,127.880859375
45,201,125.408935547
45,204,123.193359375
45,207,121.234130859
45,210,119.549560547
45,213,118.121337891
45,216,116.967773438
45,219,116.088867188
45,222,115.484619141
45,225,115.155029297
45,228,115.100097656
45,231,115.338134766
45,234,115.759277344
45,237,111.639404297
45,240,108.087158203
45,243,105.047607422
45,246,102.429199219
45,249,100.213623047
45,252,98.3276367188
45,255,96.7895507812
45,258,95.5444335938
45,261,94.5922851562
45,264,93.896484375
45,267,93.45703125
45,270,93.2739257812
45,273,93.3471679688
45,276,93.6401367188
45,279,94.2077636719
45,282,95.0317382812
45,285,96.1120605469
45,288,97.4670410156
45,291,99.1149902344
45,294,101.07421875
45,297,103.326416016
45,300,105.889892578
45,303,108.764648438
45,306,111.859130859
45,309,115.026855469
45,312,117.828369141
45,315,119.201660156
45,318,117.956542969
45,321,114.349365234
45,324,109.808349609
45,327,105.285644531
45,330,101.184082031
45,333,97.55859375
45,336,94.4091796875
45,339,91.6809082031
45,342,89.35546875
45,345,87.3962402344
45,348,85.7849121094
45,351,84.4665527344
45,354,83.4594726562
45,357,82.7087402344
45,360,82.2143554688
46,0,82.8918457031
46,3,82.6538085938
46,6,82.6721191406
46,9,82.9284667969
46,12,83.4594726562
46,15,84.228515625
46,18,85.2905273438
46,21,86.6455078125
46,24,88.3117675781
46,27,90.3259277344
46,30,92.7429199219
46,33,95.5810546875
46,36,98.9135742188
46,39,102.83203125
46,42,107.391357422
46,45,111.877441406
46,48,106.292724609
46,51,101.513671875
46,54,97.3937988281
46,57,93.8415527344
46,60,90.7836914062
46,63,88.1652832031
46,66,85.9130859375
46,69,84.0087890625
46,72,82.4157714844
46,75,81.0791015625
46,78,80.0170898438
46,81,79.1931152344
46,84,78.6071777344
46,87,78.2409667969
46,90,78.0944824219
46,93,78.1677246094
46,96,78.4423828125
46,99,78.9367675781
46,102,79.6325683594
46,105,80.56640625
46,108,81.7016601562
46,111,83.0749511719
46,114,84.6862792969
46,117,86.5173339844
46,120,88.5864257812
46,123,90.8935546875
46,126,93.4204101562
46,129,96.09375
46,132,98.8952636719
46,135,101.751708984
46,138,104.58984375
46,141,107.318115234
46,144,110.009765625
46,147,112.847900391
46,150,116.088867188
46,153,119.641113281
46,156,123.376464844
46,159,127.221679688
46,162,130.865478516
46,165,134.307861328
46,168,137.420654297
46,171,139.965820312
46,174,141.760253906
46,177,142.364501953
46,180,141.998291016
46,183,140.661621094
46,186,138.629150391
46,189,136.157226562
46,192,133.502197266
46,195,130.810546875
46,198,128.210449219
46,201,125.811767578
46,204,123.651123047
46,207,121.728515625
46,210,120.080566406
46,213,118.688964844
46,216,117.572021484
46,219,116.729736328
46,222,116.162109375
46,225,115.850830078
46,228,115.850830078
46,231,116.107177734
46,234,113.708496094
46,237,109.661865234
46,240,106.182861328
46,243,103.179931641
46,246,100.616455078
46,249,98.4191894531
46,252,96.5881347656
46,255,95.068359375
46,258,93.8415527344
46,261,92.9077148438
46,264,92.2302246094
46,267,91.8090820312
46,270,91.6259765625
46,273,91.6809082031
46,276,91.9921875
46,279,92.5598144531
46,282,93.3654785156
46,285,94.4274902344
46,288,95.7824707031
46,291,97.412109375
46,294,99.3347167969
46,297,101.586914062
46,300,104.132080078
46,303,107.006835938
46,306,110.119628906
46,309,113.37890625
46,312,116.418457031
46,315,118.322753906
46,318,117.791748047
46,321,114.697265625
46,324,110.412597656
46,327,105.999755859
46,330,101.916503906
46,333,98.3093261719
46,336,95.1416015625
46,339,92.4133300781
46,342,90.087890625
46,345,88.1286621094
46,348,86.4990234375
46,351,85.1806640625
46,354,84.1552734375
46,357,83.3862304688
46,360,82.8918457031
47,0,83.6059570312
47,3,83.3679199219
47,6,83.3679199219
47,9,83.642578125
47,12,84.1552734375
47,15,84.9426269531
47,18,86.0046386719
47,21,87.3779296875
47,24,89.0625
47,27,91.0949707031
47,30,93.5119628906
47,33,96.3684082031
47,36,99.7375488281
47,39,103.674316406
47,42,108.288574219
47,45,113.635253906
47,48,108.599853516
47,51,103.7109375
47,54,99.4995117188
47,57,95.8557128906
47,60,92.7429199219
47,63,90.0512695312
47,66,87.7624511719
47,69,85.8032226562
47,72,84.1735839844
47,75,82.8186035156
47,78,81.73828125
47,81,80.8959960938
47,84,80.2917480469
47,87,79.9255371094
47,90,79.7607421875
47,93,79.833984375
47,96,80.1086425781
47,99,80.6030273438
47,102,81.3171386719
47,105,82.2509765625
47,108,83.4228515625
47,111,84.814453125
47,114,86.4440917969
47,117,88.2934570312
47,120,90.3991699219
47,123,92.724609375
47,126,95.2514648438
47,129,97.9064941406
47,132,100.708007812
47,135,103.527832031
47,138,106.311035156
47,141,108.984375
47,144,111.62109375
47,147,114.514160156
47,150,117.7734375
47,153,121.343994141
47,156,125.024414062
47,159,128.759765625
47,162,132.348632812
47,165,135.64453125
47,168,138.592529297
47,171,140.91796875
47,174,142.456054688
47,177,142.877197266
47,180,142.364501953
47,183,140.936279297
47,186,138.885498047
47,189,136.450195312
47,192,133.813476562
47,195,131.176757812
47,198,128.631591797
47,201,126.287841797
47,204,124.163818359
47,207,122.277832031
47,210,120.666503906
47,213,119.311523438
47,216,118.231201172
47,219,117.407226562
47,222,116.857910156
47,225,116.583251953
47,228,116.6015625
47,231,116.253662109
47,234,111.657714844
47,237,107.684326172
47,240,104.260253906
47,243,101.312255859
47,246,98.7854003906
47,249,96.6430664062
47,252,94.8303222656
47,255,93.3471679688
47,258,92.1569824219
47,261,91.2231445312
47,264,90.5639648438
47,267,90.1428222656
47,270,89.9780273438
47,273,90.0329589844
47,276,90.3442382812
47,279,90.8935546875
47,282,91.69921875
47,285,92.7429199219
47,288,94.0795898438
47,291,95.6909179688
47,294,97.5952148438
47,297,99.8107910156
47,300,102.355957031
47,303,105.212402344
47,306,108.380126953
47,309,111.694335938
47,312,114.916992188
47,315,117.279052734
47,318,117.48046875
47,321,114.990234375
47,324,110.998535156
47,327,106.713867188
47,330,102.667236328
47,333,99.0600585938
47,336,95.9106445312
47,339,93.1640625
47,342,90.8386230469
47,345,88.8610839844
47,348,87.2314453125
47,351,85.8947753906
47,354,84.8693847656
47,357,84.1003417969
47,360,83.6059570312
48,0,84.3200683594
48,3,84.08203125
48,6,84.1003417969
48,9,84.3566894531
48,12,84.8876953125
48,15,85.6750488281
48,18,86.7553710938
48,21,88.1286621094
48,24,89.8132324219
48,27,91.8640136719
48,30,94.2993164062
48,33,97.1923828125
48,36,100.561523438
48,39,104.534912109
48,42,109.185791016
48,45,114.605712891
48,48,110.906982422
48,51,105.908203125
48,54,101.586914062
48,57,97.8881835938
48,60,94.7021484375
48,63,91.9555664062
48,66,89.6118164062
48,69,87.6159667969
48,72,85.9313964844
48,75,84.5581054688
48,78,83.4411621094
48,81,82.5805664062
48,84,81.9763183594
48,87,81.591796875
48,90,81.4270019531
48,93,81.5002441406
48,96,81.7749023438
48,99,82.2875976562
48,102,83.0017089844
48,105,83.9538574219
48,108,85.1257324219
48,111,86.5539550781
48,114,88.18359375
48,117,90.0695800781
48,120,92.1936035156
48,123,94.5373535156
48,126,97.0458984375
48,129,99.7192382812
48,132,102.502441406
48,135,105.285644531
48,138,108.013916016
48,141,110.614013672
48,144,113.250732422
48,147,116.180419922
48,150,119.458007812
48,153,123.046875
48,156,126.690673828
48,159,130.316162109
48,162,133.795166016
48,165,136.999511719
48,168,139.764404297
48,171,141.925048828
48,174,143.243408203
48,177,143.499755859
48,180,142.840576172
48,183,141.320800781
48,186,139.233398438
48,189,136.81640625
48,192,134.197998047
48,195,131.597900391
48,198,129.107666016
48,201,126.800537109
48,204,124.713134766
48,207,122.882080078
48,210,121.2890625
48,213,119.970703125
48,216,118.908691406
48,219,118.103027344
48,222,117.590332031
48,225,117.352294922
48,228,117.388916016
48,231,114.129638672
48,234,109.606933594
48,237,105.706787109
48,240,102.355957031
48,243,99.462890625
48,246,96.97265625
48,249,94.8669433594
48,252,93.0908203125
48,255,91.6259765625
48,258,90.4541015625
48,261,89.5385742188
48,264,88.8977050781
48,267,88.4765625
48,270,88.3117675781
48,273,88.3850097656
48,276,88.6962890625
48,279,89.2272949219
48,282,90.0146484375
48,285,91.0583496094
48,288,92.3767089844
48,291,93.9697265625
48,294,95.8557128906
48,297,98.0529785156
48,300,100.579833984
48,303,103.436279297
48,306,106.585693359
48,309,109.973144531
48,312,113.342285156
48,315,116.107177734
48,318,117.022705078
48,321,115.191650391
48,324,111.584472656
48,327,107.409667969
48,330,103.436279297
48,333,99.8474121094
48,336,96.6796875
48,339,93.9514160156
48,342,91.6076660156
48,345,89.6118164062
48,348,87.9638671875
48,351,86.6271972656
48,354,85.5834960938
48,357,84.8327636719
48,360,84.3200683594
49,0,85.0708007812
49,3,84.814453125
49,6,84.8327636719
49,9,85.0891113281
49,12,85.6201171875
49,15,86.42578125
49,18,87.5061035156
49,21,88.8793945312
49,24,90.5822753906
49,27,92.6513671875
49,30,95.1049804688
49,33,98.0163574219
49,36,101.422119141
49,39,105.432128906
49,42,110.119628906
49,45,115.576171875
49,48,113.214111328
49,51,108.10546875
49,54,103.692626953
49,57,99.90234375
49,60,96.6430664062
49,63,93.8415527344
49,66,91.4428710938
49,69,89.4104003906
49,72,87.7075195312
49,75,86.279296875
49,78,85.1440429688
49,81,84.2651367188
49,84,83.642578125
49,87,83.2580566406
49,90,83.0932617188
49,93,83.1481933594
49,96,83.4411621094
49,99,83.9538574219
49,102,84.6862792969
49,105,85.6384277344
49,108,86.8469238281
49,111,88.2751464844
49,114,89.94140625
49,117,91.845703125
49,120,93.9697265625
49,123,96.3317871094
49,126,98.8586425781
49,129,101.513671875
49,132,104.278564453
49,135,107.025146484
49,138,109.698486328
49,141,112.225341797
49,144,114.898681641
49,147,117.846679688
49,150,121.142578125
49,153,124.749755859
49,156,128.356933594
49,159,131.890869141
49,162,135.260009766
49,165,138.354492188
49,168,140.972900391
49,171,142.96875
49,174,144.104003906
49,177,144.195556641
49,180,143.389892578
49,183,141.815185547
49,186,139.691162109
49,189,137.255859375
49,192,134.674072266
49,195,132.092285156
49,198,129.638671875
49,201,127.368164062
49,204,125.335693359
49,207,123.522949219
49,210,121.948242188
49,213,120.648193359
49,216,119.604492188
49,219,118.835449219
49,222,118.341064453
49,225,118.121337891
49,228,117.150878906
49,231,112.005615234
49,234,107.574462891
49,237,103.747558594
49,240,100.433349609
49,243,97.5952148438
49,246,95.1599121094
49,249,93.0908203125
49,252,91.3513183594
49,255,89.9047851562
49,258,88.7512207031
49,261,87.8723144531
49,264,87.2314453125
49,267,86.8286132812
49,270,86.6638183594
49,273,86.7370605469
49,276,87.0300292969
49,279,87.5610351562
49,282,88.3483886719
49,285,89.3737792969
49,288,90.6555175781
49,291,92.2302246094
49,294,94.0979003906
49,297,96.2768554688
49,300,98.7670898438
49,303,101.605224609
49,306,104.791259766
49,309,108.197021484
49,312,111.712646484
49,315,114.825439453
49,318,116.400146484
49,321,115.301513672
49,324,112.097167969
49,327,108.123779297
49,330,104.205322266
49,333,100.634765625
49,336,97.4670410156
49,339,94.7387695312
49,342,92.3767089844
49,345,90.380859375
49,348,88.7329101562
49,351,87.3962402344
49,354,86.3342285156
49,357,85.5651855469
49,360,85.0708007812
50,0,85.8215332031
50,3,85.5651855469
50,6,85.5834960938
50,9,85.8581542969
50,12,86.3891601562
50,15,87.1765136719
50,18,88.2751464844
50,21,89.6667480469
50,24,91.3879394531
50,27,93.45703125
50,30,95.947265625
50,33,98.876953125
50,36,102.301025391
50,39,106.34765625
50,42,111.071777344
50,45,116.583251953
50,48,115.521240234
50,51,110.302734375
50,54,105.798339844
50,57,101.934814453
50,60,98.6022949219
50,63,95.7458496094
50,66,93.2922363281
50,69,91.2048339844
50,72,89.4653320312
50,75,88.0187988281
50,78,86.865234375
50,81,85.9680175781
50,84,85.3088378906
50,87,84.9060058594
50,90,84.7412109375
50,93,84.814453125
50,96,85.0891113281
50,99,85.6201171875
50,102,86.3525390625
50,105,87.3413085938
50,108,88.5498046875
50,111,89.9963378906
50,114,91.6809082031
50,117,93.603515625
50,120,95.7641601562
50,123,98.1262207031
50,126,100.634765625
50,129,103.308105469
50,132,106.018066406
50,135,108.728027344
50,138,111.346435547
50,141,113.836669922
50,144,116.528320312
50,147,119.512939453
50,150,122.827148438
50,153,126.452636719
50,156,130.041503906
50,159,133.483886719
50,162,136.761474609
50,165,139.74609375
50,168,142.218017578
50,171,144.067382812
50,174,145.001220703
50,177,144.927978516
50,180,144.012451172
50,183,142.3828125
50,186,140.240478516
50,189,137.786865234
50,192,135.205078125
50,195,132.659912109
50,198,130.224609375
50,201,127.990722656
50,204,125.9765625
50,207,124.182128906
50,210,122.644042969
50,213,121.362304688
50,216,120.355224609
50,219,119.604492188
50,222,119.128417969
50,225,118.927001953
50,228,114.935302734
50,231,109.881591797
50,234,105.523681641
50,237,101.770019531
50,240,98.5290527344
50,243,95.7458496094
50,246,93.3471679688
50,249,91.3146972656
50,252,89.6118164062
50,255,88.2019042969
50,258,87.0666503906
50,261,86.1877441406
50,264,85.5651855469
50,267,85.1623535156
50,270,84.9975585938
50,273,85.0708007812
50,276,85.3637695312
50,279,85.8947753906
50,282,86.6638183594
50,285,87.6708984375
50,288,88.9526367188
50,291,90.4907226562
50,294,92.3400878906
50,297,94.482421875
50,300,96.97265625
50,303,99.7924804688
50,306,102.960205078
50,309,106.420898438
50,312,110.028076172
50,315,113.415527344
50,318,115.612792969
50,321,115.283203125
50,324,112.554931641
50,327,108.819580078
50,330,104.974365234
50,333,101.422119141
50,336,98.2727050781
50,339,95.5261230469
50,342,93.1640625
50,345,91.1682128906
50,348,89.501953125
50,351,88.1652832031
50,354,87.1032714844
50,357,86.3159179688
50,360,85.8215332031
51,0,86.5905761719
51,3,86.3342285156
51,6,86.3525390625
51,9,86.6088867188
51,12,87.158203125
51,15,87.9638671875
51,18,89.0625
51,21,90.4541015625
51,24,92.1936035156
51,27,94.2993164062
51,30,96.7895507812
51,33,99.7375488281
51,36,103.198242188
51,39,107.263183594
51,42,112.042236328
51,45,117.608642578
51,48,117.828369141
51,51,112.5
51,54,107.904052734
51,57,103.948974609
51,60,100.543212891
51,63,97.6318359375
51,66,95.1232910156
51,69,92.9992675781
51,72,91.2231445312
51,75,89.7399902344
51,78,88.5681152344
51,81,87.6525878906
51,84,86.9934082031
51,87,86.572265625
51,90,86.4074707031
51,93,86.4624023438
51,96,86.7553710938
51,99,87.2680664062
51,102,88.037109375
51,105,89.0258789062
51,108,90.2526855469
51,111,91.7175292969
51,114,93.4204101562
51,117,95.361328125
51,120,97.5402832031
51,123,99.90234375
51,126,102.429199219
51,129,105.084228516
51,132,107.757568359
51,135,110.430908203
51,138,112.994384766
51,141,115.447998047
51,144,118.176269531
51,147,121.197509766
51,150,124.530029297
51,153,128.137207031
51,156,131.726074219
51,159,135.095214844
51,162,138.262939453
51,165,141.156005859
51,168,143.499755859
51,171,145.202636719
51,174,145.935058594
51,177,145.715332031
51,180,144.689941406
51,183,142.987060547
51,186,140.826416016
51,189,138.372802734
51,192,135.791015625
51,195,133.264160156
51,198,130.865478516
51,201,128.649902344
51,204,126.654052734
51,207,124.896240234
51,210,123.358154297
51,213,122.094726562
51,216,121.105957031
51,219,120.373535156
51,222,119.934082031
51,225,118.487548828
51,228,112.719726562
51,231,107.757568359
51,234,103.491210938
51,237,99.7924804688
51,240,96.6247558594
51,243,93.8781738281
51,246,91.5344238281
51,249,89.5385742188
51,252,87.8723144531
51,255,86.4807128906
51,258,85.3637695312
51,261,84.521484375
51,264,83.8989257812
51,267,83.5144042969
51,270,83.349609375
51,273,83.4228515625
51,276,83.7158203125
51,279,84.228515625
51,282,84.9792480469
51,285,85.986328125
51,288,87.2314453125
51,291,88.7512207031
51,294,90.5822753906
51,297,92.6879882812
51,300,95.1416015625
51,303,97.9431152344
51,306,101.092529297
51,309,104.58984375
51,312,108.288574219
51,315,111.895751953
51,318,114.624023438
51,321,115.100097656
51,324,112.957763672
51,327,109.478759766
51,330,105.743408203
51,333,102.227783203
51,336,99.0966796875
51,339,96.3500976562
51,342,93.9697265625
51,345,91.9738769531
51,348,90.3076171875
51,351,88.9343261719
51,354,87.8723144531
51,357,87.1032714844
51,360,86.5905761719
52,0,87.1948242188
52,3,86.9567871094
52,6,86.9567871094
52,9,87.2314453125
52,12,87.7624511719
52,15,88.5864257812
52,18,89.6850585938
52,21,91.0949707031
52,24,92.8344726562
52,27,94.9584960938
52,30,97.4670410156
52,33,100.433349609
52,36,103.912353516
52,39,108.013916016
52,42,112.79296875
52,45,118.414306641
52,48,120.135498047
52,51,114.678955078
52,54,110.009765625
52,57,105.963134766
52,60,102.502441406
52,63,99.5178222656
52,66,96.97265625
52,69,94.7937011719
52,72,92.9809570312
52,75,91.4794921875
52,78,90.2709960938
52,81,89.3188476562
52,84,88.6596679688
52,87,88.2385253906
52,90,88.0554199219
52,93,88.1103515625
52,96,88.4033203125
52,99,88.9343261719
52,102,89.7033691406
52,105,90.6921386719
52,108,91.9372558594
52,111,93.4204101562
52,114,95.1416015625
52,117,97.1008300781
52,120,99.2797851562
52,123,101.66015625
52,126,104.168701172
52,129,106.805419922
52,132,109.442138672
52,135,112.078857422
52,138,114.55078125
52,141,117.004394531
52,144,119.732666016
52,147,122.790527344
52,150,126.141357422
52,153,129.693603516
52,156,133.245849609
52,159,136.541748047
52,162,139.581298828
52,165,142.327880859
52,168,144.506835938
52,171,145.971679688
52,174,146.520996094
52,177,146.173095703
52,180,145.056152344
52,183,143.298339844
52,186,141.101074219
52,189,138.665771484
52,192,136.120605469
52,195,133.630371094
52,198,131.286621094
52,201,129.107666016
52,204,127.130126953
52,207,125.408935547
52,210,123.907470703
52,213,122.680664062
52,216,121.710205078
52,219,121.014404297
52,222,120.593261719
52,225,116.162109375
52,228,110.485839844
52,231,105.633544922
52,234,101.440429688
52,237,97.8332519531
52,240,94.7021484375
52,243,92.0288085938
52,246,89.7216796875
52,249,87.7624511719
52,252,86.1328125
52,255,84.7595214844
52,258,83.6791992188
52,261,82.8369140625
52,264,82.2326660156
52,267,81.8481445312
52,270,81.7016601562
52,273,81.7565917969
52,276,82.0495605469
52,279,82.5622558594
52,282,83.2946777344
52,285,84.2834472656
52,288,85.5102539062
52,291,87.01171875
52,294,88.7878417969
52,297,90.8935546875
52,300,93.310546875
52,303,96.09375
52,306,99.2248535156
52,309,102.703857422
52,312,106.457519531
52,315,110.229492188
52,318,113.397216797
52,321,114.605712891
52,324,113.0859375
52,327,109.936523438
52,330,106.329345703
52,333,102.850341797
52,336,99.7192382812
52,339,96.9909667969
52,342,94.6105957031
52,345,92.6147460938
52,348,90.9301757812
52,351,89.5751953125
52,354,88.4948730469
52,357,87.7075195312
52,360,87.1948242188
53,0,86.9934082031
53,3,86.7370605469
53,6,86.7553710938
53,9,87.01171875
53,12,87.5427246094
53,15,88.3666992188
53,18,89.4470214844
53,21,90.8569335938
53,24,92.5964355469
53,27,94.6838378906
53,30,97.1923828125
53,33,100.140380859
53,36,103.601074219
53,39,107.666015625
53,42,112.445068359
53,45,118.029785156
53,48,122.442626953
53,51,116.876220703
53,54,112.097167969
53,57,107.995605469
53,60,104.443359375
53,63,101.403808594
53,66,98.8037109375
53,69,96.5881347656
53,72,94.7387695312
53,75,93.2006835938
53,78,91.9555664062
53,81,91.0034179688
53,84,90.3259277344
53,87,89.8864746094
53,90,89.7033691406
53,93,89.7583007812
53,96,90.0512695312
53,99,90.5822753906
53,102,91.3513183594
53,105,92.3583984375
53,108,93.603515625
53,111,95.0866699219
53,114,96.826171875
53,117,98.7854003906
53,120,100.946044922
53,123,103.289794922
53,126,105.780029297
53,129,108.343505859
53,132,110.906982422
53,135,113.452148438
53,138,115.777587891
53,141,118.249511719
53,144,120.941162109
53,147,123.980712891
53,150,127.239990234
53,153,130.609130859
53,156,133.905029297
53,159,136.962890625
53,162,139.727783203
53,165,142.126464844
53,168,143.920898438
53,171,145.056152344
53,174,145.294189453
53,177,144.763183594
53,180,143.536376953
53,183,141.778564453
53,186,139.654541016
53,189,137.329101562
53,192,134.948730469
53,195,132.586669922
53,198,130.37109375
53,201,128.338623047
53,204,126.489257812
53,207,124.859619141
53,210,123.468017578
53,213,122.332763672
53,216,121.435546875
53,219,120.812988281
53,222,120.227050781
53,225,113.763427734
53,228,108.215332031
53,231,103.454589844
53,234,99.3530273438
53,237,95.8190917969
53,240,92.7612304688
53,243,90.1245117188
53,246,87.8723144531
53,249,85.9680175781
53,252,84.3566894531
53,255,83.0200195312
53,258,81.9580078125
53,261,81.1340332031
53,264,80.5480957031
53,267,80.1635742188
53,270,80.0170898438
53,273,80.0903320312
53,276,80.3649902344
53,279,80.8776855469
53,282,81.591796875
53,285,82.5622558594
53,288,83.7707519531
53,291,85.2355957031
53,294,86.9934082031
53,297,89.0441894531
53,300,91.4245605469
53,303,94.1528320312
53,306,97.265625
53,309,100.726318359
53,312,104.461669922
53,315,108.306884766
53,318,111.676025391
53,321,113.360595703
53,324,112.298583984
53,327,109.405517578
53,330,105.944824219
53,333,102.5390625
53,336,99.4445800781
53,339,96.7346191406
53,342,94.3725585938
53,345,92.3767089844
53,348,90.7104492188
53,351,89.35546875
53,354,88.2934570312
53,357,87.5061035156
53,360,86.9934082031
54,0,86.8103027344
54,3,86.5539550781
54,6,86.572265625
54,9,86.8286132812
54,12,87.3596191406
54,15,88.1652832031
54,18,89.2456054688
54,21,90.6555175781
54,24,92.3767089844
54,27,94.4641113281
54,30,96.9360351562
54,33,99.8840332031
54,36,103.326416016
54,39,107.373046875
54,42,112.133789062
54,45,117.700195312
54,48,124.21875
54,51,119.073486328
54,54,114.202880859
54,57,110.009765625
54,60,106.402587891
54,63,103.289794922
54,66,100.634765625
54,69,98.3825683594
54,72,96.4782714844
54,75,94.921875
54,78,93.6584472656
54,81,92.6879882812
54,84,91.9921875
54,87,91.5344238281
54,90,91.3513183594
54,93,91.40625
54,96,91.69921875
54,99,92.2302246094
54,102,92.9992675781
54,105,94.0063476562
54,108,95.2697753906
54,111,96.7529296875
54,114,98.4924316406
54,117,100.433349609
54,120,102.593994141
54,123,104.901123047
54,126,107.373046875
54,129,109.86328125
54,132,112.353515625
54,135,114.770507812
54,138,117.022705078
54,141,119.476318359
54,144,122.149658203
54,147,125.134277344
54,150,128.356933594
54,153,131.561279297
54,156,134.619140625
54,159,137.420654297
54,162,139.910888672
54,165,141.979980469
54,168,143.481445312
54,171,144.305419922
54,174,144.268798828
54,177,143.5546875
54,180,142.254638672
54,183,140.496826172
54,186,138.446044922
54,189,136.193847656
54,192,133.923339844
54,195,131.707763672
54,198,129.602050781
54,201,127.679443359
54,204,125.939941406
54,207,124.401855469
54,210,123.101806641
54,213,122.039794922
54,216,121.234130859
54,219,120.684814453
54,222,117.700195312
54,225,111.364746094
54,228,105.944824219
54,231,101.275634766
54,234,97.265625
54,237,93.8049316406
54,240,90.8020019531
54,243,88.2385253906
54,246,86.0412597656
54,249,84.1552734375
54,252,82.5805664062
54,255,81.2805175781
54,258,80.2368164062
54,261,79.4311523438
54,264,78.8452148438
54,267,78.4973144531
54,270,78.3508300781
54,273,78.4057617188
54,276,78.6987304688
54,279,79.1748046875
54,282,79.8889160156
54,285,80.8410644531
54,288,82.03125
54,291,83.4777832031
54,294,85.1989746094
54,297,87.2131347656
54,300,89.5568847656
54,303,92.2485351562
54,306,95.2880859375
54,309,98.7121582031
54,312,102.465820312
54,315,106.34765625
54,318,109.899902344
54,321,112.023925781
54,324,111.492919922
54,327,108.892822266
54,330,105.560302734
54,333,102.24609375
54,336,99.1882324219
54,339,96.4965820312
54,342,94.1711425781
54,345,92.1752929688
54,348,90.52734375
54,351,89.1723632812
54,354,88.1103515625
54,357,87.3229980469
54,360,86.8103027344
55,0,86.6638183594
55,3,86.4074707031
55,6,86.4074707031
55,9,86.6821289062
55,12,87.1948242188
55,15,88.0004882812
55,18,89.0808105469
55,21,90.4724121094
55,24,92.1936035156
55,27,94.2626953125
55,30,96.7346191406
55,33,99.6643066406
55,36,103.088378906
55,39,107.135009766
55,42,111.859130859
55,45,117.407226562
55,48,123.92578125
55,51,121.270751953
55,54,116.290283203
55,57,112.023925781
55,60,108.343505859
55,63,105.17578125
55,66,102.465820312
55,69,100.177001953
55,72,98.2360839844
55,75,96.6430664062
55,78,95.361328125
55,81,94.3542480469
55,84,93.6401367188
55,87,93.1823730469
55,90,92.9809570312
55,93,93.0358886719
55,96,93.3288574219
55,99,93.8598632812
55,102,94.6472167969
55,105,95.654296875
55,108,96.9177246094
55,111,98.4008789062
55,114,100.140380859
55,117,102.081298828
55,120,104.223632812
55,123,106.512451172
55,126,108.929443359
55,129,111.346435547
55,132,113.763427734
55,135,116.070556641
55,138,118.267822266
55,141,120.721435547
55,144,123.394775391
55,147,126.324462891
55,150,129.437255859
55,153,132.513427734
55,156,135.369873047
55,159,137.933349609
55,162,140.148925781
55,165,141.925048828
55,168,143.151855469
55,171,143.646240234
55,174,143.389892578
55,177,142.529296875
55,180,141.156005859
55,183,139.398193359
55,186,137.40234375
55,189,135.241699219
55,192,133.062744141
55,195,130.95703125
55,198,128.961181641
55,201,127.130126953
55,204,125.482177734
55,207,124.035644531
55,210,122.808837891
55,213,121.820068359
55,216,121.087646484
55,219,120.593261719
55,222,115.155029297
55,225,108.947753906
55,228,103.656005859
55,231,99.0966796875
55,234,95.1782226562
55,237,91.7907714844
55,240,88.8610839844
55,243,86.3342285156
55,246,84.1918945312
55,249,82.3608398438
55,252,80.8227539062
55,255,79.541015625
55,258,78.515625
55,261,77.7282714844
55,264,77.1606445312
55,267,76.8127441406
55,270,76.6662597656
55,273,76.7395019531
55,276,77.0141601562
55,279,77.490234375
55,282,78.1860351562
55,285,79.1198730469
55,288,80.2917480469
55,291,81.7016601562
55,294,83.3862304688
55,297,85.3637695312
55,300,87.6708984375
55,303,90.3076171875
55,306,93.3288574219
55,309,96.7163085938
55,312,100.451660156
55,315,104.370117188
55,318,108.10546875
55,321,110.632324219
55,324,110.632324219
55,327,108.380126953
55,330,105.230712891
55,333,101.971435547
55,336,98.9685058594
55,339,96.2951660156
55,342,93.9880371094
55,345,92.0104980469
55,348,90.3625488281
55,351,89.0075683594
55,354,87.9638671875
55,357,87.1765136719
55,360,86.6638183594
56,0,86.5356445312
56,3,86.279296875
56,6,86.2976074219
56,9,86.5539550781
56,12,87.0666503906
56,15,87.8723144531
56,18,88.9343261719
56,21,90.3259277344
56,24,92.0288085938
56,27,94.0979003906
56,30,96.5698242188
56,33,99.4812011719
56,36,102.905273438
56,39,106.915283203
56,42,111.62109375
56,45,117.150878906
56,48,123.651123047
56,51,123.449707031
56,54,118.395996094
56,57,114.038085938
56,60,110.284423828
56,63,107.061767578
56,66,104.296875
56,69,101.953125
56,72,99.9938964844
56,75,98.3642578125
56,78,97.0458984375
56,81,96.0388183594
56,84,95.3063964844
56,87,94.8303222656
56,90,94.62890625
56,93,94.6655273438
56,96,94.9584960938
56,99,95.4895019531
56,102,96.2768554688
56,105,97.2839355469
56,108,98.5473632812
56,111,100.048828125
56,114,101.770019531
56,117,103.7109375
56,120,105.834960938
56,123,108.123779297
56,126,110.467529297
56,129,112.829589844
56,132,115.173339844
56,135,117.352294922
56,138,119.53125
56,141,121.966552734
56,144,124.658203125
56,147,127.532958984
56,150,130.535888672
56,153,133.428955078
56,156,136.102294922
56,159,138.464355469
56,162,140.441894531
56,165,141.943359375
56,168,142.877197266
56,171,143.115234375
56,174,142.694091797
56,177,141.705322266
56,180,140.277099609
56,183,138.500976562
56,186,136.5234375
56,189,134.436035156
56,192,132.348632812
56,195,130.334472656
56,198,128.430175781
56,201,126.672363281
56,204,125.09765625
56,207,123.724365234
56,210,122.589111328
56,213,121.655273438
56,216,120.977783203
56,219,119.750976562
56,222,112.609863281
56,225,106.549072266
56,228,101.3671875
56,231,96.9177246094
56,234,93.0725097656
56,237,89.7583007812
56,240,86.9018554688
56,243,84.4482421875
56,246,82.3425292969
56,249,80.5480957031
56,252,79.0466308594
56,255,77.8015136719
56,258,76.7944335938
56,261,76.025390625
56,264,75.4760742188
56,267,75.1281738281
56,270,75
56,273,75.0549316406
56,276,75.3295898438
56,279,75.8056640625
56,282,76.4831542969
56,285,77.3986816406
56,288,78.5339355469
56,291,79.9255371094
56,294,81.591796875
56,297,83.5327148438
56,300,85.7849121094
56,303,88.3850097656
56,306,91.3513183594
56,309,94.7021484375
56,312,98.4191894531
56,315,102.374267578
56,318,106.237792969
56,321,109.149169922
56,324,109.716796875
56,327,107.849121094
56,330,104.8828125
56,333,101.733398438
56,336,98.7670898438
56,339,96.1303710938
56,342,93.8415527344
56,345,91.8823242188
56,348,90.234375
56,351,88.8977050781
56,354,87.8356933594
56,357,87.0483398438
56,360,86.5356445312
57,0,86.4440917969
57,3,86.1877441406
57,6,86.1877441406
57,9,86.4440917969
57,12,86.9750976562
57,15,87.7624511719
57,18,88.8244628906
57,21,90.2160644531
57,24,91.9006347656
57,27,93.9697265625
57,30,96.4233398438
57,33,99.31640625
57,36,102.740478516
57,39,106.732177734
57,42,111.437988281
57,45,116.949462891
57,48,123.431396484
57,51,125.646972656
57,54,120.483398438
57,57,116.052246094
57,60,112.225341797
57,63,108.947753906
57,66,106.127929688
57,69,103.747558594
57,72,101.733398438
57,75,100.085449219
57,78,98.7487792969
57,81,97.705078125
57,84,96.9543457031
57,87,96.4782714844
57,90,96.2585449219
57,93,96.2951660156
57,96,96.5881347656
57,99,97.119140625
57,102,97.9064941406
57,105,98.9318847656
57,108,100.1953125
57,111,101.678466797
57,114,103.399658203
57,117,105.340576172
57,120,107.446289062
57,123,109.698486328
57,126,111.987304688
57,129,114.294433594
57,132,116.528320312
57,135,118.615722656
57,138,120.812988281
57,141,123.229980469
57,144,125.885009766
57,147,128.741455078
57,150,131.634521484
57,153,134.381103516
57,156,136.834716797
57,159,138.995361328
57,162,140.734863281
57,165,141.979980469
57,168,142.694091797
57,171,142.694091797
57,174,142.08984375
57,177,141.009521484
57,180,139.508056641
57,183,137.750244141
57,186,135.791015625
57,189,133.758544922
57,192,131.744384766
57,195,129.803466797
57,198,127.990722656
57,201,126.306152344
57,204,124.8046875
57,207,123.504638672
57,210,122.424316406
57,213,121.563720703
57,216,120.941162109
57,219,117.059326172
57,222,110.083007812
57,225,104.150390625
57,228,99.0783691406
57,231,94.7387695312
57,234,90.9851074219
57,237,87.744140625
57,240,84.9609375
57,243,82.5439453125
57,246,80.4931640625
57,249,78.7353515625
57,252,77.2705078125
57,255,76.0620117188
57,258,75.0732421875
57,261,74.3225097656
57,264,73.7915039062
57,267,73.4619140625
57,270,73.3154296875
57,273,73.388671875
57,276,73.6450195312
57,279,74.12109375
57,282,74.7802734375
57,285,75.6774902344
57,288,76.7944335938
57,291,78.1494140625
57,294,79.7790527344
57,297,81.6833496094
57,300,83.8989257812
57,303,86.4624023438
57,306,89.3737792969
57,309,92.6879882812
57,312,96.3684082031
57,315,100.341796875
57,318,104.333496094
57,321,107.592773438
57,324,108.746337891
57,327,107.318115234
57,330,104.571533203
57,333,101.513671875
57,336,98.6022949219
57,339,95.9838867188
57,342,93.7133789062
57,345,91.7541503906
57,348,90.1245117188
57,351,88.7878417969
57,354,87.744140625
57,357,86.9567871094
57,360,86.4440917969
58,0,86.3891601562
58,3,86.1328125
58,6,86.1328125
58,9,86.3891601562
58,12,86.9018554688
58,15,87.6892089844
58,18,88.7512207031
58,21,90.1245117188
58,24,91.8090820312
58,27,93.8598632812
58,30,96.3134765625
58,33,99.2065429688
58,36,102.612304688
58,39,106.604003906
58,42,111.273193359
58,45,116.766357422
58,48,123.248291016
58,51,127.825927734
58,54,122.589111328
58,57,118.06640625
58,60,114.166259766
58,63,110.815429688
58,66,107.958984375
58,69,105.523681641
58,72,103.491210938
58,75,101.788330078
58,78,100.433349609
58,81,99.3713378906
58,84,98.6022949219
58,87,98.1079101562
58,90,97.8881835938
58,93,97.9248046875
58,96,98.2177734375
58,99,98.7487792969
58,102,99.5361328125
58,105,100.543212891
58,108,101.806640625
58,111,103.308105469
58,114,105.029296875
58,117,106.951904297
58,120,109.039306641
58,123,111.236572266
58,126,113.488769531
58,129,115.72265625
58,132,117.846679688
58,135,119.897460938
58,138,122.076416016
58,141,124.51171875
58,144,127.1484375
58,147,129.968261719
58,150,132.751464844
58,153,135.314941406
58,156,137.603759766
58,159,139.544677734
58,162,141.082763672
58,165,142.108154297
58,168,142.584228516
58,171,142.3828125
58,174,141.632080078
58,177,140.441894531
58,180,138.903808594
58,183,137.109375
58,186,135.205078125
58,189,133.209228516
58,192,131.25
58,195,129.382324219
58,198,127.624511719
58,201,126.013183594
58,204,124.584960938
58,207,123.33984375
58,210,122.314453125
58,213,121.508789062
58,216,120.922851562
58,219,114.367675781
58,222,107.537841797
58,225,101.751708984
58,228,96.8078613281
58,231,92.5415039062
58,234,88.8793945312
58,237,85.7299804688
58,240,83.0017089844
58,243,80.6579589844
58,246,78.6437988281
58,249,76.9226074219
58,252,75.4943847656
58,255,74.3041992188
58,258,73.3520507812
58,261,72.6196289062
58,264,72.0886230469
58,267,71.77734375
58,270,71.6491699219
58,273,71.7041015625
58,276,71.9604492188
58,279,72.4182128906
58,282,73.0773925781
58,285,73.9562988281
58,288,75.0549316406
58,291,76.3732910156
58,294,77.9663085938
58,297,79.833984375
58,300,82.0129394531
58,303,84.521484375
58,306,87.3779296875
58,309,90.6555175781
58,312,94.2993164062
58,315,98.3093261719
58,318,102.374267578
58,321,105.944824219
58,324,107.666015625
58,327,106.750488281
58,330,104.241943359
58,333,101.312255859
58,336,98.4558105469
58,339,95.8740234375
58,342,93.6218261719
58,345,91.6809082031
58,348,90.0512695312
58,351,88.7145996094
58,354,87.6708984375
58,357,86.9018554688
58,360,86.3891601562
59,0,86.3342285156
59,3,86.0778808594
59,6,86.0778808594
59,9,86.3342285156
59,12,86.8469238281
59,15,87.6342773438
59,18,88.6962890625
59,21,90.0695800781
59,24,91.7541503906
59,27,93.8049316406
59,30,96.240234375
59,33,99.1149902344
59,36,102.502441406
59,39,106.494140625
59,42,111.145019531
59,45,116.638183594
59,48,123.101806641
59,51,130.004882812
59,54,124.676513672
59,57,120.080566406
59,60,116.107177734
59,63,112.701416016
59,66,109.790039062
59,69,107.318115234
59,72,105.230712891
59,75,103.509521484
59,78,102.117919922
59,81,101.037597656
59,84,100.250244141
59,87,99.755859375
59,90,99.5178222656
59,93,99.5544433594
59,96,99.8474121094
59,99,100.378417969
59,102,101.147460938
59,105,102.172851562
59,108,103.436279297
59,111,104.919433594
59,114,106.640625
59,117,108.544921875
59,120,110.632324219
59,123,112.774658203
59,126,114.971923828
59,129,117.150878906
59,132,119.165039062
59,135,121.197509766
59,138,123.358154297
59,141,125.811767578
59,144,128.411865234
59,147,131.158447266
59,150,133.868408203
59,153,136.285400391
59,156,138.372802734
59,159,140.148925781
59,162,141.467285156
59,165,142.309570312
59,168,142.547607422
59,171,142.144775391
59,174,141.265869141
59,177,139.984130859
59,180,138.409423828
59,183,136.614990234
59,186,134.710693359
59,189,132.769775391
59,192,130.865478516
59,195,129.052734375
59,198,127.349853516
59,201,125.793457031
59,204,124.420166016
59,207,123.229980469
59,210,122.259521484
59,213,121.508789062
59,216,119.586181641
59,219,111.676025391
59,222,105.010986328
59,225,99.3530273438
59,228,94.5190429688
59,231,90.3625488281
59,234,86.7919921875
59,237,83.6975097656
59,240,81.0424804688
59,243,78.7536621094
59,246,76.7944335938
59,249,75.1281738281
59,252,73.7182617188
59,255,72.5646972656
59,258,71.630859375
59,261,70.9167480469
59,264,70.4040527344
59,267,70.0927734375
59,270,69.9645996094
59,273,70.01953125
59,276,70.2758789062
59,279,70.7336425781
59,282,71.3745117188
59,285,72.2351074219
59,288,73.2971191406
59,291,74.5971679688
59,294,76.1535644531
59,297,77.9846191406
59,300,80.126953125
59,303,82.5805664062
59,306,85.400390625
59,309,88.6047363281
59,312,92.2302246094
59,315,96.2036132812
59,318,100.378417969
59,321,104.205322266
59,324,106.494140625
59,327,106.127929688
59,330,103.912353516
59,333,101.110839844
59,336,98.3276367188
59,339,95.7824707031
59,342,93.5485839844
59,345,91.6259765625
59,348,89.9963378906
59,351,88.6779785156
59,354,87.6342773438
59,357,86.8469238281
59,360,86.3342285156
60,0,86.3159179688
60,3,86.0595703125
60,6,86.0595703125
60,9,86.3159179688
60,12,86.8286132812
60,15,87.59765625
60,18,88.6596679688
60,21,90.0329589844
60,24,91.7175292969
60,27,93.75
60,30,96.1853027344
60,33,99.0600585938
60,36,102.447509766
60,39,106.420898438
60,42,111.071777344
60,45,116.528320312
60,48,122.991943359
60,51,130.609130859
60,54,126.763916016
60,57,122.076416016
60,60,118.048095703
60,63,114.587402344
60,66,111.62109375
60,69,109.094238281
60,72,106.970214844
60,75,105.230712891
60,78,103.802490234
60,81,102.703857422
60,84,101.898193359
60,87,101.385498047
60,90,101.147460938
60,93,101.184082031
60,96,101.458740234
60,99,101.989746094
60,102,102.758789062
60,105,103.784179688
60,108,105.047607422
60,111,106.530761719
60,114,108.251953125
60,117,110.137939453
60,120,112.188720703
60,123,114.294433594
60,126,116.455078125
60,129,118.524169922
60,132,120.483398438
60,135,122.497558594
60,138,124.658203125
60,141,127.111816406
60,144,129.693603516
60,147,132.366943359
60,150,134.967041016
60,153,137.292480469
60,156,139.196777344
60,159,140.808105469
60,162,141.906738281
60,165,142.510986328
60,168,142.547607422
60,171,141.979980469
60,174,140.991210938
60,177,139.636230469
60,180,138.006591797
60,183,136.23046875
60,186,134.326171875
60,189,132.421875
60,192,130.572509766
60,195,128.796386719
60,198,127.1484375
60,201,125.646972656
60,204,124.310302734
60,207,123.175048828
60,210,122.241210938
60,213,121.545410156
60,216,116.693115234
60,219,108.984375
60,222,102.484130859
60,225,96.9543457031
60,228,92.2302246094
60,231,88.18359375
60,234,84.6862792969
60,237,81.6833496094
60,240,79.0832519531
60,243,76.8493652344
60,246,74.9267578125
60,249,73.3154296875
60,252,71.9421386719
60,255,70.8068847656
60,258,69.9096679688
60,261,69.2138671875
60,264,68.701171875
60,267,68.408203125
60,270,68.2800292969
60,273,68.3532714844
60,276,68.5913085938
60,279,69.0307617188
60,282,69.6716308594
60,285,70.4956054688
60,288,71.5576171875
60,291,72.8210449219
60,294,74.3408203125
60,297,76.1352539062
60,300,78.22265625
60,303,80.6396484375
60,306,83.4045410156
60,309,86.5539550781
60,312,90.1428222656
60,315,94.0979003906
60,318,98.3459472656
60,321,102.392578125
60,324,105.194091797
60,327,105.46875
60,330,103.582763672
60,333,100.927734375
60,336,98.2177734375
60,339,95.7092285156
60,342,93.4936523438
60,345,91.5893554688
60,348,89.9780273438
60,351,88.6413574219
60,354,87.59765625
60,357,86.8286132812
60,360,86.3159179688
61,0,86.3342285156
61,3,86.0778808594
61,6,86.0595703125
61,9,86.3159179688
61,12,86.8286132812
61,15,87.59765625
61,18,88.6596679688
61,21,90.0146484375
61,24,91.69921875
61,27,93.7316894531
61,30,96.1669921875
61,33,99.0417480469
61,36,102.410888672
61,39,106.365966797
61,42,111.016845703
61,45,116.473388672
61,48,122.918701172
61,51,130.535888672
61,54,128.851318359
61,57,124.090576172
61,60,119.989013672
61,63,116.455078125
61,66,113.433837891
61,69,110.870361328
61,72,108.709716797
61,75,106.93359375
61,78,105.487060547
61,81,104.370117188
61,84,103.546142578
61,87,103.015136719
61,90,102.777099609
61,93,102.795410156
61,96,103.070068359
61,99,103.601074219
61,102,104.370117188
61,105,105.395507812
61,108,106.640625
61,111,108.142089844
61,114,109.844970703
61,117,111.730957031
61,120,113.726806641
61,123,115.814208984
61,126,117.919921875
61,129,119.897460938
61,132,121.783447266
61,135,123.779296875
61,138,125.958251953
61,141,128.393554688
61,144,130.993652344
61,147,133.59375
61,150,136.047363281
61,153,138.226318359
61,156,140.002441406
61,159,141.430664062
61,162,142.327880859
61,165,142.767333984
61,168,142.602539062
61,171,141.906738281
61,174,140.808105469
61,177,139.379882812
61,180,137.713623047
61,183,135.900878906
61,186,134.033203125
61,189,132.165527344
61,192,130.352783203
61,195,128.61328125
61,198,127.001953125
61,201,125.555419922
61,204,124.255371094
61,207,123.175048828
61,210,122.296142578
61,213,121.618652344
61,216,113.818359375
61,219,106.292724609
61,222,99.9389648438
61,225,94.5556640625
61,228,89.9597167969
61,231,86.0046386719
61,234,82.5988769531
61,237,79.6508789062
61,240,77.1240234375
61,243,74.9450683594
61,246,73.0773925781
61,249,71.5026855469
61,252,70.166015625
61,255,69.0673828125
61,258,68.1884765625
61,261,67.4926757812
61,264,67.0166015625
61,267,66.7236328125
61,270,66.5954589844
61,273,66.6687011719
61,276,66.9067382812
61,279,67.3461914062
61,282,67.9504394531
61,285,68.7744140625
61,288,69.7998046875
61,291,71.044921875
61,294,72.5463867188
61,297,74.2858886719
61,300,76.3366699219
61,303,78.6804199219
61,306,81.4086914062
61,309,84.5031738281
61,312,88.0187988281
61,315,91.9738769531
61,318,96.240234375
61,321,100.48828125
61,324,103.765869141
61,327,104.699707031
61,330,103.234863281
61,333,100.762939453
61,336,98.1262207031
61,339,95.654296875
61,342,93.45703125
61,345,91.5710449219
61,348,89.9597167969
61,351,88.6413574219
61,354,87.6159667969
61,357,86.8469238281
61,360,86.3342285156
62,0,86.0229492188
62,3,85.7666015625
62,6,85.7482910156
62,9,86.0046386719
62,12,86.4990234375
62,15,87.2680664062
62,18,88.330078125
62,21,89.6667480469
62,24,91.3513183594
62,27,93.3654785156
62,30,95.7824707031
62,33,98.6389160156
62,36,101.989746094
62,39,105.926513672
62,42,110.540771484
62,45,115.960693359
62,48,122.351074219
62,51,129.931640625
62,54,130.938720703
62,57,126.104736328
62,60,121.929931641
62,63,118.341064453
62,66,115.264892578
62,69,112.646484375
62,72,110.44921875
62,75,108.636474609
62,78,107.171630859
62,81,106.018066406
62,84,105.194091797
62,87,104.644775391
62,90,104.388427734
62,93,104.406738281
62,96,104.663085938
62,99,105.194091797
62,102,105.963134766
62,105,106.970214844
62,108,108.215332031
62,111,109.698486328
62,114,111.383056641
62,117,113.232421875
62,120,115.191650391
62,123,117.205810547
62,126,119.23828125
62,129,121.087646484
62,132,122.937011719
62,135,124.896240234
62,138,127.093505859
62,141,129.473876953
62,144,132.055664062
62,147,134.527587891
62,150,136.798095703
62,153,138.757324219
62,156,140.33203125
62,159,141.540527344
62,162,142.236328125
62,165,142.456054688
62,168,142.08984375
62,171,141.247558594
62,174,140.0390625
62,177,138.537597656
62,180,136.853027344
62,183,135.05859375
62,186,133.209228516
62,189,131.396484375
62,192,129.638671875
62,195,127.972412109
62,198,126.434326172
62,201,125.042724609
62,204,123.815917969
62,207,122.790527344
62,210,121.966552734
62,213,119.732666016
62,216,110.925292969
62,219,103.582763672
62,222,97.412109375
62,225,92.1569824219
62,228,87.6708984375
62,231,83.8073730469
62,234,80.4931640625
62,237,77.63671875
62,240,75.1647949219
62,243,73.0407714844
62,246,71.2280273438
62,249,69.6716308594
62,252,68.3715820312
62,255,67.3095703125
62,258,66.4489746094
62,261,65.7897949219
62,264,65.3137207031
62,267,65.0207519531
62,270,64.9108886719
62,273,64.9841308594
62,276,65.2221679688
62,279,65.6433105469
62,282,66.2475585938
62,285,67.0349121094
62,288,68.0419921875
62,291,69.2687988281
62,294,70.7153320312
62,297,72.4365234375
62,300,74.4323730469
62,303,76.7211914062
62,306,79.3762207031
62,309,82.4157714844
62,312,85.8947753906
62,315,89.7766113281
62,318,94.04296875
62,321,98.4008789062
62,324,102.044677734
62,327,103.564453125
62,330,102.502441406
62,333,100.213623047
62,336,97.6867675781
62,339,95.2697753906
62,342,93.0908203125
62,345,91.2231445312
62,348,89.6301269531
62,351,88.330078125
62,354,87.2863769531
62,357,86.5173339844
62,360,86.0229492188
63,0,85.0891113281
63,3,84.8327636719
63,6,84.814453125
63,9,85.0708007812
63,12,85.5651855469
63,15,86.3159179688
63,18,87.3596191406
63,21,88.6779785156
63,24,90.3259277344
63,27,92.3217773438
63,30,94.6838378906
63,33,97.5036621094
63,36,100.799560547
63,39,104.681396484
63,42,109.222412109
63,45,114.569091797
63,48,120.886230469
63,51,128.356933594
63,54,133.026123047
63,57,128.100585938
63,60,123.852539062
63,63,120.208740234
63,66,117.077636719
63,69,114.422607422
63,72,112.188720703
63,75,110.339355469
63,78,108.837890625
63,81,107.684326172
63,84,106.823730469
63,87,106.274414062
63,90,105.999755859
63,93,105.999755859
63,96,106.237792969
63,99,106.750488281
63,102,107.501220703
63,105,108.508300781
63,108,109.735107422
63,111,111.181640625
63,114,112.829589844
63,117,114.605712891
63,120,116.473388672
63,123,118.414306641
63,126,120.263671875
63,129,122.003173828
63,132,123.815917969
63,135,125.701904297
63,138,127.899169922
63,141,130.169677734
63,144,132.568359375
63,147,134.875488281
63,150,136.889648438
63,153,138.555908203
63,156,139.855957031
63,159,140.734863281
63,162,141.119384766
63,165,141.046142578
63,168,140.423583984
63,171,139.434814453
63,174,138.116455078
63,177,136.596679688
63,180,134.930419922
63,183,133.172607422
63,186,131.396484375
63,189,129.675292969
63,192,128.02734375
63,195,126.470947266
63,198,125.024414062
63,201,123.742675781
63,204,122.625732422
63,207,121.691894531
63,210,120.959472656
63,213,116.6015625
63,216,108.013916016
63,219,100.872802734
63,222,94.8486328125
63,225,89.7399902344
63,228,85.3637695312
63,231,81.6284179688
63,234,78.3874511719
63,237,75.6042480469
63,240,73.2055664062
63,243,71.1364746094
63,246,69.3603515625
63,249,67.8588867188
63,252,66.5954589844
63,255,65.5517578125
63,258,64.7094726562
63,261,64.0686035156
63,264,63.6108398438
63,267,63.3361816406
63,270,63.2263183594
63,273,63.28125
63,276,63.5192871094
63,279,63.9221191406
63,282,64.5263671875
63,285,65.2954101562
63,288,66.2658691406
63,291,67.4743652344
63,294,68.8842773438
63,297,70.5505371094
63,300,72.4914550781
63,303,74.7436523438
63,306,77.34375
63,309,80.3100585938
63,312,83.6975097656
63,315,87.5244140625
63,318,91.7541503906
63,321,96.1120605469
63,324,99.9206542969
63,327,101.806640625
63,330,101.092529297
63,333,99.0051269531
63,336,96.5515136719
63,339,94.189453125
63,342,92.0654296875
63,345,90.2160644531
63,348,88.6596679688
63,351,87.3596191406
63,354,86.3525390625
63,357,85.5834960938
63,360,85.0891113281
64,0,84.1918945312
64,3,83.935546875
64,6,83.9172363281
64,9,84.1552734375
64,12,84.6496582031
64,15,85.3820800781
64,18,86.4074707031
64,21,87.7258300781
64,24,89.3371582031
64,27,91.2963867188
64,30,93.6401367188
64,33,96.4050292969
64,36,99.6643066406
64,39,103.491210938
64,42,107.958984375
64,45,113.232421875
64,48,119.458007812
64,51,126.837158203
64,54,135.095214844
64,57,130.114746094
64,60,125.793457031
64,63,122.076416016
64,66,118.908691406
64,69,116.198730469
64,72,113.928222656
64,75,112.042236328
64,78,110.522460938
64,81,109.332275391
64,84,108.453369141
64,87,107.885742188
64,90,107.592773438
64,93,107.574462891
64,96,107.8125
64,99,108.306884766
64,102,109.039306641
64,105,110.028076172
64,108,111.236572266
64,111,112.646484375
64,114,114.221191406
64,117,115.942382812
64,120,117.755126953
64,123,119.567871094
64,126,121.270751953
64,129,122.918701172
64,132,124.658203125
64,135,126.544189453
64,138,128.649902344
64,141,130.883789062
64,144,133.117675781
64,147,135.186767578
64,150,136.962890625
64,153,138.354492188
64,156,139.379882812
64,159,139.965820312
64,162,140.075683594
64,165,139.74609375
64,168,138.958740234
64,171,137.841796875
64,174,136.431884766
64,177,134.857177734
64,180,133.190917969
64,183,131.488037109
64,186,129.766845703
64,189,128.118896484
64,192,126.5625
64,195,125.09765625
64,198,123.742675781
64,201,122.552490234
64,204,121.527099609
64,207,120.684814453
64,210,120.043945312
64,213,113.452148438
64,216,105.102539062
64,219,98.1628417969
64,222,92.3034667969
64,225,87.3229980469
64,228,83.0749511719
64,231,79.4311523438
64,234,76.2817382812
64,237,73.5717773438
64,240,71.2280273438
64,243,69.2138671875
64,246,67.4926757812
64,249,66.0278320312
64,252,64.8010253906
64,255,63.7939453125
64,258,62.9699707031
64,261,62.3474121094
64,264,61.9079589844
64,267,61.6333007812
64,270,61.5234375
64,273,61.5966796875
64,276,61.81640625
64,279,62.2192382812
64,282,62.7868652344
64,285,63.5559082031
64,288,64.5080566406
64,291,65.6616210938
64,294,67.0532226562
64,297,68.6828613281
64,300,70.5688476562
64,303,72.7661132812
64,306,75.29296875
64,309,78.2043457031
64,312,81.5002441406
64,315,85.25390625
64,318,89.4287109375
64,321,93.8049316406
64,324,97.7600097656
64,327,100.030517578
64,330,99.7009277344
64,333,97.7783203125
64,336,95.4528808594
64,339,93.1457519531
64,342,91.0583496094
64,345,89.2456054688
64,348,87.7075195312
64,351,86.4440917969
64,354,85.4370117188
64,357,84.6862792969
64,360,84.1918945312
65,0,83.3129882812
65,3,83.056640625
65,6,83.056640625
65,9,83.2763671875
65,12,83.7707519531
65,15,84.5031738281
65,18,85.4919433594
65,21,86.7919921875
65,24,88.3850097656
65,27,90.3259277344
65,30,92.6330566406
65,33,95.361328125
65,36,98.5656738281
65,39,102.337646484
65,42,106.750488281
65,45,111.950683594
65,48,118.06640625
65,51,125.354003906
65,54,134.033203125
65,57,132.110595703
65,60,127.716064453
65,63,123.944091797
65,66,120.721435547
65,69,117.974853516
65,72,115.667724609
65,75,113.745117188
65,78,112.188720703
65,81,110.980224609
65,84,110.083007812
65,87,109.497070312
65,90,109.185791016
65,93,109.130859375
65,96,109.368896484
65,99,109.844970703
65,102,110.577392578
65,105,111.529541016
65,108,112.701416016
65,111,114.074707031
65,114,115.612792969
65,117,117.260742188
65,120,119.000244141
65,123,120.666503906
65,126,122.277832031
65,129,123.852539062
65,132,125.518798828
65,135,127.404785156
65,138,129.437255859
65,141,131.597900391
65,144,133.666992188
65,147,135.534667969
65,150,137.054443359
65,153,138.171386719
65,156,138.958740234
65,159,139.288330078
65,162,139.141845703
65,165,138.57421875
65,168,137.622070312
65,171,136.376953125
65,174,134.912109375
65,177,133.319091797
65,180,131.634521484
65,183,129.949951172
65,186,128.302001953
65,189,126.727294922
65,192,125.225830078
65,195,123.852539062
65,198,122.589111328
65,201,121.472167969
65,204,120.538330078
65,207,119.769287109
65,210,119.201660156
65,213,110.302734375
65,216,102.191162109
65,219,95.4345703125
65,222,89.7399902344
65,225,84.9060058594
65,228,80.7678222656
65,231,77.2338867188
65,234,74.1760253906
65,237,71.5393066406
65,240,69.2687988281
65,243,67.3095703125
65,246,65.625
65,249,64.2150878906
65,252,63.0065917969
65,255,62.0361328125
65,258,61.2487792969
65,261,60.6262207031
65,264,60.205078125
65,267,59.9304199219
65,270,59.8388671875
65,273,59.8937988281
65,276,60.1135253906
65,279,60.5163574219
65,282,61.0656738281
65,285,61.81640625
65,288,62.7319335938
65,291,63.8671875
65,294,65.2221679688
65,297,66.796875
65,300,68.6462402344
65,303,70.7885742188
65,306,73.2604980469
65,309,76.0803222656
65,312,79.3212890625
65,315,82.9833984375
65,318,87.1032714844
65,321,91.4794921875
65,324,95.5810546875
65,327,98.1994628906
65,330,98.291015625
65,333,96.6064453125
65,336,94.3725585938
65,339,92.138671875
65,342,90.1062011719
65,345,88.3117675781
65,348,86.7919921875
65,351,85.546875
65,354,84.5581054688
65,357,83.8073730469
65,360,83.3129882812
66,0,82.470703125
66,3,82.2326660156
66,6,82.2143554688
66,9,82.4340820312
66,12,82.91015625
66,15,83.642578125
66,18,84.6313476562
66,21,85.8947753906
66,24,87.4694824219
66,27,89.3737792969
66,30,91.6442871094
66,33,94.3359375
66,36,97.5036621094
66,39,101.220703125
66,42,105.578613281
66,45,110.705566406
66,48,116.748046875
66,51,123.92578125
66,54,132.495117188
66,57,134.106445312
66,60,129.656982422
66,63,125.811767578
66,66,122.534179688
66,69,119.750976562
66,72,117.388916016
66,75,115.447998047
66,78,113.854980469
66,81,112.628173828
66,84,111.712646484
66,87,111.090087891
66,90,110.760498047
66,93,110.705566406
66,96,110.906982422
66,99,111.383056641
66,102,112.078857422
66,105,113.031005859
66,108,114.184570312
66,111,115.502929688
66,114,116.986083984
66,117,118.560791016
66,120,120.172119141
66,123,121.746826172
66,126,123.248291016
66,129,124.749755859
66,132,126.416015625
66,135,128.265380859
66,138,130.242919922
66,141,132.312011719
66,144,134.216308594
66,147,135.845947266
66,150,137.145996094
66,153,138.024902344
66,156,138.57421875
66,159,138.629150391
66,162,138.262939453
66,165,137.512207031
66,168,136.413574219
66,171,135.05859375
66,174,133.520507812
66,177,131.909179688
66,180,130.242919922
66,183,128.594970703
66,186,126.983642578
66,189,125.463867188
66,192,124.035644531
66,195,122.717285156
66,198,121.527099609
66,201,120.501708984
66,204,119.622802734
66,207,118.927001953
66,210,116.748046875
66,213,107.171630859
66,216,99.2797851562
66,219,92.724609375
66,222,87.1948242188
66,225,82.4890136719
66,228,78.4790039062
66,231,75.0366210938
66,234,72.0520019531
66,237,69.5068359375
66,240,67.2912597656
66,243,65.3869628906
66,246,63.7756347656
66,249,62.3840332031
66,252,61.23046875
66,255,60.2783203125
66,258,59.5092773438
66,261,58.9050292969
66,264,58.4838867188
66,267,58.2275390625
66,270,58.1359863281
66,273,58.1909179688
66,276,58.4106445312
66,279,58.7951660156
66,282,59.3444824219
66,285,60.05859375
66,288,60.9741210938
66,291,62.0727539062
66,294,63.3728027344
66,297,64.9291992188
66,300,66.7236328125
66,303,68.8110351562
66,306,71.2097167969
66,309,73.974609375
66,312,77.1240234375
66,315,80.712890625
66,318,84.7595214844
66,321,89.1357421875
66,324,93.3654785156
66,327,96.3317871094
66,330,96.8444824219
66,333,95.4162597656
66,336,93.310546875
66,339,91.1499023438
66,342,89.1540527344
66,345,87.3962402344
66,348,85.9130859375
66,351,84.66796875
66,354,83.6975097656
66,357,82.9650878906
66,360,82.470703125
67,0,81.6650390625
67,3,81.4270019531
67,6,81.4086914062
67,9,81.6284179688
67,12,82.0861816406
67,15,82.8002929688
67,18,83.7707519531
67,21,85.0341796875
67,24,86.5905761719
67,27,88.4582519531
67,30,90.7104492188
67,33,93.3654785156
67,36,96.4965820312
67,39,100.158691406
67,42,104.443359375
67,45,109.497070312
67,48,115.466308594
67,51,122.552490234
67,54,131.011962891
67,57,136.102294922
67,60,131.579589844
67,63,127.679443359
67,66,124.346923828
67,69,121.508789062
67,72,119.128417969
67,75,117.132568359
67,78,115.521240234
67,81,114.2578125
67,84,113.323974609
67,87,112.683105469
67,90,112.335205078
67,93,112.261962891
67,96,112.463378906
67,99,112.902832031
67,102,113.598632812
67,105,114.495849609
67,108,115.612792969
67,111,116.89453125
67,114,118.322753906
67,117,119.842529297
67,120,121.343994141
67,123,122.808837891
67,126,124.21875
67,129,125.665283203
67,132,127.349853516
67,135,129.125976562
67,138,131.066894531
67,141,132.989501953
67,144,134.765625
67,147,136.175537109
67,150,137.255859375
67,153,137.915039062
67,156,138.244628906
67,159,138.061523438
67,162,137.493896484
67,165,136.541748047
67,168,135.314941406
67,171,133.88671875
67,174,132.293701172
67,177,130.645751953
67,180,128.979492188
67,183,127.368164062
67,186,125.793457031
67,189,124.328613281
67,192,122.955322266
67,195,121.691894531
67,198,120.574951172
67,201,119.604492188
67,204,118.798828125
67,207,118.157958984
67,210,113.323974609
67,213,104.022216797
67,216,96.3684082031
67,219,89.9963378906
67,222,84.6313476562
67,225,80.0720214844
67,228,76.171875
67,231,72.8393554688
67,234,69.9462890625
67,237,67.4560546875
67,240,65.3137207031
67,243,63.4826660156
67,246,61.9079589844
67,249,60.5529785156
67,252,59.4360351562
67,255,58.5021972656
67,258,57.7697753906
67,261,57.1838378906
67,264,56.7810058594
67,267,56.54296875
67,270,56.4331054688
67,273,56.5063476562
67,276,56.7077636719
67,279,57.0922851562
67,282,57.6232910156
67,285,58.3190917969
67,288,59.1979980469
67,291,60.2600097656
67,294,61.5417480469
67,297,63.0432128906
67,300,64.8010253906
67,303,66.8334960938
67,306,69.1589355469
67,309,71.8505859375
67,312,74.9267578125
67,315,78.4423828125
67,318,82.4157714844
67,321,86.7553710938
67,324,91.0949707031
67,327,94.4091796875
67,330,95.3796386719
67,333,94.2443847656
67,336,92.28515625
67,339,90.1977539062
67,342,88.2568359375
67,345,86.5173339844
67,348,85.0524902344
67,351,83.8439941406
67,354,82.8735351562
67,357,82.1411132812
67,360,81.6650390625
68,0,80.8776855469
68,3,80.6396484375
68,6,80.6213378906
68,9,80.8410644531
68,12,81.298828125
68,15,81.9946289062
68,18,82.9650878906
68,21,84.1918945312
68,24,85.7299804688
68,27,87.5793457031
68,30,89.794921875
68,33,92.431640625
68,36,95.5078125
68,39,99.1149902344
68,42,103.363037109
68,45,108.343505859
68,48,114.221191406
68,51,121.215820312
68,54,129.583740234
68,57,138.098144531
68,60,133.520507812
68,63,129.547119141
68,66,126.159667969
68,69,123.284912109
68,72,120.849609375
68,75,118.835449219
68,78,117.1875
68,81,115.905761719
68,84,114.935302734
68,87,114.276123047
68,90,113.891601562
68,93,113.818359375
68,96,113.983154297
68,99,114.422607422
68,102,115.081787109
68,105,115.960693359
68,108,117.041015625
68,111,118.286132812
68,114,119.659423828
68,117,121.069335938
68,120,122.479248047
68,123,123.852539062
68,126,125.189208984
68,129,126.617431641
68,132,128.283691406
68,135,130.023193359
68,138,131.909179688
68,141,133.703613281
68,144,135.260009766
68,147,136.486816406
68,150,137.365722656
68,153,137.823486328
68,156,137.915039062
68,159,137.512207031
68,162,136.743164062
68,165,135.662841797
68,168,134.326171875
68,171,132.806396484
68,174,131.176757812
68,177,129.510498047
68,180,127.862548828
68,183,126.251220703
68,186,124.731445312
68,189,123.303222656
68,192,121.966552734
68,195,120.758056641
68,198,119.696044922
68,201,118.780517578
68,204,118.029785156
68,207,117.462158203
68,210,109.899902344
68,213,100.872802734
68,216,93.45703125
68,219,87.2680664062
68,222,82.0678710938
68,225,77.6550292969
68,228,73.8830566406
68,231,70.6237792969
68,234,67.8405761719
68,237,65.4235839844
68,240,63.3544921875
68,243,61.5600585938
68,246,60.0402832031
68,249,58.740234375
68,252,57.6416015625
68,255,56.7443847656
68,258,56.0302734375
68,261,55.4626464844
68,264,55.078125
68,267,54.8400878906
68,270,54.7485351562
68,273,54.8034667969
68,276,55.0048828125
68,279,55.37109375
68,282,55.8837890625
68,285,56.5795898438
68,288,57.421875
68,291,58.4655761719
68,294,59.7106933594
68,297,61.1755371094
68,300,62.8784179688
68,303,64.8376464844
68,306,67.1264648438
68,309,69.7265625
68,312,72.7294921875
68,315,76.1535644531
68,318,80.0537109375
68,321,84.3566894531
68,324,88.76953125
68,327,92.3950195312
68,330,93.8781738281
68,333,93.0908203125
68,336,91.2780761719
68,339,89.2639160156
68,342,87.3596191406
68,345,85.6750488281
68,348,84.228515625
68,351,83.0200195312
68,354,82.0678710938
68,357,81.3537597656
68,360,80.8776855469
69,0,80.126953125
69,3,79.8889160156
69,6,79.8706054688
69,9,80.0903320312
69,12,80.5297851562
69,15,81.2255859375
69,18,82.177734375
69,21,83.3862304688
69,24,84.9060058594
69,27,86.7370605469
69,30,88.9343261719
69,33,91.5161132812
69,36,94.5556640625
69,39,98.1262207031
69,42,102.319335938
69,45,107.2265625
69,48,113.031005859
69,51,119.934082031
69,54,128.192138672
69,57,138.134765625
69,60,135.443115234
69,63,131.414794922
69,66,127.972412109
69,69,125.042724609
69,72,122.570800781
69,75,120.520019531
69,78,118.853759766
69,81,117.535400391
69,84,116.528320312
69,87,115.850830078
69,90,115.466308594
69,93,115.356445312
69,96,115.502929688
69,99,115.924072266
69,102,116.564941406
69,105,117.425537109
69,108,118.469238281
69,111,119.659423828
69,114,120.941162109
69,117,122.277832031
69,120,123.614501953
69,123,124.896240234
69,126,126.141357422
69,129,127.587890625
69,132,129.19921875
69,135,130.938720703
69,138,132.71484375
69,141,134.436035156
69,144,135.809326172
69,147,136.834716797
69,150,137.475585938
69,153,137.750244141
69,156,137.640380859
69,159,137.054443359
69,162,136.102294922
69,165,134.893798828
69,168,133.447265625
69,171,131.8359375
69,174,130.169677734
69,177,128.503417969
69,180,126.837158203
69,183,125.244140625
69,186,123.760986328
69,189,122.369384766
69,192,121.087646484
69,195,119.934082031
69,198,118.908691406
69,201,118.048095703
69,204,117.352294922
69,207,116.821289062
69,210,106.475830078
69,213,97.7416992188
69,216,90.5456542969
69,219,84.5581054688
69,222,79.5227050781
69,225,75.2380371094
69,228,71.5759277344
69,231,68.4265136719
69,234,65.7165527344
69,237,63.3911132812
69,240,61.376953125
69,243,59.6557617188
69,246,58.1726074219
69,249,56.9091796875
69,252,55.8471679688
69,255,54.9865722656
69,258,54.2907714844
69,261,53.7414550781
69,264,53.3752441406
69,267,53.1372070312
69,270,53.0456542969
69,273,53.1005859375
69,276,53.3020019531
69,279,53.6499023438
69,282,54.1625976562
69,285,54.8217773438
69,288,55.6457519531
69,291,56.6711425781
69,294,57.861328125
69,297,59.2895507812
69,300,60.9375
69,303,62.8601074219
69,306,65.0756835938
69,309,67.6208496094
69,312,70.5322265625
69,315,73.8830566406
69,318,77.6916503906
69,321,81.9396972656
69,324,86.42578125
69,327,90.3259277344
69,330,92.3034667969
69,333,91.9006347656
69,336,90.2709960938
69,339,88.3483886719
69,342,86.4990234375
69,345,84.8510742188
69,348,83.4228515625
69,351,82.2326660156
69,354,81.298828125
69,357,80.6030273438
69,360,80.126953125
70,0,78.955078125
70,3,78.7170410156
70,6,78.6987304688
70,9,78.9001464844
70,12,79.3395996094
70,15,80.0170898438
70,18,80.9509277344
70,21,82.1411132812
70,24,83.6242675781
70,27,85.4187011719
70,30,87.5793457031
70,33,90.1062011719
70,36,93.0908203125
70,39,96.6064453125
70,42,100.708007812
70,45,105.523681641
70,48,111.218261719
70,51,117.974853516
70,54,126.086425781
70,57,135.864257812
70,60,137.365722656
70,63,133.282470703
70,66,129.78515625
70,69,126.800537109
70,72,124.291992188
70,75,122.204589844
70,78,120.501708984
70,81,119.146728516
70,84,118.121337891
70,87,117.425537109
70,90,117.004394531
70,93,116.876220703
70,96,117.004394531
70,99,117.370605469
70,102,117.993164062
70,105,118.798828125
70,108,119.769287109
70,111,120.867919922
70,114,122.058105469
70,117,123.284912109
70,120,124.493408203
70,123,125.628662109
70,126,126.837158203
70,129,128.265380859
70,132,129.78515625
70,135,131.488037109
70,138,133.099365234
70,141,134.564208984
70,144,135.736083984
70,147,136.5234375
70,150,136.889648438
70,153,136.907958984
70,156,136.505126953
70,159,135.662841797
70,162,134.527587891
70,165,133.154296875
70,168,131.634521484
70,171,129.986572266
70,174,128.283691406
70,177,126.599121094
70,180,124.987792969
70,183,123.431396484
70,186,121.984863281
70,189,120.666503906
70,192,119.439697266
70,195,118.359375
70,198,117.425537109
70,201,116.638183594
70,204,116.015625
70,207,113.507080078
70,210,103.051757812
70,213,94.5922851562
70,216,87.6342773438
70,219,81.8298339844
70,222,76.9592285156
70,225,72.802734375
70,228,69.2687988281
70,231,66.2292480469
70,234,63.6108398438
70,237,61.3586425781
70,240,59.3994140625
70,243,57.7331542969
70,246,56.2866210938
70,249,55.078125
70,252,54.052734375
70,255,53.2104492188
70,258,52.5329589844
70,261,52.0202636719
70,264,51.6540527344
70,267,51.4343261719
70,270,51.3427734375
70,273,51.3977050781
70,276,51.5991210938
70,279,51.9470214844
70,282,52.4230957031
70,285,53.0639648438
70,288,53.8696289062
70,291,54.8583984375
70,294,56.0302734375
70,297,57.4035644531
70,300,58.9965820312
70,303,60.8642578125
70,306,63.0065917969
70,309,65.478515625
70,312,68.3166503906
70,315,71.5576171875
70,318,75.2746582031
70,321,79.4494628906
70,324,83.9172363281
70,327,87.9821777344
70,330,90.3076171875
70,333,90.2526855469
70,336,88.8061523438
70,339,86.9750976562
70,342,85.1989746094
70,345,83.5876464844
70,348,82.177734375
70,351,81.0241699219
70,354,80.1086425781
70,357,79.4128417969
70,360,78.955078125
71,0,77.3986816406
71,3,77.1606445312
71,6,77.1423339844
71,9,77.34375
71,12,77.783203125
71,15,78.4423828125
71,18,79.3395996094
71,21,80.5114746094
71,24,81.9580078125
71,27,83.7158203125
71,30,85.8032226562
71,33,88.2751464844
71,36,91.1865234375
71,39,94.6105957031
71,42,98.6022949219
71,45,103.308105469
71,48,108.856201172
71,51,115.447998047
71,54,123.33984375
71,57,132.897949219
71,60,139.270019531
71,63,135.131835938
71,66,131.579589844
71,69,128.558349609
71,72,126.013183594
71,75,123.889160156
71,78,122.149658203
71,81,120.758056641
71,84,119.696044922
71,87,118.963623047
71,90,118.524169922
71,93,118.341064453
71,96,118.432617188
71,99,118.762207031
71,102,119.311523438
71,105,120.043945312
71,108,120.941162109
71,111,121.948242188
71,114,123.028564453
71,117,124.108886719
71,120,125.09765625
71,123,126.123046875
71,126,127.313232422
71,129,128.649902344
71,132,130.096435547
71,135,131.597900391
71,138,133.081054688
71,141,134.271240234
71,144,135.076904297
71,147,135.534667969
71,150,135.607910156
71,153,135.333251953
71,156,134.637451172
71,159,133.557128906
71,162,132.238769531
71,165,130.737304688
71,168,129.089355469
71,171,127.404785156
71,174,125.701904297
71,177,124.053955078
71,180,122.4609375
71,183,120.977783203
71,186,119.622802734
71,189,118.359375
71,192,117.242431641
71,195,116.235351562
71,198,115.393066406
71,201,114.697265625
71,204,114.166259766
71,207,109.716796875
71,210,99.609375
71,213,91.4428710938
71,216,84.7045898438
71,219,79.1015625
71,222,74.3957519531
71,225,70.3857421875
71,228,66.9616699219
71,231,64.013671875
71,234,61.4868164062
71,237,59.3078613281
71,240,57.421875
71,243,55.810546875
71,246,54.4189453125
71,249,53.2470703125
71,252,52.2583007812
71,255,51.4526367188
71,258,50.7934570312
71,261,50.2990722656
71,264,49.9328613281
71,267,49.7131347656
71,270,49.6398925781
71,273,49.6948242188
71,276,49.8779296875
71,279,50.2258300781
71,282,50.68359375
71,285,51.3061523438
71,288,52.0935058594
71,291,53.0456542969
71,294,54.1625976562
71,297,55.4992675781
71,300,57.0556640625
71,303,58.8500976562
71,306,60.9375
71,309,63.3178710938
71,312,66.0827636719
71,315,69.2321777344
71,318,72.8210449219
71,321,76.8859863281
71,324,81.2805175781
71,327,85.4187011719
71,330,88.0004882812
71,333,88.2202148438
71,336,86.9201660156
71,339,85.1989746094
71,342,83.49609375
71,345,81.9213867188
71,348,80.56640625
71,351,79.4311523438
71,354,78.5339355469
71,357,77.8564453125
71,360,77.3986816406
72,0,75.87890625
72,3,75.6591796875
72,6,75.6408691406
72,9,75.8239746094
72,12,76.2451171875
72,15,76.8859863281
72,18,77.783203125
72,21,78.9184570312
72,24,80.3283691406
72,27,82.03125
72,30,84.08203125
72,33,86.4807128906
72,36,89.3371582031
72,39,92.6513671875
72,42,96.5698242188
72,45,101.147460938
72,48,106.549072266
72,51,112.976074219
72,54,120.666503906
72,57,129.986572266
72,60,141.192626953
72,63,136.999511719
72,66,133.392333984
72,69,130.316162109
72,72,127.734375
72,75,125.555419922
72,78,123.779296875
72,81,122.369384766
72,84,121.270751953
72,87,120.501708984
72,90,120.025634766
72,93,119.805908203
72,96,119.842529297
72,99,120.135498047
72,102,120.611572266
72,105,121.2890625
72,108,122.094726562
72,111,122.991943359
72,114,123.92578125
72,117,124.822998047
72,120,125.68359375
72,123,126.672363281
72,126,127.789306641
72,129,129.052734375
72,132,130.426025391
72,135,131.781005859
72,138,132.989501953
72,141,133.905029297
72,144,134.436035156
72,147,134.619140625
72,150,134.399414062
72,153,133.850097656
72,156,132.861328125
72,159,131.579589844
72,162,130.078125
72,165,128.466796875
72,168,126.763916016
72,171,125.024414062
72,174,123.33984375
72,177,121.710205078
72,180,120.153808594
72,183,118.725585938
72,186,117.425537109
72,189,116.235351562
72,192,115.173339844
72,195,114.2578125
72,198,113.488769531
72,201,112.866210938
72,204,112.408447266
72,207,105.944824219
72,210,96.1853027344
72,213,88.2751464844
72,216,81.7932128906
72,219,76.3732910156
72,222,71.8322753906
72,225,67.9504394531
72,228,64.6545410156
72,231,61.81640625
72,234,59.3811035156
72,237,57.2570800781
72,240,55.4443359375
72,243,53.8879394531
72,246,52.5512695312
72,249,51.416015625
72,252,50.4638671875
72,255,49.6765136719
72,258,49.0539550781
72,261,48.5595703125
72,264,48.2116699219
72,267,48.0102539062
72,270,47.9370117188
72,273,47.9919433594
72,276,48.1750488281
72,279,48.486328125
72,282,48.9440917969
72,285,49.5483398438
72,288,50.2990722656
72,291,51.2145996094
72,294,52.3132324219
72,297,53.5949707031
72,300,55.1147460938
72,303,56.8542480469
72,306,58.8500976562
72,309,61.1755371094
72,312,63.8305664062
72,315,66.8884277344
72,318,70.3857421875
72,321,74.3225097656
72,324,78.662109375
72,327,82.8369140625
72,330,85.6567382812
72,333,86.1694335938
72,336,85.0708007812
72,339,83.4594726562
72,342,81.8115234375
72,345,80.3100585938
72,348,78.9733886719
72,351,77.8747558594
72,354,76.9958496094
72,357,76.3366699219
72,360,75.87890625
73,0,74.3957519531
73,3,74.1760253906
73,6,74.1577148438
73,9,74.3408203125
73,12,74.7436523438
73,15,75.3662109375
73,18,76.2268066406
73,21,77.34375
73,24,78.7170410156
73,27,80.3833007812
73,30,82.3791503906
73,33,84.7412109375
73,36,87.5061035156
73,39,90.7470703125
73,42,94.5556640625
73,45,99.0234375
73,48,104.296875
73,51,110.559082031
73,54,118.048095703
73,57,127.130126953
73,60,138.244628906
73,63,138.848876953
73,66,135.205078125
73,69,132.073974609
73,72,129.437255859
73,75,127.239990234
73,78,125.408935547
73,81,123.962402344
73,84,122.827148438
73,87,122.021484375
73,90,121.508789062
73,93,121.252441406
73,96,121.252441406
73,99,121.472167969
73,102,121.893310547
73,105,122.479248047
73,108,123.193359375
73,111,123.980712891
73,114,124.768066406
73,117,125.518798828
73,120,126.306152344
73,123,127.239990234
73,126,128.265380859
73,129,129.473876953
73,132,130.737304688
73,135,131.927490234
73,138,132.897949219
73,141,133.557128906
73,144,133.813476562
73,147,133.685302734
73,150,133.209228516
73,153,132.403564453
73,156,131.176757812
73,159,129.711914062
73,162,128.082275391
73,165,126.361083984
73,168,124.584960938
73,171,122.845458984
73,174,121.160888672
73,177,119.53125
73,180,118.029785156
73,183,116.638183594
73,186,115.374755859
73,189,114.2578125
73,192,113.269042969
73,195,112.408447266
73,198,111.712646484
73,201,111.163330078
73,204,110.778808594
73,207,102.154541016
73,210,92.7429199219
73,213,85.1257324219
73,216,78.8635253906
73,219,73.6633300781
73,222,69.2687988281
73,225,65.5334472656
73,228,62.3474121094
73,231,59.619140625
73,234,57.2570800781
73,237,55.224609375
73,240,53.466796875
73,243,51.9653320312
73,246,50.68359375
73,249,49.5849609375
73,252,48.6694335938
73,255,47.900390625
73,258,47.2961425781
73,261,46.8383789062
73,264,46.5087890625
73,267,46.3073730469
73,270,46.2341308594
73,273,46.2890625
73,276,46.4538574219
73,279,46.7651367188
73,282,47.2045898438
73,285,47.7905273438
73,288,48.5229492188
73,291,49.4018554688
73,294,50.4638671875
73,297,51.708984375
73,300,53.1555175781
73,303,54.8400878906
73,306,56.7810058594
73,309,59.0148925781
73,312,61.5966796875
73,315,64.5446777344
73,318,67.9321289062
73,321,71.77734375
73,324,76.0070800781
73,327,80.2368164062
73,330,83.2946777344
73,333,84.1186523438
73,336,83.2214355469
73,339,81.73828125
73,342,80.1635742188
73,345,78.6987304688
73,348,77.4169921875
73,351,76.3366699219
73,354,75.4760742188
73,357,74.8352050781
73,360,74.3957519531
74,0,72.9309082031
74,3,72.7111816406
74,6,72.6928710938
74,9,72.8759765625
74,12,73.2788085938
74,15,73.8830566406
74,18,74.7253417969
74,21,75.8056640625
74,24,77.1423339844
74,27,78.7719726562
74,30,80.712890625
74,33,83.0200195312
74,36,85.7116699219
74,39,88.8793945312
74,42,92.5964355469
74,45,96.9543457031
74,48,102.099609375
74,51,108.197021484
74,54,115.502929688
74,57,124.346923828
74,60,135.186767578
74,63,140.716552734
74,66,136.999511719
74,69,133.831787109
74,72,131.140136719
74,75,128.887939453
74,78,127.038574219
74,81,125.537109375
74,84,124.383544922
74,87,123.541259766
74,90,122.973632812
74,93,122.662353516
74,96,122.607421875
74,99,122.772216797
74,102,123.138427734
74,105,123.651123047
74,108,124.273681641
74,111,124.932861328
74,114,125.555419922
74,117,126.177978516
74,120,126.928710938
74,123,127.770996094
74,126,128.778076172
74,129,129.895019531
74,132,131.030273438
74,135,132.073974609
74,138,132.806396484
74,141,133.154296875
74,144,133.172607422
74,147,132.769775391
74,150,132.055664062
74,153,130.993652344
74,156,129.565429688
74,159,127.935791016
74,162,126.177978516
74,165,124.383544922
74,168,122.589111328
74,171,120.812988281
74,174,119.128417969
74,177,117.535400391
74,180,116.052246094
74,183,114.715576172
74,186,113.488769531
74,189,112.426757812
74,192,111.474609375
74,195,110.687255859
74,198,110.046386719
74,201,109.552001953
74,204,109.240722656
74,207,98.3825683594
74,210,89.3005371094
74,213,81.9763183594
74,216,75.9521484375
74,219,70.9350585938
74,222,66.7053222656
74,225,63.1164550781
74,228,60.0402832031
74,231,57.4035644531
74,234,55.1330566406
74,237,53.173828125
74,240,51.4892578125
74,243,50.0427246094
74,246,48.7976074219
74,249,47.75390625
74,252,46.8566894531
74,255,46.142578125
74,258,45.556640625
74,261,45.0988769531
74,264,44.7875976562
74,267,44.5861816406
74,270,44.53125
74,273,44.5678710938
74,276,44.7509765625
74,279,45.0439453125
74,282,45.4650878906
74,285,46.0327148438
74,288,46.728515625
74,291,47.5891113281
74,294,48.6145019531
74,297,49.8046875
74,300,51.2145996094
74,303,52.8259277344
74,306,54.7119140625
74,309,56.8725585938
74,312,59.3444824219
74,315,62.2192382812
74,318,65.478515625
74,321,69.2138671875
74,324,73.3520507812
74,327,77.6000976562
74,330,80.8776855469
74,333,82.0495605469
74,336,81.4086914062
74,339,80.0354003906
74,342,78.5339355469
74,345,77.1240234375
74,348,75.87890625
74,351,74.8352050781
74,354,73.9929199219
74,357,73.3703613281
74,360,72.9309082031
75,0,71.5026855469
75,3,71.2829589844
75,6,71.2646484375
75,9,71.4477539062
75,12,71.8322753906
75,15,72.4182128906
75,18,73.2421875
75,21,74.3041992188
75,24,75.6042480469
75,27,77.197265625
75,30,79.1015625
75,33,81.3354492188
75,36,83.9721679688
75,39,87.0666503906
75,42,90.673828125
75,45,94.9401855469
75,48,99.9389648438
75,51,105.889892578
75,54,112.994384766
75,57,121.618652344
75,60,132.183837891
75,63,142.565917969
75,66,138.793945312
75,69,135.571289062
75,72,132.843017578
75,75,130.554199219
75,78,128.649902344
75,81,127.111816406
75,84,125.921630859
75,87,125.024414062
75,90,124.420166016
75,93,124.072265625
75,96,123.962402344
75,99,124.072265625
75,102,124.365234375
75,105,124.786376953
75,108,125.280761719
75,111,125.811767578
75,114,126.306152344
75,117,126.873779297
75,120,127.551269531
75,123,128.338623047
75,126,129.327392578
75,129,130.316162109
75,132,131.359863281
75,135,132.147216797
75,138,132.659912109
75,141,132.788085938
75,144,132.568359375
75,147,131.927490234
75,150,130.975341797
75,153,129.656982422
75,156,128.045654297
75,159,126.287841797
75,162,124.420166016
75,165,122.552490234
75,168,120.703125
75,171,118.9453125
75,174,117.242431641
75,177,115.667724609
75,180,114.221191406
75,183,112.902832031
75,186,111.730957031
75,189,110.705566406
75,192,109.808349609
75,195,109.075927734
75,198,108.489990234
75,201,108.050537109
75,204,105.596923828
75,207,94.5922851562
75,210,85.8764648438
75,213,78.8269042969
75,216,73.0224609375
75,219,68.2067871094
75,222,64.1418457031
75,225,60.6811523438
75,228,57.7331542969
75,231,55.2062988281
75,234,53.0090332031
75,237,51.1413574219
75,240,49.51171875
75,243,48.1201171875
75,246,46.9299316406
75,249,45.9045410156
75,252,45.0622558594
75,255,44.3664550781
75,258,43.798828125
75,261,43.3776855469
75,264,43.06640625
75,267,42.8833007812
75,270,42.8100585938
75,273,42.8649902344
75,276,43.0297851562
75,279,43.3227539062
75,282,43.7255859375
75,285,44.2749023438
75,288,44.9523925781
75,291,45.7763671875
75,294,46.7468261719
75,297,47.900390625
75,300,49.2553710938
75,303,50.830078125
75,306,52.6245117188
75,309,54.7119140625
75,312,57.1105957031
75,315,59.8754882812
75,318,63.0432128906
75,321,66.650390625
75,324,70.6970214844
75,327,74.9450683594
75,330,78.4423828125
75,333,79.9621582031
75,336,79.5776367188
75,339,78.3325195312
75,342,76.9226074219
75,345,75.5859375
75,348,74.3774414062
75,351,73.3703613281
75,354,72.5463867188
75,357,71.923828125
75,360,71.5026855469
76,0,70.0927734375
76,3,69.8913574219
76,6,69.8547363281
76,9,70.0378417969
76,12,70.4040527344
76,15,70.9899902344
76,18,71.7956542969
76,21,72.8210449219
76,24,74.1027832031
76,27,75.6408691406
76,30,77.5085449219
76,33,79.6875
76,36,82.2692871094
76,39,85.2722167969
76,42,88.8061523438
76,45,92.9443359375
76,48,97.8332519531
76,51,103.637695312
76,54,110.559082031
76,57,118.9453125
76,60,129.235839844
76,63,142.053222656
76,66,140.588378906
76,69,137.329101562
76,72,134.545898438
76,75,132.202148438
76,78,130.261230469
76,81,128.686523438
76,84,127.459716797
76,87,126.507568359
76,90,125.866699219
76,93,125.463867188
76,96,125.299072266
76,99,125.354003906
76,102,125.555419922
76,105,125.866699219
76,108,126.26953125
76,111,126.672363281
76,114,127.056884766
76,117,127.569580078
76,120,128.173828125
76,123,128.942871094
76,126,129.840087891
76,129,130.755615234
76,132,131.616210938
76,135,132.275390625
76,138,132.513427734
76,141,132.385253906
76,144,131.909179688
76,147,131.048583984
76,150,129.876708984
76,153,128.356933594
76,156,126.580810547
76,159,124.694824219
76,162,122.772216797
76,165,120.849609375
76,168,118.963623047
76,171,117.1875
76,174,115.502929688
76,177,113.928222656
76,180,112.518310547
76,183,111.236572266
76,186,110.101318359
76,189,109.112548828
76,192,108.270263672
76,195,107.556152344
76,198,107.025146484
76,201,106.640625
76,204,101.3671875
76,207,90.8020019531
76,210,82.4340820312
76,213,75.6774902344
76,216,70.1110839844
76,219,65.478515625
76,222,61.5600585938
76,225,58.2458496094
76,228,55.4260253906
76,231,52.9907226562
76,234,50.9033203125
76,237,49.0905761719
76,240,47.5341796875
76,243,46.1975097656
76,246,45.0439453125
76,249,44.0734863281
76,252,43.2678222656
76,255,42.5903320312
76,258,42.0593261719
76,261,41.6381835938
76,264,41.3452148438
76,267,41.1804199219
76,270,41.1071777344
76,273,41.162109375
76,276,41.30859375
76,279,41.6015625
76,282,41.9860839844
76,285,42.5170898438
76,288,43.1579589844
76,291,43.9453125
76,294,44.8974609375
76,297,46.0144042969
76,300,47.314453125
76,303,48.8159179688
76,306,50.5554199219
76,309,52.5512695312
76,312,54.8767089844
76,315,57.5317382812
76,318,60.5895996094
76,321,64.0869140625
76,324,68.0236816406
76,327,72.2534179688
76,330,75.9521484375
76,333,77.8564453125
76,336,77.7465820312
76,339,76.6662597656
76,342,75.3479003906
76,345,74.0478515625
76,348,72.8942871094
76,351,71.9055175781
76,354,71.1181640625
76,357,70.5139160156
76,360,70.0927734375
77,0,68.0603027344
77,3,67.8405761719
77,6,67.822265625
77,9,67.9870605469
77,12,68.3532714844
77,15,68.9208984375
77,18,69.6899414062
77,21,70.6787109375
77,24,71.923828125
77,27,73.4069824219
77,30,75.2014160156
77,33,77.3071289062
77,36,79.7973632812
77,39,82.7087402344
77,42,86.1145019531
77,45,90.1062011719
77,48,94.8120117188
77,51,100.396728516
77,54,107.061767578
77,57,115.13671875
77,60,125.042724609
77,63,137.40234375
77,66,142.364501953
77,69,139.050292969
77,72,136.23046875
77,75,133.831787109
77,78,131.8359375
77,81,130.206298828
77,84,128.90625
77,87,127.917480469
77,90,127.185058594
77,93,126.727294922
77,96,126.470947266
77,99,126.397705078
77,102,126.489257812
77,105,126.654052734
77,108,126.892089844
77,111,127.075195312
77,114,127.313232422
77,117,127.697753906
77,120,128.247070312
77,123,128.90625
77,126,129.638671875
77,129,130.389404297
77,132,130.993652344
77,135,131.213378906
77,138,131.085205078
77,141,130.627441406
77,144,129.78515625
77,147,128.594970703
77,150,127.130126953
77,153,125.335693359
77,156,123.376464844
77,159,121.362304688
77,162,119.348144531
77,165,117.370605469
77,168,115.502929688
77,171,113.726806641
77,174,112.078857422
77,177,110.559082031
77,180,109.204101562
77,183,107.995605469
77,186,106.93359375
77,189,106.018066406
77,192,105.249023438
77,195,104.626464844
77,198,104.168701172
77,201,103.875732422
77,204,97.1557617188
77,207,87.0300292969
77,210,79.0100097656
77,213,72.509765625
77,216,67.1813964844
77,219,62.7319335938
77,222,58.9965820312
77,225,55.8288574219
77,228,53.1188964844
77,231,50.7751464844
77,234,48.779296875
77,237,47.0397949219
77,240,45.556640625
77,243,44.2749023438
77,246,43.1762695312
77,249,42.2424316406
77,252,41.455078125
77,255,40.8142089844
77,258,40.3015136719
77,261,39.8986816406
77,264,39.6240234375
77,267,39.4592285156
77,270,39.404296875
77,273,39.4409179688
77,276,39.6057128906
77,279,39.8620605469
77,282,40.2465820312
77,285,40.7409667969
77,288,41.3635253906
77,291,42.1325683594
77,294,43.0297851562
77,297,44.091796875
77,300,45.3369140625
77,303,46.7834472656
77,306,48.4497070312
77,309,50.390625
77,312,52.6062011719
77,315,55.1513671875
77,318,58.0993652344
77,321,61.4685058594
77,324,65.2587890625
77,327,69.3603515625
77,330,73.095703125
77,333,75.1647949219
77,336,75.2746582031
77,339,74.3225097656
77,342,73.095703125
77,345,71.8505859375
77,348,70.751953125
77,351,69.7998046875
77,354,69.0307617188
77,357,68.4448242188
77,360,68.0603027344
78,0,65.9912109375
78,3,65.7897949219
78,6,65.771484375
78,9,65.9362792969
78,12,66.2841796875
78,15,66.8151855469
78,18,67.5659179688
78,21,68.5180664062
78,24,69.7082519531
78,27,71.1547851562
78,30,72.8759765625
78,33,74.9084472656
78,36,77.3071289062
78,39,80.1086425781
78,42,83.3862304688
78,45,87.2314453125
78,48,91.7724609375
78,51,97.1374511719
78,54,103.564453125
78,57,111.309814453
78,60,120.831298828
78,63,132.71484375
78,66,144.122314453
78,69,140.753173828
78,72,137.896728516
78,75,135.443115234
78,78,133.392333984
78,81,131.726074219
78,84,130.352783203
78,87,129.290771484
78,90,128.503417969
78,93,127.954101562
78,96,127.606201172
78,99,127.423095703
78,102,127.331542969
78,105,127.331542969
78,108,127.331542969
78,111,127.368164062
78,114,127.532958984
78,117,127.862548828
78,120,128.283691406
78,123,128.833007812
78,126,129.400634766
78,129,129.895019531
78,132,130.133056641
78,135,130.059814453
78,138,129.565429688
78,141,128.759765625
78,144,127.569580078
78,147,126.086425781
78,150,124.310302734
78,153,122.296142578
78,156,120.190429688
78,159,118.06640625
78,162,115.997314453
78,165,114.001464844
78,168,112.115478516
78,171,110.375976562
78,174,108.764648438
78,177,107.299804688
78,180,105.981445312
78,183,104.846191406
78,186,103.839111328
78,189,102.996826172
78,192,102.301025391
78,195,101.751708984
78,198,101.3671875
78,201,101.147460938
78,204,92.9260253906
78,207,83.2397460938
78,210,75.5676269531
78,213,69.3603515625
78,216,64.2517089844
78,219,60.0036621094
78,222,56.4331054688
78,225,53.3935546875
78,228,50.7934570312
78,231,48.5778808594
78,234,46.6552734375
78,237,44.9890136719
78,240,43.5791015625
78,243,42.3522949219
78,246,41.2902832031
78,249,40.4113769531
78,252,39.6606445312
78,255,39.0380859375
78,258,38.5437011719
78,261,38.1774902344
78,264,37.9028320312
78,267,37.7380371094
78,270,37.6831054688
78,273,37.7380371094
78,276,37.8845214844
78,279,38.1408691406
78,282,38.4887695312
78,285,38.96484375
78,288,39.5690917969
78,291,40.3015136719
78,294,41.162109375
78,297,42.1875
78,300,43.3776855469
78,303,44.7692871094
78,306,46.3623046875
78,309,48.2116699219
78,312,50.3356933594
78,315,52.7893066406
78,318,55.6091308594
78,321,58.8317871094
78,324,62.4938964844
78,327,66.4672851562
78,330,70.2026367188
78,333,72.4365234375
78,336,72.7478027344
78,339,71.9421386719
78,342,70.7885742188
78,345,69.6350097656
78,348,68.5729980469
78,351,67.67578125
78,354,66.943359375
78,357,66.3757324219
78,360,65.9912109375
79,0,63.9587402344
79,3,63.7573242188
79,6,63.7390136719
79,9,63.8854980469
79,12,64.2333984375
79,15,64.74609375
79,18,65.4602050781
79,21,66.3940429688
79,24,67.529296875
79,27,68.9208984375
79,30,70.5871582031
79,33,72.5463867188
79,36,74.853515625
79,39,77.5634765625
79,42,80.712890625
79,45,84.4116210938
79,48,88.7878417969
79,51,93.9514160156
79,54,100.103759766
79,57,107.556152344
79,60,116.693115234
79,63,128.082275391
79,66,142.620849609
79,69,142.474365234
79,72,139.544677734
79,75,137.054443359
79,78,134.948730469
79,81,133.209228516
79,84,131.781005859
79,87,130.645751953
79,90,129.766845703
79,93,129.107666016
79,96,128.649902344
79,99,128.338623047
79,102,128.118896484
79,105,127.935791016
79,108,127.752685547
79,111,127.679443359
79,114,127.770996094
79,117,127.972412109
79,120,128.302001953
79,123,128.741455078
79,126,129.125976562
79,129,129.327392578
79,132,129.235839844
79,135,128.814697266
79,138,127.990722656
79,141,126.85546875
79,144,125.354003906
79,147,123.596191406
79,150,121.563720703
79,153,119.384765625
79,156,117.150878906
79,159,114.953613281
79,162,112.847900391
79,165,110.833740234
79,168,108.966064453
79,171,107.2265625
79,174,105.651855469
79,177,104.241943359
79,180,102.978515625
79,183,101.898193359
79,186,100.946044922
79,189,100.158691406
79,192,99.5361328125
79,195,99.0417480469
79,198,98.73046875
79,201,98.5473632812
79,204,88.6962890625
79,207,79.4494628906
79,210,72.1252441406
79,213,66.2109375
79,216,61.3403320312
79,219,57.275390625
79,222,53.8696289062
79,225,50.9582519531
79,228,48.486328125
79,231,46.3623046875
79,234,44.53125
79,237,42.9565429688
79,240,41.5832519531
79,243,40.4113769531
79,246,39.4226074219
79,249,38.5620117188
79,252,37.8479003906
79,255,37.2619628906
79,258,36.8041992188
79,261,36.4379882812
79,264,36.181640625
79,267,36.03515625
79,270,35.9802246094
79,273,36.0168457031
79,276,36.1633300781
79,279,36.4013671875
79,282,36.7492675781
79,285,37.20703125
79,288,37.7746582031
79,291,38.4704589844
79,294,39.2944335938
79,297,40.283203125
79,300,41.4184570312
79,303,42.7368164062
79,306,44.2749023438
79,309,46.0327148438
79,312,48.0651855469
79,315,50.4089355469
79,318,53.1188964844
79,321,56.2133789062
79,324,59.7106933594
79,327,63.57421875
79,330,67.2912597656
79,333,69.7082519531
79,336,70.2209472656
79,339,69.5617675781
79,342,68.5363769531
79,345,67.4377441406
79,348,66.4306640625
79,351,65.5700683594
79,354,64.8559570312
79,357,64.3249511719
79,360,63.9587402344
80,0,61.9262695312
80,3,61.7431640625
80,6,61.7248535156
80,9,61.8713378906
80,12,62.2009277344
80,15,62.6953125
80,18,63.3911132812
80,21,64.2883300781
80,24,65.3869628906
80,27,66.7236328125
80,30,68.3349609375
80,33,70.2209472656
80,36,72.4365234375
80,39,75.0366210938
80,42,78.076171875
80,45,81.6467285156
80,48,85.83984375
80,51,90.8020019531
80,54,96.7346191406
80,57,103.875732422
80,60,112.628173828
80,63,123.559570312
80,66,137.512207031
80,69,144.177246094
80,72,141.192626953
80,75,138.629150391
80,78,136.468505859
80,81,134.655761719
80,84,133.172607422
80,87,131.945800781
80,90,130.993652344
80,93,130.261230469
80,96,129.675292969
80,99,129.217529297
80,102,128.814697266
80,105,128.430175781
80,108,128.137207031
80,111,128.009033203
80,114,127.990722656
80,117,128.100585938
80,120,128.356933594
80,123,128.594970703
80,126,128.778076172
80,129,128.704833984
80,132,128.3203125
80,135,127.532958984
80,138,126.416015625
80,141,124.932861328
80,144,123.156738281
80,147,121.142578125
80,150,118.927001953
80,153,116.583251953
80,156,114.276123047
80,159,112.023925781
80,162,109.86328125
80,165,107.867431641
80,168,105.981445312
80,171,104.278564453
80,174,102.740478516
80,177,101.3671875
80,180,100.177001953
80,183,99.1149902344
80,186,98.2360839844
80,189,97.5036621094
80,192,96.9177246094
80,195,96.4965820312
80,198,96.2219238281
80,201,95.8923339844
80,204,84.4665527344
80,207,75.6591796875
80,210,68.6828613281
80,213,63.0432128906
80,216,58.4106445312
80,219,54.5471191406
80,222,51.3061523438
80,225,48.5412597656
80,228,46.1791992188
80,231,44.1467285156
80,234,42.4072265625
80,237,40.9057617188
80,240,39.6057128906
80,243,38.4887695312
80,246,37.5366210938
80,249,36.7309570312
80,252,36.0534667969
80,255,35.4858398438
80,258,35.0463867188
80,261,34.6984863281
80,264,34.4604492188
80,267,34.3139648438
80,270,34.2590332031
80,273,34.2956542969
80,276,34.4421386719
80,279,34.6801757812
80,282,35.009765625
80,285,35.4309082031
80,288,35.9802246094
80,291,36.6394042969
80,294,37.4267578125
80,297,38.3605957031
80,300,39.4592285156
80,303,40.72265625
80,306,42.1691894531
80,309,43.8537597656
80,312,45.7946777344
80,315,48.046875
80,318,50.6103515625
80,321,53.5766601562
80,324,56.9458007812
80,327,60.6628417969
80,330,64.3798828125
80,333,66.9616699219
80,336,67.7124023438
80,339,67.2180175781
80,342,66.2841796875
80,345,65.2587890625
80,348,64.306640625
80,351,63.4826660156
80,354,62.8051757812
80,357,62.2924804688
80,360,61.9262695312
81,0,59.9304199219
81,3,59.765625
81,6,59.7473144531
81,9,59.8937988281
81,12,60.205078125
81,15,60.6811523438
81,18,61.3403320312
81,21,62.2009277344
81,24,63.28125
81,27,64.5629882812
81,30,66.1010742188
81,33,67.9321289062
81,36,70.0744628906
81,39,72.5646972656
81,42,75.4943847656
81,45,78.9184570312
81,48,82.9467773438
81,51,87.7075195312
81,54,93.4020996094
81,57,100.268554688
81,60,108.654785156
81,63,119.110107422
81,66,132.458496094
81,69,145.880126953
81,72,142.840576172
81,75,140.203857422
81,78,137.98828125
81,81,136.102294922
81,84,134.545898438
81,87,133.245849609
81,90,132.202148438
81,93,131.323242188
81,96,130.609130859
81,99,129.986572266
81,102,129.437255859
81,105,128.924560547
81,108,128.540039062
81,111,128.283691406
81,114,128.210449219
81,117,128.283691406
81,120,128.356933594
81,123,128.485107422
81,126,128.375244141
81,129,128.063964844
81,132,127.313232422
81,135,126.196289062
81,138,124.8046875
81,141,123.028564453
81,144,120.99609375
81,147,118.762207031
81,150,116.363525391
81,153,113.928222656
81,156,111.529541016
81,159,109.222412109
81,162,107.061767578
81,165,105.047607422
81,168,103.198242188
81,171,101.513671875
81,174,100.012207031
81,177,98.6755371094
81,180,97.5219726562
81,183,96.5148925781
81,186,95.6726074219
81,189,94.9768066406
81,192,94.4458007812
81,195,94.0612792969
81,198,93.8415527344
81,201,91.0949707031
81,204,80.2368164062
81,207,71.8688964844
81,210,65.2404785156
81,213,59.8937988281
81,216,55.4809570312
81,219,51.8188476562
81,222,48.7243652344
81,225,46.1059570312
81,228,43.8720703125
81,231,41.9494628906
81,234,40.283203125
81,237,38.8549804688
81,240,37.6281738281
81,243,36.5661621094
81,246,35.6689453125
81,249,34.8999023438
81,252,34.2407226562
81,255,33.7097167969
81,258,33.2885742188
81,261,32.958984375
81,264,32.7392578125
81,267,32.5927734375
81,270,32.5561523438
81,273,32.5927734375
81,276,32.7209472656
81,279,32.9406738281
81,282,33.251953125
81,285,33.6730957031
81,288,34.1857910156
81,291,34.8083496094
81,294,35.5773925781
81,297,36.4562988281
81,300,37.4816894531
81,303,38.6901855469
81,306,40.0817871094
81,309,41.6748046875
81,312,43.5241699219
81,315,45.6665039062
81,318,48.1201171875
81,321,50.9582519531
81,324,54.1809082031
81,327,57.7697753906
81,330,61.4318847656
81,333,64.1784667969
81,336,65.185546875
81,339,64.8742675781
81,342,64.0502929688
81,345,63.0981445312
81,348,62.2009277344
81,351,61.4135742188
81,354,60.7727050781
81,357,60.2783203125
81,360,59.9304199219
82,0,57.8796386719
82,3,57.6965332031
82,6,57.6782226562
82,9,57.8247070312
82,12,58.1176757812
82,15,58.59375
82,18,59.2346191406
82,21,60.05859375
82,24,61.083984375
82,27,62.3291015625
82,30,63.8122558594
82,33,65.5517578125
82,36,67.6025390625
82,39,70.0012207031
82,42,72.8210449219
82,45,76.0986328125
82,48,79.9621582031
82,51,84.5397949219
82,54,89.9780273438
82,57,96.533203125
82,60,104.553222656
82,63,114.55078125
82,66,127.276611328
82,69,143.975830078
82,72,144.43359375
82,75,141.760253906
82,78,139.471435547
82,81,137.512207031
82,84,135.864257812
82,87,134.47265625
82,90,133.30078125
82,93,132.330322266
82,96,131.469726562
82,99,130.700683594
82,102,129.931640625
82,105,129.290771484
82,108,128.814697266
82,111,128.503417969
82,114,128.356933594
82,117,128.247070312
82,120,128.247070312
82,123,128.100585938
82,126,127.807617188
82,129,127.038574219
82,132,125.994873047
82,135,124.584960938
82,138,122.882080078
82,141,120.812988281
82,144,118.524169922
82,147,116.088867188
82,150,113.525390625
82,153,110.980224609
82,156,108.526611328
82,159,106.201171875
82,162,104.040527344
82,165,102.026367188
82,168,100.213623047
82,171,98.5473632812
82,174,97.1008300781
82,177,95.80078125
82,180,94.6838378906
82,183,93.7316894531
82,186,92.9260253906
82,189,92.28515625
82,192,91.7907714844
82,195,91.4611816406
82,198,91.2780761719
82,201,86.2976074219
82,204,76.0070800781
82,207,68.0969238281
82,210,61.81640625
82,213,56.7443847656
82,216,52.5695800781
82,219,49.0905761719
82,222,46.1608886719
82,225,43.6706542969
82,228,41.5466308594
82,231,39.7338867188
82,234,38.1591796875
82,237,36.8041992188
82,240,35.6506347656
82,243,34.6435546875
82,246,33.7829589844
82,249,33.0505371094
82,252,32.4462890625
82,255,31.93359375
82,258,31.5307617188
82,261,31.2377929688
82,264,31.0180664062
82,267,30.8898925781
82,270,30.8349609375
82,273,30.8715820312
82,276,30.9997558594
82,279,31.201171875
82,282,31.5124511719
82,285,31.8969726562
82,288,32.3913574219
82,291,32.9956054688
82,294,33.7097167969
82,297,34.5336914062
82,300,35.5224609375
82,303,36.6577148438
82,306,37.9760742188
82,309,39.4958496094
82,312,41.2536621094
82,315,43.2861328125
82,318,45.6298828125
82,321,48.3215332031
82,324,51.3977050781
82,327,54.8400878906
82,330,58.447265625
82,333,61.3220214844
82,336,62.548828125
82,339,62.4206542969
82,342,61.7248535156
82,345,60.8642578125
82,348,60.0219726562
82,351,59.2712402344
82,354,58.6669921875
82,357,58.1909179688
82,360,57.8796386719
83,0,55.3161621094
83,3,55.1513671875
83,6,55.1330566406
83,9,55.2795410156
83,12,55.5541992188
83,15,56.0119628906
83,18,56.6162109375
83,21,57.4035644531
83,24,58.3740234375
83,27,59.5642089844
83,30,60.9741210938
83,33,62.6220703125
83,36,64.5812988281
83,39,66.8518066406
83,42,69.5251464844
83,45,72.6379394531
83,48,76.3000488281
83,51,80.6213378906
83,54,85.7849121094
83,57,91.9738769531
83,60,99.5544433594
83,63,108.966064453
83,66,120.959472656
83,69,136.688232422
83,72,145.916748047
83,75,143.206787109
83,78,140.863037109
83,81,138.812255859
83,84,137.054443359
83,87,135.552978516
83,90,134.216308594
83,93,133.044433594
83,96,131.964111328
83,99,130.920410156
83,102,130.004882812
83,105,129.254150391
83,108,128.649902344
83,111,128.155517578
83,114,127.844238281
83,117,127.569580078
83,120,127.258300781
83,123,126.745605469
83,126,125.958251953
83,129,124.749755859
83,132,123.229980469
83,135,121.398925781
83,138,119.23828125
83,141,116.839599609
83,144,114.239501953
83,147,111.566162109
83,150,108.856201172
83,153,106.256103516
83,156,103.784179688
83,159,101.458740234
83,162,99.31640625
83,165,97.3571777344
83,168,95.5810546875
83,171,94.0063476562
83,174,92.6147460938
83,177,91.3879394531
83,180,90.3259277344
83,183,89.4470214844
83,186,88.7145996094
83,189,88.1286621094
83,192,87.7075195312
83,195,87.4328613281
83,198,87.3229980469
83,201,81.5002441406
83,204,71.7956542969
83,207,64.306640625
83,210,58.3740234375
83,213,53.5766601562
83,216,49.6398925781
83,219,46.3623046875
83,222,43.5974121094
83,225,41.2536621094
83,228,39.2395019531
83,231,37.5183105469
83,234,36.03515625
83,237,34.7534179688
83,240,33.6547851562
83,243,32.7209472656
83,246,31.8969726562
83,249,31.2194824219
83,252,30.6335449219
83,255,30.1574707031
83,258,29.7912597656
83,261,29.4982910156
83,264,29.296875
83,267,29.1687011719
83,270,29.1137695312
83,273,29.150390625
83,276,29.2785644531
83,279,29.4799804688
83,282,29.7546386719
83,285,30.1208496094
83,288,30.5969238281
83,291,31.1462402344
83,294,31.8237304688
83,297,32.6293945312
83,300,33.544921875
83,303,34.6252441406
83,306,35.8703613281
83,309,37.3168945312
83,312,38.96484375
83,315,40.8874511719
83,318,43.1030273438
83,321,45.6481933594
83,324,48.5778808594
83,327,51.8371582031
83,330,55.2612304688
83,333,58.1359863281
83,336,59.47265625
83,339,59.4909667969
83,342,58.88671875
83,345,58.0993652344
83,348,57.3303222656
83,351,56.6345214844
83,354,56.0485839844
83,357,55.6091308594
83,360,55.3161621094
84,0,52.7709960938
84,3,52.6245117188
84,6,52.6245117188
84,9,52.7526855469
84,12,53.02734375
84,15,53.4484863281
84,18,54.0161132812
84,21,54.7668457031
84,24,55.7006835938
84,27,56.8176269531
84,30,58.154296875
84,33,59.7290039062
84,36,61.5783691406
84,39,63.7390136719
84,42,66.2658691406
84,45,69.2138671875
84,48,72.6928710938
84,51,76.7761230469
84,54,81.6467285156
84,57,87.4877929688
84,60,94.62890625
84,63,103.491210938
84,66,114.752197266
84,69,129.510498047
84,72,147.36328125
84,75,144.653320312
84,78,142.236328125
84,81,140.075683594
84,84,138.189697266
84,87,136.5234375
84,90,135.021972656
84,93,133.666992188
84,96,132.366943359
84,99,131.103515625
84,102,130.023193359
84,105,129.125976562
84,108,128.411865234
84,111,127.807617188
84,114,127.294921875
84,117,126.782226562
84,120,126.123046875
84,123,125.207519531
84,126,123.962402344
84,129,122.314453125
84,132,120.373535156
84,135,118.121337891
84,138,115.594482422
84,141,112.866210938
84,144,110.028076172
84,147,107.189941406
84,150,104.388427734
84,153,101.751708984
84,156,99.2614746094
84,159,96.97265625
84,162,94.8669433594
84,165,92.9626464844
84,168,91.259765625
84,171,89.7399902344
84,174,88.4033203125
84,177,87.2314453125
84,180,86.2426757812
84,183,85.400390625
84,186,84.7229003906
84,189,84.2102050781
84,192,83.8439941406
84,195,83.6242675781
84,198,83.5693359375
84,201,76.7028808594
84,204,67.5659179688
84,207,60.5163574219
84,210,54.931640625
84,213,50.4272460938
84,216,46.7102050781
84,219,43.6340332031
84,222,41.015625
84,225,38.818359375
84,228,36.9323730469
84,231,35.302734375
84,234,33.9111328125
84,237,32.7209472656
84,240,31.6772460938
84,243,30.7800292969
84,246,30.029296875
84,249,29.3701171875
84,252,28.8391113281
84,255,28.3813476562
84,258,28.0334472656
84,261,27.7587890625
84,264,27.5573730469
84,267,27.4475097656
84,270,27.4108886719
84,273,27.4475097656
84,276,27.5573730469
84,279,27.7404785156
84,282,27.9968261719
84,285,28.3447265625
84,288,28.7841796875
84,291,29.3151855469
84,294,29.9560546875
84,297,30.7067871094
84,300,31.5856933594
84,303,32.5927734375
84,306,33.7646484375
84,309,35.1196289062
84,312,36.6943359375
84,315,38.4887695312
84,318,40.576171875
84,321,42.9931640625
84,324,45.7397460938
84,327,48.8342285156
84,330,52.1118164062
84,333,54.9499511719
84,336,56.396484375
84,339,56.5612792969
84,342,56.0668945312
84,345,55.37109375
84,348,54.6569824219
84,351,53.9978027344
84,354,53.466796875
84,357,53.0639648438
84,360,52.7709960938
85,0,50.2624511719
85,3,50.1159667969
85,6,50.1159667969
85,9,50.244140625
85,12,50.5004882812
85,15,50.9033203125
85,18,51.4526367188
85,21,52.1667480469
85,24,53.0456542969
85,27,54.1076660156
85,30,55.37109375
85,33,56.8725585938
85,36,58.6303710938
85,39,60.6628417969
85,42,63.0615234375
85,45,65.8447265625
85,48,69.1223144531
85,51,72.9858398438
85,54,77.5634765625
85,57,83.0749511719
85,60,89.794921875
85,63,98.1079101562
85,66,108.654785156
85,69,122.4609375
85,72,141.284179688
85,75,146.081542969
85,78,143.5546875
85,81,141.284179688
85,84,139.270019531
85,87,137.438964844
85,90,135.736083984
85,93,134.143066406
85,96,132.604980469
85,99,131.231689453
85,102,130.041503906
85,105,129.016113281
85,108,128.155517578
85,111,127.423095703
85,114,126.672363281
85,117,125.903320312
85,120,124.841308594
85,123,123.504638672
85,126,121.801757812
85,129,119.750976562
85,132,117.407226562
85,135,114.770507812
85,138,111.9140625
85,141,108.911132812
85,144,105.889892578
85,147,102.941894531
85,150,100.103759766
85,153,97.4487304688
85,156,94.9768066406
85,159,92.724609375
85,162,90.673828125
85,165,88.8061523438
85,168,87.158203125
85,171,85.693359375
85,174,84.4116210938
85,177,83.3129882812
85,180,82.3791503906
85,183,81.591796875
85,186,80.9692382812
85,189,80.4931640625
85,192,80.1818847656
85,195,80.0170898438
85,198,79.98046875
85,201,71.9055175781
85,204,63.3361816406
85,207,56.7260742188
85,210,51.4892578125
85,213,47.2595214844
85,216,43.798828125
85,219,40.8874511719
85,222,38.4521484375
85,225,36.3830566406
85,228,34.6252441406
85,231,33.10546875
85,234,31.787109375
85,237,30.6701660156
85,240,29.6997070312
85,243,28.857421875
85,246,28.1433105469
85,249,27.5390625
85,252,27.0263671875
85,255,26.6052246094
85,258,26.2756347656
85,261,26.0192871094
85,264,25.8361816406
85,267,25.7263183594
85,270,25.6896972656
85,273,25.7263183594
85,276,25.8361816406
85,279,26.0009765625
85,282,26.2573242188
85,285,26.5869140625
85,288,26.9897460938
85,291,27.4841308594
85,294,28.0883789062
85,297,28.7841796875
85,300,29.6081542969
85,303,30.5603027344
85,306,31.6589355469
85,309,32.9223632812
85,312,34.4055175781
85,315,36.1083984375
85,318,38.0676269531
85,321,40.3198242188
85,324,42.919921875
85,327,45.8312988281
85,330,48.9440917969
85,333,51.7639160156
85,336,53.3203125
85,339,53.6315917969
85,342,53.2470703125
85,345,52.6428222656
85,348,51.9836425781
85,351,51.3977050781
85,354,50.9033203125
85,357,50.5187988281
85,360,50.2624511719
86,0,47.75390625
86,3,47.6440429688
86,6,47.6440429688
86,9,47.75390625
86,12,48.0102539062
86,15,48.3947753906
86,18,48.9074707031
86,21,49.5849609375
86,24,50.4272460938
86,27,51.4343261719
86,30,52.6245117188
86,33,54.0344238281
86,36,55.7006835938
86,39,57.6232910156
86,42,59.8937988281
86,45,62.5305175781
86,48,65.6066894531
86,51,69.2504882812
86,54,73.5717773438
86,57,78.7536621094
86,60,85.0524902344
86,63,92.8344726562
86,66,102.703857422
86,69,115.576171875
86,72,133.099365234
86,75,147.509765625
86,78,144.854736328
86,81,142.437744141
86,84,140.258789062
86,87,138.244628906
86,90,136.358642578
86,93,134.545898438
86,96,132.806396484
86,99,131.304931641
86,102,130.004882812
86,105,128.887939453
86,108,127.862548828
86,111,126.965332031
86,114,125.9765625
86,117,124.859619141
86,120,123.413085938
86,123,121.655273438
86,126,119.53125
86,129,117.095947266
86,132,114.349365234
86,135,111.364746094
86,138,108.233642578
86,141,105.010986328
86,144,101.861572266
86,147,98.8403320312
86,150,95.9838867188
86,153,93.3471679688
86,156,90.9118652344
86,159,88.6962890625
86,162,86.6821289062
86,165,84.8876953125
86,168,83.2946777344
86,171,81.884765625
86,174,80.6579589844
86,177,79.6142578125
86,180,78.7170410156
86,183,77.9846191406
86,186,77.3986816406
86,189,76.9775390625
86,192,76.7028808594
86,195,76.5563964844
86,198,76.5747070312
86,201,67.1081542969
86,204,59.1064453125
86,207,52.9357910156
86,210,48.0651855469
86,213,44.1101074219
86,216,40.869140625
86,219,38.1591796875
86,222,35.888671875
86,225,33.9477539062
86,228,32.2998046875
86,231,30.8898925781
86,234,29.6630859375
86,237,28.6193847656
86,240,27.7038574219
86,243,26.9348144531
86,246,26.2573242188
86,249,25.6896972656
86,252,25.2319335938
86,255,24.8291015625
86,258,24.5178222656
86,261,24.2797851562
86,264,24.1149902344
86,267,24.0051269531
86,270,23.9685058594
86,273,24.0051269531
86,276,24.0966796875
86,279,24.2614746094
86,282,24.4995117188
86,285,24.8107910156
86,288,25.1953125
86,291,25.6530761719
86,294,26.220703125
86,297,26.8615722656
86,300,27.6306152344
86,303,28.5278320312
86,306,29.5532226562
86,309,30.7434082031
86,312,32.1166992188
86,315,33.7097167969
86,318,35.5407714844
86,321,37.6647949219
86,324,40.1000976562
86,327,42.8466796875
86,330,45.7946777344
86,333,48.5595703125
86,336,50.244140625
86,339,50.7019042969
86,342,50.4455566406
86,345,49.9328613281
86,348,49.3469238281
86,351,48.8159179688
86,354,48.3581542969
86,357,48.0102539062
86,360,47.75390625
87,0,45.2819824219
87,3,45.1721191406
87,6,45.1721191406
87,9,45.2819824219
87,12,45.5200195312
87,15,45.8862304688
87,18,46.3806152344
87,21,47.021484375
87,24,47.8088378906
87,27,48.7609863281
87,30,49.8962402344
87,33,51.2329101562
87,36,52.8076171875
87,39,54.6203613281
87,42,56.7443847656
87,45,59.2346191406
87,48,62.1459960938
87,51,65.5700683594
87,54,69.6166992188
87,57,74.4689941406
87,60,80.3833007812
87,63,87.6525878906
87,66,96.8627929688
87,69,108.837890625
87,72,125.079345703
87,75,148.388671875
87,78,146.081542969
87,81,143.536376953
87,84,141.192626953
87,87,138.995361328
87,90,136.853027344
87,93,134.820556641
87,96,133.0078125
87,99,131.396484375
87,102,129.949951172
87,105,128.686523438
87,108,127.569580078
87,111,126.416015625
87,114,125.225830078
87,117,123.669433594
87,120,121.820068359
87,123,119.659423828
87,126,117.132568359
87,129,114.294433594
87,132,111.199951172
87,135,107.922363281
87,138,104.534912109
87,141,101.165771484
87,144,97.9431152344
87,147,94.8852539062
87,150,92.0471191406
87,153,89.4104003906
87,156,87.01171875
87,159,84.8510742188
87,162,82.8918457031
87,165,81.15234375
87,168,79.6142578125
87,171,78.2775878906
87,174,77.0874023438
87,177,76.0803222656
87,180,75.2380371094
87,183,74.5422363281
87,186,74.0112304688
87,189,73.6267089844
87,192,73.3703613281
87,195,73.2788085938
87,198,72.2900390625
87,201,62.3107910156
87,204,54.8767089844
87,207,49.1455078125
87,210,44.6228027344
87,213,40.9606933594
87,216,37.939453125
87,219,35.4309082031
87,222,33.3251953125
87,225,31.5307617188
87,228,29.9926757812
87,231,28.6743164062
87,234,27.5390625
87,237,26.5686035156
87,240,25.7263183594
87,243,25.0122070312
87,246,24.3896484375
87,249,23.8586425781
87,252,23.4191894531
87,255,23.0529785156
87,258,22.7600097656
87,261,22.5402832031
87,264,22.3937988281
87,267,22.3022460938
87,270,22.265625
87,273,22.2839355469
87,276,22.3754882812
87,279,22.5402832031
87,282,22.7416992188
87,285,23.0346679688
87,288,23.3825683594
87,291,23.8220214844
87,294,24.3347167969
87,297,24.9572753906
87,300,25.6530761719
87,303,26.4953613281
87,306,27.4475097656
87,309,28.5461425781
87,312,29.8278808594
87,315,31.3110351562
87,318,33.0139160156
87,321,34.9914550781
87,324,37.2802734375
87,327,39.84375
87,330,42.626953125
87,333,45.3369140625
87,336,47.1496582031
87,339,47.7722167969
87,342,47.6440429688
87,345,47.2229003906
87,348,46.7102050781
87,351,46.2341308594
87,354,45.8129882812
87,357,45.5017089844
87,360,45.2819824219
88,0,42.2607421875
88,3,42.1691894531
88,6,42.1691894531
88,9,42.2790527344
88,12,42.5170898438
88,15,42.8466796875
88,18,43.3227539062
88,21,43.9086914062
88,24,44.6411132812
88,27,45.5383300781
88,30,46.58203125
88,33,47.8271484375
88,36,49.2736816406
88,39,50.9765625
88,42,52.9541015625
88,45,55.2429199219
88,48,57.9345703125
88,51,61.1022949219
88,54,64.8559570312
88,57,69.3237304688
88,60,74.7619628906
88,63,81.4453125
88,66,89.8681640625
88,69,100.78125
88,72,115.521240234
88,75,136.633300781
88,78,146.759033203
88,81,144.177246094
88,84,141.723632812
88,87,139.288330078
88,90,136.871337891
88,93,134.619140625
88,96,132.641601562
88,99,130.865478516
88,102,129.235839844
88,105,127.752685547
88,108,126.324462891
88,111,124.749755859
88,114,122.955322266
88,117,120.849609375
88,120,118.341064453
88,123,115.539550781
88,126,112.426757812
88,129,109.039306641
88,132,105.487060547
88,135,101.824951172
88,138,98.2177734375
88,141,94.7387695312
88,144,91.4794921875
88,147,88.4399414062
88,150,85.6567382812
88,153,83.1115722656
88,156,80.8044433594
88,159,78.7353515625
88,162,76.8859863281
88,165,75.2380371094
88,168,73.8098144531
88,171,72.5463867188
88,174,71.4477539062
88,177,70.5139160156
88,180,69.7448730469
88,183,69.1223144531
88,186,68.6462402344
88,189,68.3166503906
88,192,68.1335449219
88,195,68.0786132812
88,198,66.7236328125
88,201,57.5134277344
88,204,50.6469726562
88,207,45.3735351562
88,210,41.1804199219
88,213,37.79296875
88,216,35.009765625
88,219,32.7026367188
88,222,30.7434082031
88,225,29.0954589844
88,228,27.685546875
88,231,26.4587402344
88,234,25.4150390625
88,237,24.5178222656
88,240,23.7487792969
88,243,23.0712890625
88,246,22.5036621094
88,249,22.0275878906
88,252,21.6064453125
88,255,21.2768554688
88,258,21.0021972656
88,261,20.80078125
88,264,20.654296875
88,267,20.5810546875
88,270,20.5444335938
88,273,20.5810546875
88,276,20.654296875
88,279,20.80078125
88,282,21.0021972656
88,285,21.2585449219
88,288,21.5881347656
88,291,21.9909667969
88,294,22.4670410156
88,297,23.0346679688
88,300,23.6938476562
88,303,24.4445800781
88,306,25.3234863281
88,309,26.3488769531
88,312,27.5390625
88,315,28.8940429688
88,318,30.4870605469
88,321,32.2998046875
88,324,34.4055175781
88,327,36.7858886719
88,330,39.3676757812
88,333,41.89453125
88,336,43.6706542969
88,339,44.3481445312
88,342,44.3298339844
88,345,43.9819335938
88,348,43.5424804688
88,351,43.1030273438
88,354,42.7368164062
88,357,42.4621582031
88,360,42.2607421875
89,0,39.2578125
89,3,39.1845703125
89,6,39.1845703125
89,9,39.2944335938
89,12,39.5141601562
89,15,39.8254394531
89,18,40.2648925781
89,21,40.8142089844
89,24,41.4916992188
89,27,42.3156738281
89,30,43.2861328125
89,33,44.4396972656
89,36,45.7946777344
89,39,47.3510742188
89,42,49.1821289062
89,45,51.3061523438
89,48,53.7780761719
89,51,56.689453125
89,54,60.1501464844
89,57,64.2517089844
89,60,69.2321777344
89,63,75.3295898438
89,66,83.0017089844
89,69,92.9077148438
89,72,106.219482422
89,75,125.152587891
89,78,147.344970703
89,81,144.799804688
89,84,142.199707031
89,87,139.379882812
89,90,136.761474609
89,93,134.381103516
89,96,132.202148438
89,99,130.242919922
89,102,128.411865234
89,105,126.635742188
89,108,124.8046875
89,111,122.75390625
89,114,120.336914062
89,117,117.608642578
89,120,114.514160156
89,123,111.126708984
89,126,107.427978516
89,129,103.564453125
89,132,99.609375
89,135,95.6909179688
89,138,91.9555664062
89,141,88.4765625
89,144,85.2172851562
89,147,82.2509765625
89,150,79.5593261719
89,153,77.1057128906
89,156,74.9084472656
89,159,72.9309082031
89,162,71.19140625
89,165,69.6533203125
89,168,68.3166503906
89,171,67.1264648438
89,174,66.1193847656
89,177,65.2770996094
89,180,64.5629882812
89,183,64.013671875
89,186,63.5925292969
89,189,63.2995605469
89,192,63.1530761719
89,195,63.134765625
89,198,61.1572265625
89,201,52.7160644531
89,204,46.4172363281
89,207,41.5832519531
89,210,37.7380371094
89,213,34.6435546875
89,216,32.0983886719
89,219,29.9743652344
89,222,28.1799316406
89,225,26.66015625
89,228,25.3601074219
89,231,24.2614746094
89,234,23.291015625
89,237,22.4670410156
89,240,21.7529296875
89,243,21.1486816406
89,246,20.6176757812
89,249,20.1782226562
89,252,19.8120117188
89,255,19.5007324219
89,258,19.2626953125
89,261,19.0612792969
89,264,18.9331054688
89,267,18.8598632812
89,270,18.8232421875
89,273,18.8598632812
89,276,18.9331054688
89,279,19.0612792969
89,282,19.2443847656
89,285,19.482421875
89,288,19.7937011719
89,291,20.1599121094
89,294,20.5993652344
89,297,21.1120605469
89,300,21.7163085938
89,303,22.412109375
89,306,23.2177734375
89,309,24.1516113281
89,312,25.2319335938
89,315,26.4953613281
89,318,27.9418945312
89,321,29.6081542969
89,324,31.5490722656
89,327,33.7280273438
89,330,36.1083984375
89,333,38.4521484375
89,336,40.2099609375
89,339,40.9423828125
89,342,40.9973144531
89,345,40.7409667969
89,348,40.3747558594
89,351,40.0085449219
89,354,39.6789550781
89,357,39.4226074219
89,360,39.2578125
90,0,36.2731933594
90,3,36.1999511719
90,6,36.2182617188
90,9,36.328125
90,12,36.5295410156
90,15,36.8225097656
90,18,37.2253417969
90,21,37.7380371094
90,24,38.3605957031
90,27,39.1296386719
90,30,40.0268554688
90,33,41.0888671875
90,36,42.3156738281
90,39,43.7622070312
90,42,45.4467773438
90,45,47.3876953125
90,48,49.6765136719
90,51,52.3498535156
90,54,55.4992675781
90,57,59.2529296875
90,60,63.7939453125
90,63,69.3420410156
90,66,76.3000488281
90,69,85.2355957031
90,72,97.1923828125
90,75,114.056396484
90,78,139.965820312
90,81,145.422363281
90,84,142.474365234
90,87,139.398193359
90,90,136.578369141
90,93,134.051513672
90,96,131.689453125
90,99,129.528808594
90,102,127.459716797
90,105,125.317382812
90,108,122.991943359
90,111,120.391845703
90,114,117.333984375
90,117,113.96484375
90,120,110.266113281
90,123,106.274414062
90,126,102.099609375
90,129,97.8149414062
90,132,93.5852050781
90,135,89.5751953125
90,138,85.8215332031
90,141,82.3608398438
90,144,79.1748046875
90,147,76.3000488281
90,150,73.7182617188
90,153,71.3745117188
90,156,69.287109375
90,159,67.4377441406
90,162,65.8081054688
90,165,64.3615722656
90,168,63.1164550781
90,171,62.0178222656
90,174,61.083984375
90,177,60.2966308594
90,180,59.6557617188
90,183,59.1430664062
90,186,58.7768554688
90,189,58.5388183594
90,192,58.4106445312
90,195,58.4289550781
90,198,55.5908203125
90,201,47.9187011719
90,204,42.1875
90,207,37.79296875
90,210,34.3139648438
90,213,31.494140625
90,216,29.1687011719
90,219,27.24609375
90,222,25.6164550781
90,225,24.2431640625
90,228,23.0529785156
90,231,22.0458984375
90,234,21.1669921875
90,237,20.4162597656
90,240,19.775390625
90,243,19.2260742188
90,246,18.75
90,249,18.3471679688
90,252,17.9992675781
90,255,17.724609375
90,258,17.5048828125
90,261,17.3217773438
90,264,17.2119140625
90,267,17.138671875
90,270,17.1203613281
90,273,17.138671875
90,276,17.2119140625
90,279,17.3217773438
90,282,17.4865722656
90,285,17.7062988281
90,288,17.9809570312
90,291,18.310546875
90,294,18.7133789062
90,297,19.189453125
90,300,19.7387695312
90,303,20.361328125
90,306,21.1120605469
90,309,21.9543457031
90,312,22.9431152344
90,315,24.0783691406
90,318,25.3967285156
90,321,26.9348144531
90,324,28.6926269531
90,327,30.6884765625
90,330,32.8491210938
90,333,35.0280761719
90,336,36.7309570312
90,339,37.5366210938
90,342,37.6831054688
90,345,37.5
90,348,37.20703125
90,351,36.8957519531
90,354,36.62109375
90,357,36.4013671875
90,360,36.2731933594
91,0,33.2885742188
91,3,33.2336425781
91,6,33.251953125
91,9,33.3618164062
91,12,33.5632324219
91,15,33.837890625
91,18,34.2041015625
91,21,34.6801757812
91,24,35.2478027344
91,27,35.9436035156
91,30,36.7858886719
91,33,37.7563476562
91,36,38.8916015625
91,39,40.2099609375
91,42,41.748046875
91,45,43.5241699219
91,48,45.6115722656
91,51,48.046875
91,54,50.9216308594
91,57,54.3273925781
91,60,58.447265625
91,63,63.4826660156
91,66,69.7448730469
91,69,77.7648925781
91,72,88.4216308594
91,75,103.326416016
91,78,125.994873047
91,81,145.971679688
91,84,142.547607422
91,87,139.361572266
91,90,136.358642578
91,93,133.630371094
91,96,131.121826172
91,99,128.704833984
91,102,126.306152344
91,105,123.724365234
91,108,120.812988281
91,111,117.553710938
91,114,113.909912109
91,117,109.936523438
91,120,105.615234375
91,123,101.092529297
91,126,96.4599609375
91,129,91.9006347656
91,132,87.5793457031
91,135,83.5144042969
91,138,79.8156738281
91,141,76.4099121094
91,144,73.3520507812
91,147,70.5871582031
91,150,68.115234375
91,153,65.8996582031
91,156,63.9404296875
91,159,62.2192382812
91,162,60.6811523438
91,165,59.3444824219
91,168,58.1726074219
91,171,57.1472167969
91,174,56.2866210938
91,177,55.5725097656
91,180,54.9865722656
91,183,54.5288085938
91,186,54.19921875
91,189,53.9978027344
91,192,53.90625
91,195,53.9428710938
91,198,50.0244140625
91,201,43.1030273438
91,204,37.9760742188
91,207,34.0026855469
91,210,30.8715820312
91,213,28.3264160156
91,216,26.2390136719
91,219,24.5178222656
91,222,23.0529785156
91,225,21.8078613281
91,228,20.7458496094
91,231,19.8303222656
91,234,19.04296875
91,237,18.3837890625
91,240,17.7978515625
91,243,17.28515625
91,246,16.8640136719
91,249,16.4978027344
91,252,16.2048339844
91,255,15.9484863281
91,258,15.7470703125
91,261,15.6005859375
91,264,15.4907226562
91,267,15.4174804688
91,270,15.3991699219
91,273,15.4174804688
91,276,15.4724121094
91,279,15.5822753906
91,282,15.7287597656
91,285,15.9301757812
91,288,16.1865234375
91,291,16.4794921875
91,294,16.845703125
91,297,17.2668457031
91,300,17.7612304688
91,303,18.3288574219
91,306,18.9880371094
91,309,19.7570800781
91,312,20.654296875
91,315,21.6796875
91,318,22.8698730469
91,321,24.2431640625
91,324,25.8361816406
91,327,27.6306152344
91,330,29.6081542969
91,333,31.6040039062
91,336,33.251953125
91,339,34.130859375
91,342,34.3505859375
91,345,34.27734375
91,348,34.0576171875
91,351,33.8012695312
91,354,33.5815429688
91,357,33.3984375
91,360,33.2885742188
92,0,30.1391601562
92,3,30.1025390625
92,6,30.1391601562
92,9,30.2307128906
92,12,30.4138183594
92,15,30.6701660156
92,18,31.0180664062
92,21,31.4392089844
92,24,31.9702148438
92,27,32.6110839844
92,30,33.3618164062
92,33,34.2407226562
92,36,35.2661132812
92,39,36.4562988281
92,42,37.8479003906
92,45,39.4592285156
92,48,41.3269042969
92,51,43.5241699219
92,54,46.1059570312
92,57,49.1638183594
92,60,52.8625488281
92,63,57.3486328125
92,66,62.9150390625
92,69,70.01953125
92,72,79.3762207031
92,75,92.3583984375
92,78,111.822509766
92,81,145.111083984
92,84,142.034912109
92,87,138.793945312
92,90,135.827636719
92,93,132.934570312
92,96,130.206298828
92,99,127.44140625
92,102,124.548339844
92,105,121.380615234
92,108,117.7734375
92,111,113.763427734
92,114,109.405517578
92,117,104.681396484
92,120,99.7009277344
92,123,94.62890625
92,126,89.6667480469
92,129,84.9609375
92,132,80.5847167969
92,135,76.611328125
92,138,73.0041503906
92,141,69.7448730469
92,144,66.8334960938
92,147,64.2333984375
92,150,61.9262695312
92,153,59.8754882812
92,156,58.0627441406
92,159,56.4514160156
92,162,55.0415039062
92,165,53.8146972656
92,168,52.734375
92,171,51.8188476562
92,174,51.0314941406
92,177,50.390625
92,180,49.8596191406
92,183,49.4567871094
92,186,49.1638183594
92,189,48.9990234375
92,192,48.92578125
92,195,48.9807128906
92,198,44.4580078125
92,201,38.3056640625
92,204,33.7463378906
92,207,30.2124023438
92,210,27.4291992188
92,213,25.1770019531
92,216,23.3276367188
92,219,21.7712402344
92,222,20.4711914062
92,225,19.3725585938
92,228,18.4387207031
92,231,17.6330566406
92,234,16.9372558594
92,237,16.3330078125
92,240,15.8020019531
92,243,15.3625488281
92,246,14.9780273438
92,249,14.6667480469
92,252,14.3920898438
92,255,14.1723632812
92,258,13.9892578125
92,261,13.8610839844
92,264,13.7512207031
92,267,13.6962890625
92,270,13.6779785156
92,273,13.6962890625
92,276,13.7512207031
92,279,13.8427734375
92,282,13.9892578125
92,285,14.1540527344
92,288,14.3737792969
92,291,14.6484375
92,294,14.9597167969
92,297,15.3442382812
92,300,15.7836914062
92,303,16.2963867188
92,306,16.8823242188
92,309,17.5598144531
92,312,18.3471679688
92,315,19.2626953125
92,318,20.3247070312
92,321,21.5515136719
92,324,22.9614257812
92,327,24.5727539062
92,330,26.3488769531
92,333,28.1433105469
92,336,29.6813964844
92,339,30.5786132812
92,342,30.8898925781
92,345,30.8898925781
92,348,30.7434082031
92,351,30.5419921875
92,354,30.3771972656
92,357,30.2307128906
92,360,30.1391601562
93,0,26.6052246094
93,3,26.5869140625
93,6,26.6235351562
93,9,26.7333984375
93,12,26.8981933594
93,15,27.1362304688
93,18,27.4291992188
93,21,27.8137207031
93,24,28.2897949219
93,27,28.857421875
93,30,29.5166015625
93,33,30.3039550781
93,36,31.201171875
93,39,32.2631835938
93,42,33.4716796875
93,45,34.8999023438
93,48,36.5478515625
93,51,38.4704589844
93,54,40.7409667969
93,57,43.4143066406
93,60,46.6369628906
93,63,50.5554199219
93,66,55.37109375
93,69,61.5051269531
93,72,69.5068359375
93,75,80.4748535156
93,78,96.6247558594
93,81,123.559570312
93,84,140.441894531
93,87,137.603759766
93,90,134.710693359
93,93,131.671142578
93,96,128.485107422
93,99,125.170898438
93,102,121.490478516
93,105,117.352294922
93,108,112.79296875
93,111,107.849121094
93,114,102.429199219
93,117,96.8078613281
93,120,91.1315917969
93,123,85.6384277344
93,126,80.4931640625
93,129,75.8239746094
93,132,71.5576171875
93,135,67.7673339844
93,138,64.3798828125
93,141,61.376953125
93,144,58.7036132812
93,147,56.3415527344
93,150,54.2724609375
93,153,52.4230957031
93,156,50.7934570312
93,159,49.365234375
93,162,48.1201171875
93,165,47.021484375
93,168,46.0876464844
93,171,45.263671875
93,174,44.5861816406
93,177,44.0185546875
93,180,43.5607910156
93,183,43.2312011719
93,186,42.9931640625
93,189,42.8466796875
93,192,42.8100585938
93,195,42.8649902344
93,198,38.8732910156
93,201,33.5083007812
93,204,29.5166015625
93,207,26.4221191406
93,210,23.9868164062
93,213,22.0092773438
93,216,20.3979492188
93,219,19.04296875
93,222,17.9077148438
93,225,16.9372558594
93,228,16.11328125
93,231,15.4174804688
93,234,14.8132324219
93,237,14.2822265625
93,240,13.8244628906
93,243,13.4399414062
93,246,13.1103515625
93,249,12.8173828125
93,252,12.5793457031
93,255,12.3962402344
93,258,12.2314453125
93,261,12.1215820312
93,264,12.0300292969
93,267,11.9750976562
93,270,11.9567871094
93,273,11.9750976562
93,276,12.0300292969
93,279,12.1032714844
93,282,12.2314453125
93,285,12.3779296875
93,288,12.5793457031
93,291,12.7990722656
93,294,13.0920410156
93,297,13.4216308594
93,300,13.8061523438
93,303,14.2456054688
93,306,14.7583007812
93,309,15.3625488281
93,312,16.0400390625
93,315,16.845703125
93,318,17.7795410156
93,321,18.8415527344
93,324,20.0866699219
93,327,21.4965820312
93,330,23.0346679688
93,333,24.609375
93,336,25.9826660156
93,339,26.8249511719
93,342,27.1362304688
93,345,27.1728515625
93,348,27.0812988281
93,351,26.9348144531
93,354,26.7883300781
93,357,26.6784667969
93,360,26.6052246094
94,0,23.0895996094
94,3,23.0895996094
94,6,23.1262207031
94,9,23.2360839844
94,12,23.3825683594
94,15,23.583984375
94,18,23.8586425781
94,21,24.2065429688
94,24,24.609375
94,27,25.1037597656
94,30,25.6896972656
94,33,26.3671875
94,36,27.1545410156
94,39,28.0700683594
94,42,29.1320800781
94,45,30.3588867188
94,48,31.8054199219
94,51,33.4716796875
94,54,35.4309082031
94,57,37.7380371094
94,60,40.5029296875
94,63,43.8537597656
94,66,47.9919433594
94,69,53.1921386719
94,72,59.9487304688
94,75,69.0856933594
94,78,82.2875976562
94,81,103.619384766
94,84,139.178466797
94,87,136.688232422
94,90,133.685302734
94,93,130.114746094
94,96,126.306152344
94,99,122.16796875
94,102,117.517089844
94,105,112.371826172
94,108,106.768798828
94,111,100.653076172
94,114,94.2810058594
94,117,87.890625
94,120,81.7932128906
94,123,76.1901855469
94,126,71.1181640625
94,129,66.6137695312
94,132,62.6220703125
94,135,59.1064453125
94,138,56.0119628906
94,141,53.2836914062
94,144,50.9033203125
94,147,48.7976074219
94,150,46.9482421875
94,153,45.3186035156
94,156,43.8903808594
94,159,42.626953125
94,162,41.5283203125
94,165,40.576171875
94,168,39.7521972656
94,171,39.0563964844
94,174,38.4704589844
94,177,37.9760742188
94,180,37.5915527344
94,183,37.2985839844
94,186,37.0971679688
94,189,37.0056152344
94,192,36.9873046875
94,195,37.0422363281
94,198,33.3068847656
94,201,28.7109375
94,204,25.2868652344
94,207,22.6501464844
94,210,20.5444335938
94,213,18.8598632812
94,216,17.4682617188
94,219,16.3146972656
94,222,15.3442382812
94,225,14.5202636719
94,228,13.8061523438
94,231,13.2019042969
94,234,12.6892089844
94,237,12.2314453125
94,240,11.8469238281
94,243,11.5173339844
94,246,11.2243652344
94,249,10.986328125
94,252,10.7849121094
94,255,10.6201171875
94,258,10.4736328125
94,261,10.3820800781
94,264,10.3088378906
94,267,10.2722167969
94,270,10.25390625
94,273,10.25390625
94,276,10.3088378906
94,279,10.3820800781
94,282,10.4736328125
94,285,10.6018066406
94,288,10.7666015625
94,291,10.9680175781
94,294,11.2060546875
94,297,11.4990234375
94,300,11.8286132812
94,303,12.1948242188
94,306,12.6525878906
94,309,13.1652832031
94,312,13.7512207031
94,315,14.4287109375
94,318,15.2160644531
94,321,16.1499023438
94,324,17.1936035156
94,327,18.4020996094
94,330,19.7387695312
94,333,21.0754394531
94,336,22.265625
94,339,23.0529785156
94,342,23.3825683594
94,345,23.4558105469
94,348,23.4008789062
94,351,23.3093261719
94,354,23.2177734375
94,357,23.14453125
94,360,23.0895996094
95,0,19.5739746094
95,3,19.5922851562
95,6,19.62890625
95,9,19.7204589844
95,12,19.8669433594
95,15,20.0500488281
95,18,20.2880859375
95,21,20.5810546875
95,24,20.947265625
95,27,21.3684082031
95,30,21.8627929688
95,33,22.4487304688
95,36,23.1262207031
95,39,23.9135742188
95,42,24.8291015625
95,45,25.8728027344
95,48,27.0812988281
95,51,28.5095214844
95,54,30.1574707031
95,57,32.1166992188
95,60,34.4604492188
95,63,37.2802734375
95,66,40.7409667969
95,69,45.0805664062
95,72,50.6652832031
95,75,58.154296875
95,78,68.7744140625
95,81,85.3454589844
95,84,116.784667969
95,87,135.9375
95,90,132.257080078
95,93,128.063964844
95,96,123.486328125
95,99,118.322753906
95,102,112.554931641
95,105,106.256103516
95,108,99.31640625
95,111,92.0654296875
95,114,84.8510742188
95,117,78.0395507812
95,120,71.8688964844
95,123,66.4123535156
95,126,61.6149902344
95,129,57.4401855469
95,132,53.7963867188
95,135,50.6469726562
95,138,47.900390625
95,141,45.5017089844
95,144,43.3959960938
95,147,41.5649414062
95,150,39.9536132812
95,153,38.525390625
95,156,37.2985839844
95,159,36.1999511719
95,162,35.2661132812
95,165,34.4421386719
95,168,33.7280273438
95,171,33.1420898438
95,174,32.6293945312
95,177,32.2265625
95,180,31.8969726562
95,183,31.6589355469
95,186,31.494140625
95,189,31.4208984375
95,192,31.4025878906
95,195,31.4758300781
95,198,27.7404785156
95,201,23.9135742188
95,204,21.0571289062
95,207,18.8598632812
95,210,17.1203613281
95,213,15.7104492188
95,216,14.5568847656
95,219,13.5864257812
95,222,12.7807617188
95,225,12.0849609375
95,228,11.4990234375
95,231,10.986328125
95,234,10.5651855469
95,237,10.1806640625
95,240,9.86938476562
95,243,9.57641601562
95,246,9.33837890625
95,249,9.13696289062
95,252,8.97216796875
95,255,8.84399414062
95,258,8.73413085938
95,261,8.642578125
95,264,8.58764648438
95,267,8.55102539062
95,270,8.53271484375
95,273,8.55102539062
95,276,8.5693359375
95,279,8.642578125
95,282,8.7158203125
95,285,8.82568359375
95,288,8.97216796875
95,291,9.13696289062
95,294,9.33837890625
95,297,9.57641601562
95,300,9.85107421875
95,303,10.1623535156
95,306,10.5285644531
95,309,10.9497070312
95,312,11.4440917969
95,315,12.01171875
95,318,12.6708984375
95,321,13.4399414062
95,324,14.3188476562
95,327,15.3259277344
95,330,16.4245605469
95,333,17.5598144531
95,336,18.5668945312
95,339,19.2810058594
95,342,19.62890625
95,345,19.7387695312
95,348,19.7387695312
95,351,19.7021484375
95,354,19.62890625
95,357,19.5922851562
95,360,19.5739746094
96,0,16.0400390625
96,3,16.0766601562
96,6,16.1315917969
96,9,16.2231445312
96,12,16.3513183594
96,15,16.5161132812
96,18,16.7175292969
96,21,16.9738769531
96,24,17.2668457031
96,27,17.6330566406
96,30,18.0541992188
96,33,18.5485839844
96,36,19.0979003906
96,39,19.7570800781
96,42,20.5078125
96,45,21.38671875
96,48,22.3937988281
96,51,23.5656738281
96,54,24.9389648438
96,57,26.5502929688
96,60,28.4729003906
96,63,30.7800292969
96,66,33.6181640625
96,69,37.1520996094
96,72,41.6564941406
96,75,47.6440429688
96,78,55.9753417969
96,81,68.5913085938
96,84,90.8935546875
96,87,135.05859375
96,90,130.426025391
96,93,125.408935547
96,96,119.787597656
96,99,113.397216797
96,102,106.329345703
96,105,98.4924316406
96,108,90.1611328125
96,111,81.9580078125
96,114,74.267578125
96,117,67.4560546875
96,120,61.5417480469
96,123,56.4331054688
96,126,52.0751953125
96,129,48.33984375
96,132,45.1538085938
96,135,42.4072265625
96,138,40.0268554688
96,141,37.9577636719
96,144,36.1633300781
96,147,34.5886230469
96,150,33.2153320312
96,153,32.0251464844
96,156,30.9631347656
96,159,30.0476074219
96,162,29.2602539062
96,165,28.564453125
96,168,27.978515625
96,171,27.4841308594
96,174,27.0629882812
96,177,26.7150878906
96,180,26.4587402344
96,183,26.2573242188
96,186,26.1291503906
96,189,26.07421875
96,192,26.07421875
96,195,26.1474609375
96,198,22.1740722656
96,201,19.0979003906
96,204,16.8273925781
96,207,15.0695800781
96,210,13.6779785156
96,213,12.5427246094
96,216,11.6271972656
96,219,10.8581542969
96,222,10.1989746094
96,225,9.64965820312
96,228,9.19189453125
96,231,8.7890625
96,234,8.44116210938
96,237,8.1298828125
96,240,7.87353515625
96,243,7.65380859375
96,246,7.470703125
96,249,7.30590820312
96,252,7.177734375
96,255,7.06787109375
96,258,6.97631835938
96,261,6.90307617188
96,264,6.84814453125
96,267,6.82983398438
96,270,6.8115234375
96,273,6.82983398438
96,276,6.84814453125
96,279,6.90307617188
96,282,6.9580078125
96,285,7.04956054688
96,288,7.15942382812
96,291,7.30590820312
96,294,7.45239257812
96,297,7.65380859375
96,300,7.85522460938
96,303,8.11157226562
96,306,8.40454101562
96,309,8.75244140625
96,312,9.1552734375
96,315,9.5947265625
96,318,10.1257324219
96,321,10.7482910156
96,324,11.4440917969
96,327,12.2497558594
96,330,13.1469726562
96,333,14.0441894531
96,336,14.8681640625
96,339,15.5090332031
96,342,15.8752441406
96,345,16.0217285156
96,348,16.0766601562
96,351,16.0766601562
96,354,16.0583496094
96,357,16.0400390625
96,360,16.0400390625
97,0,12.0666503906
97,3,12.1032714844
97,6,12.158203125
97,9,12.2314453125
97,12,12.3229980469
97,15,12.451171875
97,18,12.6159667969
97,21,12.8173828125
97,24,13.0554199219
97,27,13.330078125
97,30,13.6596679688
97,33,14.0258789062
97,36,14.4653320312
97,39,14.9597167969
97,42,15.52734375
97,45,16.1865234375
97,48,16.9555664062
97,51,17.8527832031
97,54,18.896484375
97,57,20.1232910156
97,60,21.5698242188
97,63,23.3093261719
97,66,25.4333496094
97,69,28.0517578125
97,72,31.4025878906
97,75,35.7788085938
97,78,41.7846679688
97,81,50.5554199219
97,84,65.0207519531
97,87,96.4965820312
97,90,125.756835938
97,93,120.611572266
97,96,113.269042969
97,99,104.937744141
97,102,95.5444335938
97,105,85.5102539062
97,108,75.7507324219
97,111,66.9982910156
97,114,59.4909667969
97,117,53.2287597656
97,120,48.0102539062
97,123,43.6889648438
97,126,40.0817871094
97,129,37.0422363281
97,132,34.4604492188
97,135,32.2631835938
97,138,30.3771972656
97,141,28.7658691406
97,144,27.3559570312
97,147,26.1291503906
97,150,25.0671386719
97,153,24.1333007812
97,156,23.3276367188
97,159,22.6318359375
97,162,22.0275878906
97,165,21.4965820312
97,168,21.0571289062
97,171,20.6726074219
97,174,20.361328125
97,177,20.1049804688
97,180,19.9035644531
97,183,19.7570800781
97,186,19.6655273438
97,189,19.62890625
97,192,19.6472167969
97,195,19.7021484375
97,198,16.5893554688
97,201,14.3005371094
97,204,12.59765625
97,207,11.279296875
97,210,10.2355957031
97,213,9.39331054688
97,216,8.69750976562
97,219,8.1298828125
97,222,7.63549804688
97,225,7.23266601562
97,228,6.86645507812
97,231,6.57348632812
97,234,6.31713867188
97,237,6.09741210938
97,240,5.89599609375
97,243,5.73120117188
97,246,5.58471679688
97,249,5.47485351562
97,252,5.36499023438
97,255,5.29174804688
97,258,5.21850585938
97,261,5.16357421875
97,264,5.126953125
97,267,5.10864257812
97,270,5.10864257812
97,273,5.10864257812
97,276,5.126953125
97,279,5.16357421875
97,282,5.21850585938
97,285,5.2734375
97,288,5.36499023438
97,291,5.45654296875
97,294,5.58471679688
97,297,5.712890625
97,300,5.87768554688
97,303,6.0791015625
97,306,6.298828125
97,309,6.55517578125
97,312,6.84814453125
97,315,7.177734375
97,318,7.58056640625
97,321,8.03833007812
97,324,8.5693359375
97,327,9.1552734375
97,330,9.814453125
97,333,10.4919433594
97,336,11.0961914062
97,339,11.5905761719
97,342,11.865234375
97,345,11.9934082031
97,348,12.0483398438
97,351,12.0483398438
97,354,12.0483398438
97,357,12.0483398438
97,360,12.0666503906
98,0,8.09326171875
98,3,8.11157226562
98,6,8.16650390625
98,9,8.22143554688
98,12,8.29467773438
98,15,8.40454101562
98,18,8.51440429688
98,21,8.66088867188
98,24,8.82568359375
98,27,9.0087890625
98,30,9.24682617188
98,33,9.50317382812
98,36,9.814453125
98,39,10.1623535156
98,42,10.546875
98,45,11.0046386719
98,48,11.5356445312
98,51,12.1398925781
98,54,12.8723144531
98,57,13.6962890625
98,60,14.7033691406
98,63,15.8935546875
98,66,17.3400878906
98,69,19.1162109375
98,72,21.38671875
98,75,24.2980957031
98,78,28.2531738281
98,81,33.9111328125
98,84,42.7001953125
98,87,58.9965820312
98,90,121.820068359
98,93,113.836669922
98,96,104.022216797
98,99,92.5231933594
98,102,80.0170898438
98,105,68.1884765625
98,108,58.0627441406
98,111,49.8596191406
98,114,43.3959960938
98,117,38.2690429688
98,120,34.1674804688
98,123,30.8532714844
98,126,28.125
98,129,25.8728027344
98,132,23.9685058594
98,135,22.3754882812
98,138,21.0205078125
98,141,19.8669433594
98,144,18.8598632812
98,147,17.9992675781
98,150,17.2485351562
98,153,16.5893554688
98,156,16.0217285156
98,159,15.5456542969
98,162,15.1245117188
98,165,14.7583007812
98,168,14.4470214844
98,171,14.1906738281
98,174,13.9709472656
98,177,13.7878417969
98,180,13.6596679688
98,183,13.5681152344
98,186,13.4948730469
98,189,13.4765625
98,192,13.4765625
98,195,13.1652832031
98,198,11.0229492188
98,201,9.50317382812
98,204,8.36791992188
98,207,7.48901367188
98,210,6.79321289062
98,213,6.24389648438
98,216,5.76782226562
98,219,5.40161132812
98,222,5.07202148438
98,225,4.79736328125
98,228,4.55932617188
98,231,4.35791015625
98,234,4.19311523438
98,237,4.04663085938
98,240,3.91845703125
98,243,3.80859375
98,246,3.71704101562
98,249,3.62548828125
98,252,3.55224609375
98,255,3.49731445312
98,258,3.46069335938
98,261,3.42407226562
98,264,3.40576171875
98,267,3.38745117188
98,270,3.38745117188
98,273,3.38745117188
98,276,3.40576171875
98,279,3.42407226562
98,282,3.46069335938
98,285,3.49731445312
98,288,3.55224609375
98,291,3.62548828125
98,294,3.69873046875
98,297,3.79028320312
98,300,3.90014648438
98,303,4.0283203125
98,306,4.1748046875
98,309,4.33959960938
98,312,4.541015625
98,315,4.7607421875
98,318,5.03540039062
98,321,5.32836914062
98,324,5.67626953125
98,327,6.0791015625
98,330,6.50024414062
98,333,6.93969726562
98,336,7.32421875
98,339,7.65380859375
98,342,7.87353515625
98,345,7.9833984375
98,348,8.02001953125
98,351,8.03833007812
98,354,8.056640625
98,357,8.07495117188
98,360,8.09326171875
99,0,3.8818359375
99,3,3.90014648438
99,6,3.91845703125
99,9,3.955078125
99,12,3.99169921875
99,15,4.04663085938
99,18,4.1015625
99,21,4.15649414062
99,24,4.248046875
99,27,4.33959960938
99,30,4.44946289062
99,33,4.57763671875
99,36,4.72412109375
99,39,4.88891601562
99,42,5.07202148438
99,45,5.29174804688
99,48,5.54809570312
99,51,5.84106445312
99,54,6.17065429688
99,57,6.57348632812
99,60,7.04956054688
99,63,7.59887695312
99,66,8.2763671875
99,69,9.11865234375
99,72,10.1623535156
99,75,11.4807128906
99,78,13.2385253906
99,81,15.673828125
99,84,19.2260742188
99,87,24.9389648438
99,90,36.0717773438
99,93,37.5732421875
99,96,36.8774414062
99,99,35.8520507812
99,102,34.2407226562
99,105,31.7321777344
99,108,28.3996582031
99,111,24.9389648438
99,114,21.8627929688
99,117,19.2993164062
99,120,17.2119140625
99,123,15.52734375
99,126,14.1357421875
99,129,13.0004882812
99,132,12.0300292969
99,135,11.2243652344
99,138,10.5285644531
99,141,9.94262695312
99,144,9.4482421875
99,147,9.0087890625
99,150,8.62426757812
99,153,8.31298828125
99,156,8.02001953125
99,159,7.78198242188
99,162,7.56225585938
99,165,7.37915039062
99,168,7.23266601562
99,171,7.1044921875
99,174,6.99462890625
99,177,6.90307617188
99,180,6.82983398438
99,183,6.79321289062
99,186,6.75659179688
99,189,6.75659179688
99,192,6.75659179688
99,195,6.50024414062
99,198,5.43823242188
99,201,4.6875
99,204,4.13818359375
99,207,3.69873046875
99,210,3.35083007812
99,213,3.076171875
99,216,2.8564453125
99,219,2.65502929688
99,222,2.50854492188
99,225,2.36206054688
99,228,2.25219726562
99,231,2.16064453125
99,234,2.06909179688
99,237,1.99584960938
99,240,1.92260742188
99,243,1.86767578125
99,246,1.8310546875
99,249,1.79443359375
99,252,1.7578125
99,255,1.72119140625
99,258,1.70288085938
99,261,1.6845703125
99,264,1.6845703125
99,267,1.66625976562
99,270,1.66625976562
99,273,1.66625976562
99,276,1.6845703125
99,279,1.6845703125
99,282,1.70288085938
99,285,1.72119140625
99,288,1.7578125
99,291,1.79443359375
99,294,1.8310546875
99,297,1.86767578125
99,300,1.92260742188
99,303,1.99584960938
99,306,2.06909179688
99,309,2.14233398438
99,312,2.23388671875
99,315,2.34375
99,318,2.47192382812
99,321,2.61840820312
99,324,2.783203125
99,327,2.98461914062
99,330,3.16772460938
99,333,3.369140625
99,336,3.55224609375
99,339,3.69873046875
99,342,3.79028320312
99,345,3.82690429688
99,348,3.84521484375
99,351,3.86352539062
99,354,3.86352539062
99,357,3.8818359375
99,360,3.8818359375
100,0,0
100,3,0
100,6,0
100,9,0
100,12,0
100,15,0
100,18,0
100,21,0
100,24,0
100,27,0
100,30,0
100,33,0
100,36,0
100,39,0
100,42,0
100,45,0
100,48,0
100,51,0
100,54,0
100,57,0
100,60,0
100,63,0
100,66,0
100,69,0
100,72,0
100,75,0
100,78,0
100,81,0
100,84,0
100,87,0
100,90,0
100,93,0
100,96,0
100,99,0
100,102,0
100,105,0
100,108,0
100,111,0
100,114,0
100,117,0
100,120,0
100,123,0
100,126,0
100,129,0
100,132,0
100,135,0
100,138,0
100,141,0
100,144,0
100,147,0
100,150,0
100,153,0
100,156,0
100,159,0
100,162,0
100,165,0
100,168,0
100,171,0
100,174,0
100,177,0
100,180,0
100,183,0
100,186,0
100,189,0
100,192,0
100,195,0
100,198,0
100,201,0
100,204,0
100,207,0
100,210,0
100,213,0
100,216,0
100,219,0
100,222,0
100,225,0
100,228,0
100,231,0
100,234,0
100,237,0
100,240,0
100,243,0
100,246,0
100,249,0
100,252,0
100,255,0
100,258,0
100,261,0
100,264,0
100,267,0
100,270,0
100,273,0
100,276,0
100,279,0
100,282,0
100,285,0
100,288,0
100,291,0
100,294,0
100,297,0
100,300,0
100,303,0
100,306,0
100,309,0
100,312,0
100,315,0
100,318,0
100,321,0
100,324,0
100,327,0
100,330,0
100,333,0
100,336,0
100,339,0
100,342,0
100,345,0
100,348,0
100,351,0
100,354,0
100,357,0
100,360,0
