L,h,C_max
0,0,0
0,3,0
0,6,0
0,9,0
0,12,0
0,15,0
0,18,0
0,21,0
0,24,0
0,27,0
0,30,0
0,33,0
0,36,0
0,39,0
0,42,0
0,45,0
0,48,0
0,51,0
0,54,0
0,57,0
0,60,0
0,63,0
0,66,0
0,69,0
0,72,0
0,75,0
0,78,0
0,81,0
0,84,0
0,87,0
0,90,0
0,93,0
0,96,0
0,99,0
0,102,0
0,105,0
0,108,0
0,111,0
0,114,0
0,117,0
0,120,0
0,123,0
0,126,0
0,129,0
0,132,0
0,135,0
0,138,0
0,141,0
0,144,0
0,147,0
0,150,0
0,153,0
0,156,0
0,159,0
0,162,0
0,165,0
0,168,0
0,171,0
0,174,0
0,177,0
0,180,0
0,183,0
0,186,0
0,189,0
0,192,0
0,195,0
0,198,0
0,201,0
0,204,0
0,207,0
0,210,0
0,213,0
0,216,0
0,219,0
0,222,0
0,225,0
0,228,0
0,231,0
0,234,0
0,237,0
0,240,0
0,243,0
0,246,0
0,249,0
0,252,0
0,255,0
0,258,0
0,261,0
0,264,0
0,267,0
0,270,0
0,273,0
0,276,0
0,279,0
0,282,0
0,285,0
0,288,0
0,291,0
0,294,0
0,297,0
0,300,0
0,303,0
0,306,0
0,309,0
0,312,0
0,315,0
0,318,0
0,321,0
0,324,0
0,327,0
0,330,0
0,333,0
0,336,0
0,339,0
0,342,0
0,345,0
0,348,0
0,351,0
0,354,0
0,357,0
0,360,0
1,0,8.642578125
1,3,8.40454101562
1,6,8.18481445312
1,9,8.00170898438
1,12,7.85522460938
1,15,6.64672851562
1,18,5.56640625
1,21,4.79736328125
1,24,4.22973632812
1,27,3.79028320312
1,30,3.4423828125
1,33,3.1494140625
1,36,2.9296875
1,39,2.72827148438
1,42,2.5634765625
1,45,2.43530273438
1,48,2.30712890625
1,51,2.21557617188
1,54,2.1240234375
1,57,2.05078125
1,60,1.9775390625
1,63,1.92260742188
1,66,1.86767578125
1,69,1.8310546875
1,72,1.79443359375
1,75,1.77612304688
1,78,1.7578125
1,81,1.73950195312
1,84,1.72119140625
1,87,1.72119140625
1,90,1.72119140625
1,93,1.72119140625
1,96,1.72119140625
1,99,1.73950195312
1,102,1.7578125
1,105,1.77612304688
1,108,1.79443359375
1,111,1.8310546875
1,114,1.86767578125
1,117,1.92260742188
1,120,1.9775390625
1,123,2.05078125
1,126,2.1240234375
1,129,2.197265625
1,132,2.30712890625
1,135,2.4169921875
1,138,2.5634765625
1,141,2.7099609375
1,144,2.91137695312
1,147,3.13110351562
1,150,3.38745117188
1,153,3.68041992188
1,156,3.99169921875
1,159,4.26635742188
1,162,4.37622070312
1,165,4.39453125
1,168,4.35791015625
1,171,4.30297851562
1,174,4.248046875
1,177,4.1748046875
1,180,4.11987304688
1,183,4.06494140625
1,186,4.0283203125
1,189,3.99169921875
1,192,3.955078125
1,195,3.93676757812
1,198,3.93676757812
1,201,3.91845703125
1,204,3.93676757812
1,207,3.955078125
1,210,3.97338867188
1,213,4.01000976562
1,216,4.06494140625
1,219,4.11987304688
1,222,4.19311523438
1,225,4.28466796875
1,228,4.37622070312
1,231,4.48608398438
1,234,4.6142578125
1,237,4.7607421875
1,240,4.94384765625
1,243,5.14526367188
1,246,5.36499023438
1,249,5.62133789062
1,252,5.9326171875
1,255,6.28051757812
1,258,6.70166015625
1,261,7.177734375
1,264,7.763671875
1,267,8.47778320312
1,270,9.33837890625
1,273,10.400390625
1,276,11.7553710938
1,279,13.4765625
1,282,15.5090332031
1,285,17.8527832031
1,288,20.5444335938
1,291,23.583984375
1,294,26.9897460938
1,297,30.76171875
1,300,34.9548339844
1,303,39.6789550781
1,306,45.0622558594
1,309,51.3061523438
1,312,59.619140625
1,315,36.8408203125
1,318,24.6459960938
1,321,20.7824707031
1,324,18.3471679688
1,327,16.4794921875
1,330,14.9780273438
1,333,13.76953125
1,336,12.7624511719
1,339,11.9201660156
1,342,11.2060546875
1,345,10.6018066406
1,348,10.0891113281
1,351,9.64965820312
1,354,9.26513671875
1,357,8.935546875
1,360,8.642578125
2,0,17.3034667969
2,3,16.8090820312
2,6,16.3879394531
2,9,16.0217285156
2,12,15.7287597656
2,15,13.3117675781
2,18,11.1511230469
2,21,9.61303710938
2,24,8.45947265625
2,27,7.58056640625
2,30,6.884765625
2,33,6.31713867188
2,36,5.859375
2,39,5.45654296875
2,42,5.14526367188
2,45,4.87060546875
2,48,4.63256835938
2,51,4.43115234375
2,54,4.248046875
2,57,4.1015625
2,60,3.97338867188
2,63,3.86352539062
2,66,3.75366210938
2,69,3.68041992188
2,72,3.60717773438
2,75,3.55224609375
2,78,3.515625
2,81,3.47900390625
2,84,3.46069335938
2,87,3.4423828125
2,90,3.4423828125
2,93,3.4423828125
2,96,3.46069335938
2,99,3.47900390625
2,102,3.515625
2,105,3.55224609375
2,108,3.60717773438
2,111,3.68041992188
2,114,3.75366210938
2,117,3.84521484375
2,120,3.97338867188
2,123,4.1015625
2,126,4.248046875
2,129,4.41284179688
2,132,4.6142578125
2,135,4.85229492188
2,138,5.126953125
2,141,5.43823242188
2,144,5.82275390625
2,147,6.26220703125
2,150,6.77490234375
2,153,7.36083984375
2,156,7.9833984375
2,159,8.53271484375
2,162,8.77075195312
2,165,8.80737304688
2,168,8.73413085938
2,171,8.62426757812
2,174,8.49609375
2,177,8.36791992188
2,180,8.25805664062
2,183,8.14819335938
2,186,8.056640625
2,189,7.9833984375
2,192,7.92846679688
2,195,7.89184570312
2,198,7.87353515625
2,201,7.85522460938
2,204,7.87353515625
2,207,7.91015625
2,210,7.96508789062
2,213,8.03833007812
2,216,8.1298828125
2,219,8.25805664062
2,222,8.40454101562
2,225,8.5693359375
2,228,8.75244140625
2,231,8.99047851562
2,234,9.24682617188
2,237,9.53979492188
2,240,9.8876953125
2,243,10.2905273438
2,246,10.7482910156
2,249,11.2609863281
2,252,11.865234375
2,255,12.5244140625
2,258,13.2751464844
2,261,14.1357421875
2,264,15.087890625
2,267,16.1682128906
2,270,17.3950195312
2,273,18.7683105469
2,276,20.3247070312
2,279,22.0825195312
2,282,24.0234375
2,285,26.220703125
2,288,28.6926269531
2,291,31.4575195312
2,294,34.5520019531
2,297,38.0310058594
2,300,41.9677734375
2,303,46.435546875
2,306,51.7456054688
2,309,58.5754394531
2,312,67.7307128906
2,315,80.7861328125
2,318,101.220703125
2,321,58.1176757812
2,324,41.8029785156
2,327,34.8266601562
2,330,30.5786132812
2,333,27.6489257812
2,336,25.5249023438
2,339,23.8403320312
2,342,22.4304199219
2,345,21.2219238281
2,348,20.1782226562
2,351,19.2993164062
2,354,18.5302734375
2,357,17.87109375
2,360,17.3034667969
3,0,25.78125
3,3,25.0854492188
3,6,24.4995117188
3,9,24.0051269531
3,12,23.5656738281
3,15,19.9768066406
3,18,16.7175292969
3,21,14.4104003906
3,24,12.7075195312
3,27,11.3708496094
3,30,10.3271484375
3,33,9.48486328125
3,36,8.7890625
3,39,8.203125
3,42,7.70874023438
3,45,7.30590820312
3,48,6.93969726562
3,51,6.64672851562
3,54,6.3720703125
3,57,6.15234375
3,60,5.95092773438
3,63,5.7861328125
3,66,5.6396484375
3,69,5.52978515625
3,72,5.419921875
3,75,5.3466796875
3,78,5.2734375
3,81,5.21850585938
3,84,5.18188476562
3,87,5.16357421875
3,90,5.16357421875
3,93,5.16357421875
3,96,5.18188476562
3,99,5.21850585938
3,102,5.2734375
3,105,5.32836914062
3,108,5.419921875
3,111,5.52978515625
3,114,5.6396484375
3,117,5.7861328125
3,120,5.95092773438
3,123,6.15234375
3,126,6.3720703125
3,129,6.62841796875
3,132,6.92138671875
3,135,7.28759765625
3,138,7.6904296875
3,141,8.16650390625
3,144,8.73413085938
3,147,9.39331054688
3,150,10.1623535156
3,153,11.0412597656
3,156,11.9934082031
3,159,12.7990722656
3,162,13.1652832031
3,165,13.2202148438
3,168,13.1103515625
3,171,12.9455566406
3,174,12.7624511719
3,177,12.5610351562
3,180,12.3779296875
3,183,12.2131347656
3,186,12.0849609375
3,189,11.9750976562
3,192,11.8835449219
3,195,11.8286132812
3,198,11.8103027344
3,201,11.7919921875
3,204,11.8286132812
3,207,11.865234375
3,210,11.9567871094
3,213,12.0666503906
3,216,12.2131347656
3,219,12.3779296875
3,222,12.59765625
3,225,12.8540039062
3,228,13.1286621094
3,231,13.4399414062
3,234,13.8061523438
3,237,14.1906738281
3,240,14.6301269531
3,243,15.1245117188
3,246,15.6555175781
3,249,16.259765625
3,252,16.9189453125
3,255,17.6513671875
3,258,18.45703125
3,261,19.3542480469
3,264,20.3430175781
3,267,21.4599609375
3,270,22.6867675781
3,273,24.0417480469
3,276,25.5615234375
3,279,27.24609375
3,282,29.1320800781
3,285,31.201171875
3,288,33.544921875
3,291,36.181640625
3,294,39.1296386719
3,297,42.48046875
3,300,46.2890625
3,303,50.9399414062
3,306,56.7810058594
3,309,64.2883300781
3,312,74.3041992188
3,315,88.4033203125
3,318,110.247802734
3,321,99.9755859375
3,324,63.8488769531
3,327,51.5625
3,330,44.7509765625
3,333,40.2282714844
3,336,36.9689941406
3,339,34.4970703125
3,342,32.5378417969
3,345,30.9814453125
3,348,29.6447753906
3,351,28.4729003906
3,354,27.4475097656
3,357,26.5502929688
3,360,25.78125
4,0,32.2998046875
4,3,31.6040039062
4,6,30.9997558594
4,9,30.5053710938
4,12,30.1025390625
4,15,26.6418457031
4,18,22.3022460938
4,21,19.2260742188
4,24,16.9372558594
4,27,15.1611328125
4,30,13.76953125
4,33,12.6342773438
4,36,11.71875
4,39,10.9313964844
4,42,10.2905273438
4,45,9.7412109375
4,48,9.26513671875
4,51,8.8623046875
4,54,8.49609375
4,57,8.203125
4,60,7.94677734375
4,63,7.72705078125
4,66,7.52563476562
4,69,7.36083984375
4,72,7.23266601562
4,75,7.12280273438
4,78,7.03125
4,81,6.9580078125
4,84,6.92138671875
4,87,6.884765625
4,90,6.884765625
4,93,6.884765625
4,96,6.92138671875
4,99,6.9580078125
4,102,7.03125
4,105,7.12280273438
4,108,7.23266601562
4,111,7.36083984375
4,114,7.52563476562
4,117,7.70874023438
4,120,7.94677734375
4,123,8.203125
4,126,8.49609375
4,129,8.84399414062
4,132,9.24682617188
4,135,9.70458984375
4,138,10.25390625
4,141,10.8947753906
4,144,11.6455078125
4,147,12.5244140625
4,150,13.5498046875
4,153,14.7216796875
4,156,15.9851074219
4,159,17.0654296875
4,162,17.5598144531
4,165,17.6330566406
4,168,17.4865722656
4,171,17.2668457031
4,174,17.0104980469
4,177,16.7541503906
4,180,16.5161132812
4,183,16.2963867188
4,186,16.11328125
4,189,15.966796875
4,192,15.8569335938
4,195,15.7836914062
4,198,15.7470703125
4,201,15.7287597656
4,204,15.7653808594
4,207,15.8386230469
4,210,15.9301757812
4,213,16.0583496094
4,216,16.2231445312
4,219,16.40625
4,222,16.6259765625
4,225,16.8640136719
4,228,17.138671875
4,231,17.4682617188
4,234,17.8161621094
4,237,18.2006835938
4,240,18.6584472656
4,243,19.1345214844
4,246,19.6655273438
4,249,20.2697753906
4,252,20.9289550781
4,255,21.6430664062
4,258,22.4304199219
4,261,23.3093261719
4,264,24.2797851562
4,267,25.3601074219
4,270,26.5319824219
4,273,27.8503417969
4,276,29.3151855469
4,279,30.9265136719
4,282,32.7392578125
4,285,34.7534179688
4,288,37.0056152344
4,291,39.5324707031
4,294,42.3889160156
4,297,45.7214355469
4,300,49.7680664062
4,303,54.78515625
4,306,61.0656738281
4,309,69.1772460938
4,312,79.9621582031
4,315,95.068359375
4,318,118.249511719
4,321,127.331542969
4,324,80.2734375
4,327,63.6108398438
4,330,54.8583984375
4,333,49.2004394531
4,336,45.1538085938
4,339,42.1325683594
4,342,39.7521972656
4,345,37.8845214844
4,348,36.3647460938
4,351,35.1196289062
4,354,34.0393066406
4,357,33.10546875
4,360,32.2998046875
5,0,37.1337890625
5,3,36.4562988281
5,6,35.8703613281
5,9,35.4125976562
5,12,35.0463867188
5,15,33.2885742188
5,18,27.8869628906
5,21,24.0417480469
5,24,21.1669921875
5,27,18.9697265625
5,30,17.2119140625
5,33,15.8020019531
5,36,14.6484375
5,39,13.6779785156
5,42,12.8540039062
5,45,12.1765136719
5,48,11.572265625
5,51,11.0778808594
5,54,10.6384277344
5,57,10.25390625
5,60,9.92431640625
5,63,9.64965820312
5,66,9.41162109375
5,69,9.21020507812
5,72,9.04541015625
5,75,8.89892578125
5,78,8.7890625
5,81,8.69750976562
5,84,8.642578125
5,87,8.60595703125
5,90,8.60595703125
5,93,8.60595703125
5,96,8.642578125
5,99,8.69750976562
5,102,8.7890625
5,105,8.89892578125
5,108,9.04541015625
5,111,9.21020507812
5,114,9.41162109375
5,117,9.64965820312
5,120,9.92431640625
5,123,10.25390625
5,126,10.6201171875
5,129,11.0595703125
5,132,11.5539550781
5,135,12.1398925781
5,138,12.8173828125
5,141,13.623046875
5,144,14.5568847656
5,147,15.6555175781
5,150,16.9372558594
5,153,18.4020996094
5,156,19.9951171875
5,159,21.3500976562
5,162,21.9543457031
5,165,22.0458984375
5,168,21.8627929688
5,171,21.5881347656
5,174,21.2585449219
5,177,20.947265625
5,180,20.6359863281
5,183,20.3796386719
5,186,20.1599121094
5,189,19.9584960938
5,192,19.8303222656
5,195,19.7387695312
5,198,19.6655273438
5,201,19.6472167969
5,204,19.6472167969
5,207,19.6655273438
5,210,19.7387695312
5,213,19.8120117188
5,216,19.921875
5,219,20.0866699219
5,222,20.2514648438
5,225,20.4711914062
5,228,20.7092285156
5,231,20.9838867188
5,234,21.2951660156
5,237,21.6613769531
5,240,22.0642089844
5,243,22.5036621094
5,246,22.998046875
5,249,23.5656738281
5,252,24.169921875
5,255,24.8474121094
5,258,25.6164550781
5,261,26.4404296875
5,264,27.3559570312
5,267,28.3996582031
5,270,29.5349121094
5,273,30.7800292969
5,276,32.1899414062
5,279,33.7463378906
5,282,35.4858398438
5,285,37.4450683594
5,288,39.6057128906
5,291,42.1142578125
5,294,45.0622558594
5,297,48.6145019531
5,300,52.9174804688
5,303,58.2275390625
5,306,64.9291992188
5,309,73.5900878906
5,312,85.0708007812
5,315,101.092529297
5,318,125.573730469
5,321,145.440673828
5,324,92.7429199219
5,327,72.7111816406
5,330,62.4572753906
5,333,55.9387207031
5,336,51.3244628906
5,339,47.8637695312
5,342,45.1721191406
5,345,43.06640625
5,348,41.3635253906
5,351,39.990234375
5,354,38.8916015625
5,357,37.9577636719
5,360,37.1337890625
6,0,40.8325195312
6,3,40.1733398438
6,6,39.6240234375
6,9,39.1845703125
6,12,38.8732910156
6,15,38.6535644531
6,18,33.4533691406
6,21,28.8391113281
6,24,25.4150390625
6,27,22.7600097656
6,30,20.654296875
6,33,18.9697265625
6,36,17.578125
6,39,16.40625
6,42,15.4357910156
6,45,14.6118164062
6,48,13.8977050781
6,51,13.2934570312
6,54,12.7624511719
6,57,12.3046875
6,60,11.9201660156
6,63,11.5905761719
6,66,11.2976074219
6,69,11.0595703125
6,72,10.8581542969
6,75,10.693359375
6,78,10.546875
6,81,10.4553222656
6,84,10.3820800781
6,87,10.3271484375
6,90,10.3271484375
6,93,10.3271484375
6,96,10.3820800781
6,99,10.4553222656
6,102,10.546875
6,105,10.6750488281
6,108,10.83984375
6,111,11.0595703125
6,114,11.2976074219
6,117,11.572265625
6,120,11.9201660156
6,123,12.3046875
6,126,12.744140625
6,129,13.2751464844
6,132,13.8610839844
6,135,14.5751953125
6,138,15.380859375
6,141,16.3513183594
6,144,17.4682617188
6,147,18.7866210938
6,150,20.3247070312
6,153,22.0825195312
6,156,23.9868164062
6,159,25.6164550781
6,162,26.3488769531
6,165,26.4587402344
6,168,26.2390136719
6,171,25.9094238281
6,174,25.5249023438
6,177,25.1220703125
6,180,24.7741699219
6,183,24.4445800781
6,186,24.1882324219
6,189,23.9685058594
6,192,23.7670898438
6,195,23.6206054688
6,198,23.4924316406
6,201,23.4008789062
6,204,23.3276367188
6,207,23.291015625
6,210,23.2727050781
6,213,23.291015625
6,216,23.3459472656
6,219,23.4375
6,222,23.5290527344
6,225,23.6755371094
6,228,23.8586425781
6,231,24.0783691406
6,234,24.3347167969
6,237,24.6459960938
6,240,24.9755859375
6,243,25.3601074219
6,246,25.7995605469
6,249,26.3122558594
6,252,26.8615722656
6,255,27.5024414062
6,258,28.2165527344
6,261,28.9855957031
6,264,29.8645019531
6,267,30.8349609375
6,270,31.9152832031
6,273,33.1237792969
6,276,34.4787597656
6,279,35.9985351562
6,282,37.6647949219
6,285,39.5874023438
6,288,41.8029785156
6,291,44.4213867188
6,294,47.5341796875
6,297,51.26953125
6,300,55.810546875
6,303,61.4318847656
6,306,68.4997558594
6,309,77.63671875
6,312,89.7583007812
6,315,106.677246094
6,318,132.421875
6,321,158.770751953
6,324,102.337646484
6,327,79.7058105469
6,330,68.3349609375
6,333,61.1389160156
6,336,56.0852050781
6,339,52.294921875
6,342,49.3835449219
6,345,47.0764160156
6,348,45.2270507812
6,351,43.7438964844
6,354,42.5720214844
6,357,41.6198730469
6,360,40.8325195312
7,0,43.6706542969
7,3,43.0297851562
7,6,42.5354003906
7,9,42.1325683594
7,12,41.8579101562
7,15,41.6931152344
7,18,39.0380859375
7,21,33.6547851562
7,24,29.6447753906
7,27,26.5502929688
7,30,24.1149902344
7,33,22.1374511719
7,36,20.5078125
7,39,19.1528320312
7,42,17.9992675781
7,45,17.0471191406
7,48,16.2048339844
7,51,15.5090332031
7,54,14.8864746094
7,57,14.35546875
7,60,13.916015625
7,63,13.5131835938
7,66,13.18359375
7,69,12.890625
7,72,12.6708984375
7,75,12.4694824219
7,78,12.3046875
7,81,12.1948242188
7,84,12.1032714844
7,87,12.0483398438
7,90,12.0483398438
7,93,12.0483398438
7,96,12.1032714844
7,99,12.1948242188
7,102,12.3046875
7,105,12.4694824219
7,108,12.6525878906
7,111,12.890625
7,114,13.18359375
7,117,13.5131835938
7,120,13.8977050781
7,123,14.35546875
7,126,14.8681640625
7,129,15.4724121094
7,132,16.1865234375
7,135,16.9921875
7,138,17.9443359375
7,141,19.0612792969
7,144,20.3796386719
7,147,21.9177246094
7,150,23.7121582031
7,153,25.7629394531
7,156,27.978515625
7,159,29.8828125
7,162,30.7434082031
7,165,30.8715820312
7,168,30.615234375
7,171,30.2307128906
7,174,29.7729492188
7,177,29.3151855469
7,180,28.8940429688
7,183,28.5278320312
7,186,28.1982421875
7,189,27.9052734375
7,192,27.6306152344
7,195,27.392578125
7,198,27.1728515625
7,201,26.9714355469
7,204,26.8249511719
7,207,26.6967773438
7,210,26.5869140625
7,213,26.513671875
7,216,26.4770507812
7,219,26.4587402344
7,222,26.4953613281
7,225,26.5686035156
7,228,26.66015625
7,231,26.7883300781
7,234,26.9897460938
7,237,27.2094726562
7,240,27.4658203125
7,243,27.7954101562
7,246,28.1982421875
7,249,28.6193847656
7,252,29.1320800781
7,255,29.7180175781
7,258,30.3588867188
7,261,31.0913085938
7,264,31.9152832031
7,267,32.8491210938
7,270,33.8745117188
7,273,35.0463867188
7,276,36.3464355469
7,279,37.8295898438
7,282,39.5141601562
7,285,41.5283203125
7,288,43.8537597656
7,291,46.6003417969
7,294,49.8779296875
7,297,53.7780761719
7,300,58.5571289062
7,303,64.453125
7,306,71.8688964844
7,309,81.4453125
7,312,94.1711425781
7,315,111.9140625
7,318,138.885498047
7,321,169.171142578
7,324,109.625244141
7,327,85.1440429688
7,330,72.9309082031
7,333,65.2404785156
7,336,59.8205566406
7,339,55.7922363281
7,342,52.6794433594
7,345,50.2075195312
7,348,48.2482910156
7,351,46.6735839844
7,354,45.4284667969
7,357,44.4396972656
7,360,43.6706542969
8,0,45.8679199219
8,3,45.263671875
8,6,44.7875976562
8,9,44.4396972656
8,12,44.2016601562
8,15,44.091796875
8,18,44.091796875
8,21,38.4704589844
8,24,33.8928222656
8,27,30.3588867188
8,30,27.5573730469
8,33,25.2868652344
8,36,23.4375
8,39,21.8811035156
8,42,20.5810546875
8,45,19.482421875
8,48,18.5302734375
8,51,17.724609375
8,54,17.0104980469
8,57,16.4245605469
8,60,15.8935546875
8,63,15.4541015625
8,66,15.0695800781
8,69,14.7399902344
8,72,14.4653320312
8,75,14.2456054688
8,78,14.0625
8,81,13.9343261719
8,84,13.8427734375
8,87,13.7878417969
8,90,13.76953125
8,93,13.7878417969
8,96,13.8427734375
8,99,13.9343261719
8,102,14.0625
8,105,14.2456054688
8,108,14.4653320312
8,111,14.7399902344
8,114,15.0695800781
8,117,15.4357910156
8,120,15.8935546875
8,123,16.40625
8,126,16.9921875
8,129,17.6879882812
8,132,18.4936523438
8,135,19.4274902344
8,138,20.5261230469
8,141,21.7895507812
8,144,23.291015625
8,147,25.048828125
8,150,27.099609375
8,153,29.443359375
8,156,31.9885253906
8,159,34.1491699219
8,162,35.1379394531
8,165,35.2844238281
8,168,34.9914550781
8,171,34.5520019531
8,174,34.0209960938
8,177,33.5083007812
8,180,33.0322265625
8,183,32.5927734375
8,186,32.1716308594
8,189,31.7504882812
8,192,31.3842773438
8,195,31.0180664062
8,198,30.7067871094
8,201,30.3771972656
8,204,30.1208496094
8,207,29.8645019531
8,210,29.6630859375
8,213,29.4982910156
8,216,29.3334960938
8,219,29.2236328125
8,222,29.1687011719
8,225,29.1137695312
8,228,29.1320800781
8,231,29.1870117188
8,234,29.296875
8,237,29.4250488281
8,240,29.6447753906
8,243,29.9011230469
8,246,30.2307128906
8,249,30.5969238281
8,252,31.0546875
8,255,31.5856933594
8,258,32.1716308594
8,261,32.8491210938
8,264,33.6364746094
8,267,34.5153808594
8,270,35.5041503906
8,273,36.6394042969
8,276,37.9577636719
8,279,39.5141601562
8,282,41.2902832031
8,285,43.359375
8,288,45.8129882812
8,291,48.6694335938
8,294,52.0935058594
8,297,56.1767578125
8,300,61.1572265625
8,303,67.3278808594
8,306,75.0732421875
8,309,85.0708007812
8,312,98.3642578125
8,315,116.89453125
8,318,145.056152344
8,321,177.465820312
8,324,115.173339844
8,327,89.3920898438
8,330,76.5380859375
8,333,68.4631347656
8,336,62.7685546875
8,339,58.5388183594
8,342,55.2795410156
8,345,52.6977539062
8,348,50.6469726562
8,351,48.9990234375
8,354,47.6806640625
8,357,46.6552734375
8,360,45.8679199219
9,0,47.7722167969
9,3,47.16796875
9,6,46.728515625
9,9,46.4172363281
9,12,46.2341308594
9,15,46.1608886719
9,18,46.2158203125
9,21,43.2861328125
9,24,38.1225585938
9,27,34.1491699219
9,30,30.9997558594
9,33,28.4545898438
9,36,26.3671875
9,39,24.6276855469
9,42,23.1628417969
9,45,21.9177246094
9,48,20.8557128906
9,51,19.9401855469
9,54,19.1528320312
9,57,18.4753417969
9,60,17.8894042969
9,63,17.3767089844
9,66,16.9555664062
9,69,16.5893554688
9,72,16.2780761719
9,75,16.0400390625
9,78,15.8386230469
9,81,15.673828125
9,84,15.5639648438
9,87,15.5090332031
9,90,15.4907226562
9,93,15.5090332031
9,96,15.5639648438
9,99,15.673828125
9,102,15.8203125
9,105,16.0217285156
9,108,16.2780761719
9,111,16.5893554688
9,114,16.9372558594
9,117,17.3767089844
9,120,17.87109375
9,123,18.45703125
9,126,19.1162109375
9,129,19.9035644531
9,132,20.80078125
9,135,21.8627929688
9,138,23.0895996094
9,141,24.5178222656
9,144,26.2023925781
9,147,28.1799316406
9,150,30.4870605469
9,153,33.1237792969
9,156,35.9619140625
9,159,38.3972167969
9,162,39.5141601562
9,165,39.6789550781
9,168,39.3676757812
9,171,38.8732910156
9,174,38.2873535156
9,177,37.7014160156
9,180,37.1520996094
9,183,36.6027832031
9,186,36.0717773438
9,189,35.5407714844
9,192,35.0280761719
9,195,34.5336914062
9,198,34.0759277344
9,201,33.6364746094
9,204,33.2336425781
9,207,32.8491210938
9,210,32.5378417969
9,213,32.2265625
9,216,31.9519042969
9,219,31.7504882812
9,222,31.5673828125
9,225,31.4208984375
9,228,31.34765625
9,231,31.3110351562
9,234,31.3293457031
9,237,31.4025878906
9,240,31.5490722656
9,243,31.7504882812
9,246,31.9885253906
9,249,32.3181152344
9,252,32.7209472656
9,255,33.1970214844
9,258,33.7280273438
9,261,34.3688964844
9,264,35.1013183594
9,267,35.9802246094
9,270,36.9873046875
9,273,38.1591796875
9,276,39.55078125
9,279,41.1437988281
9,282,42.9931640625
9,285,45.1721191406
9,288,47.7172851562
9,291,50.7019042969
9,294,54.2541503906
9,297,58.5205078125
9,300,63.7023925781
9,303,70.1293945312
9,306,78.1860351562
9,309,88.6047363281
9,312,102.465820312
9,315,121.765136719
9,318,151.080322266
9,321,184.771728516
9,324,119.952392578
9,327,93.1091308594
9,330,79.7241210938
9,333,71.3012695312
9,336,65.3869628906
9,339,60.9741210938
9,342,57.568359375
9,345,54.8950195312
9,348,52.7526855469
9,351,51.0314941406
9,354,49.658203125
9,357,48.5961914062
9,360,47.7722167969
10,0,49.2919921875
10,3,48.6694335938
10,6,48.2482910156
10,9,47.9736328125
10,12,47.8271484375
10,15,47.8088378906
10,18,47.900390625
10,21,48.1018066406
10,24,42.3706054688
10,27,37.9577636719
10,30,34.4604492188
10,33,31.6223144531
10,36,29.296875
10,39,27.3559570312
10,42,25.7263183594
10,45,24.3530273438
10,48,23.1628417969
10,51,22.1557617188
10,54,21.2768554688
10,57,20.5261230469
10,60,19.8669433594
10,63,19.3176269531
10,66,18.8415527344
10,69,18.4387207031
10,72,18.0908203125
10,75,17.8161621094
10,78,17.5964355469
10,81,17.4133300781
10,84,17.3034667969
10,87,17.2302246094
10,90,17.2119140625
10,93,17.2302246094
10,96,17.3034667969
10,99,17.4133300781
10,102,17.578125
10,105,17.8161621094
10,108,18.0908203125
10,111,18.4204101562
10,114,18.8232421875
10,117,19.2993164062
10,120,19.8486328125
10,123,20.5078125
10,126,21.240234375
10,129,22.119140625
10,132,23.1262207031
10,135,24.2797851562
10,138,25.6530761719
10,141,27.2277832031
10,144,29.0954589844
10,147,31.2927246094
10,150,33.8562011719
10,153,36.767578125
10,156,39.9169921875
10,159,42.6086425781
10,162,43.8354492188
10,165,44.0368652344
10,168,43.7072753906
10,171,43.1579589844
10,174,42.5170898438
10,177,41.8762207031
10,180,41.1987304688
10,183,40.5395507812
10,186,39.8620605469
10,189,39.1845703125
10,192,38.525390625
10,195,37.8845214844
10,198,37.2619628906
10,201,36.6760253906
10,204,36.1083984375
10,207,35.595703125
10,210,35.1013183594
10,213,34.6618652344
10,216,34.27734375
10,219,33.9294433594
10,222,33.6364746094
10,225,33.4167480469
10,228,33.2336425781
10,231,33.10546875
10,234,33.0505371094
10,237,33.0505371094
10,240,33.1237792969
10,243,33.251953125
10,246,33.4350585938
10,249,33.7097167969
10,252,34.0576171875
10,255,34.4604492188
10,258,34.9731445312
10,261,35.595703125
10,264,36.3647460938
10,267,37.2619628906
10,270,38.3056640625
10,273,39.5141601562
10,276,40.9606933594
10,279,42.5903320312
10,282,44.5129394531
10,285,46.7834472656
10,288,49.3835449219
10,291,52.4780273438
10,294,56.1401367188
10,297,60.5529785156
10,300,65.8996582031
10,303,72.509765625
10,306,80.8227539062
10,309,91.552734375
10,312,105.816650391
10,315,125.738525391
10,318,156.079101562
10,321,181.93359375
10,324,122.479248047
10,327,95.7824707031
10,330,82.1960449219
10,333,73.5534667969
10,336,67.4743652344
10,339,62.9150390625
10,342,59.4177246094
10,345,56.6345214844
10,348,54.4372558594
10,351,52.6611328125
10,354,51.2512207031
10,357,50.1342773438
10,360,49.2919921875
11,0,50.830078125
11,3,50.1892089844
11,6,49.7680664062
11,9,49.5300292969
11,12,49.4201660156
11,15,49.4384765625
11,18,49.5849609375
11,21,49.8779296875
11,24,46.6186523438
11,27,41.748046875
11,30,37.9028320312
11,33,34.7900390625
11,36,32.2265625
11,39,30.1025390625
11,42,28.3081054688
11,45,26.7883300781
11,48,25.48828125
11,51,24.3713378906
11,54,23.4008789062
11,57,22.5769042969
11,60,21.8627929688
11,63,21.240234375
11,66,20.7275390625
11,69,20.2697753906
11,72,19.9035644531
11,75,19.5922851562
11,78,19.3542480469
11,81,19.1711425781
11,84,19.0246582031
11,87,18.9514160156
11,90,18.9331054688
11,93,18.9514160156
11,96,19.0246582031
11,99,19.1528320312
11,102,19.3542480469
11,105,19.5922851562
11,108,19.9035644531
11,111,20.2697753906
11,114,20.7092285156
11,117,21.240234375
11,120,21.8444824219
11,123,22.55859375
11,126,23.3642578125
11,129,24.31640625
11,132,25.4333496094
11,135,26.7150878906
11,138,28.1982421875
11,141,29.9560546875
11,144,31.9885253906
11,147,34.4055175781
11,150,37.20703125
11,153,40.3930664062
11,156,43.8354492188
11,159,46.7651367188
11,162,48.1384277344
11,165,48.3764648438
11,168,48.046875
11,171,47.4426269531
11,174,46.7651367188
11,177,46.0144042969
11,180,45.2453613281
11,183,44.4213867188
11,186,43.5974121094
11,189,42.7734375
11,192,41.9311523438
11,195,41.1071777344
11,198,40.3198242188
11,201,39.55078125
11,204,38.818359375
11,207,38.1408691406
11,210,37.5
11,213,36.9323730469
11,216,36.4196777344
11,219,35.9436035156
11,222,35.5407714844
11,225,35.2111816406
11,228,34.9365234375
11,231,34.7351074219
11,234,34.5886230469
11,237,34.5336914062
11,240,34.5153808594
11,243,34.5886230469
11,246,34.716796875
11,249,34.9365234375
11,252,35.2478027344
11,255,35.6689453125
11,258,36.181640625
11,261,36.8408203125
11,264,37.6281738281
11,267,38.5437011719
11,270,39.6240234375
11,273,40.8874511719
11,276,42.3522949219
11,279,44.0551757812
11,282,46.0510253906
11,285,48.3581542969
11,288,51.0681152344
11,291,54.2541503906
11,294,58.0261230469
11,297,62.5854492188
11,300,68.115234375
11,303,74.9084472656
11,306,83.4777832031
11,309,94.5007324219
11,312,109.185791016
11,315,129.730224609
11,318,161.114501953
11,321,179.644775391
11,324,125.006103516
11,327,98.5290527344
11,330,84.6496582031
11,333,75.8239746094
11,336,69.5617675781
11,339,64.892578125
11,342,61.2854003906
11,345,58.4289550781
11,348,56.1401367188
11,351,54.3090820312
11,354,52.8442382812
11,357,51.708984375
11,360,50.830078125
12,0,52.3864746094
12,3,51.7272949219
12,6,51.3061523438
12,9,51.0681152344
12,12,50.9948730469
12,15,51.0681152344
12,18,51.2512207031
12,21,51.5991210938
12,24,50.8483886719
12,27,45.556640625
12,30,41.3452148438
12,33,37.9577636719
12,36,35.15625
12,39,32.8308105469
12,42,30.8898925781
12,45,29.2236328125
12,48,27.7954101562
12,51,26.5869140625
12,54,25.5249023438
12,57,24.6276855469
12,60,23.8403320312
12,63,23.1811523438
12,66,22.6135253906
12,69,22.119140625
12,72,21.7163085938
12,75,21.3684082031
12,78,21.1120605469
12,81,20.9106445312
12,84,20.7641601562
12,87,20.6726074219
12,90,20.654296875
12,93,20.6726074219
12,96,20.7641601562
12,99,20.8923339844
12,102,21.1120605469
12,105,21.3684082031
12,108,21.6979980469
12,111,22.1008300781
12,114,22.5952148438
12,117,23.1628417969
12,120,23.8220214844
12,123,24.5910644531
12,126,25.48828125
12,129,26.5319824219
12,132,27.7404785156
12,135,29.1320800781
12,138,30.76171875
12,141,32.6477050781
12,144,34.8815917969
12,147,37.5
12,150,40.5395507812
12,153,43.9819335938
12,156,47.7172851562
12,159,50.8850097656
12,162,52.4047851562
12,165,52.6977539062
12,168,52.3681640625
12,171,51.7456054688
12,174,50.9948730469
12,177,50.1708984375
12,180,49.2553710938
12,183,48.2849121094
12,186,47.2778320312
12,189,46.2707519531
12,192,45.2453613281
12,195,44.2199707031
12,198,43.2495117188
12,201,42.2790527344
12,204,41.4001464844
12,207,40.5212402344
12,210,39.7521972656
12,213,39.0380859375
12,216,38.37890625
12,219,37.79296875
12,222,37.2985839844
12,225,36.8591308594
12,228,36.4929199219
12,231,36.1999511719
12,234,35.9985351562
12,237,35.8520507812
12,240,35.7788085938
12,243,35.7971191406
12,246,35.9069824219
12,249,36.1267089844
12,252,36.4379882812
12,255,36.8591308594
12,258,37.4084472656
12,261,38.0859375
12,264,38.8732910156
12,267,39.8254394531
12,270,40.9606933594
12,273,42.2607421875
12,276,43.7622070312
12,279,45.5383300781
12,282,47.5891113281
12,285,49.9694824219
12,288,52.7526855469
12,291,56.0302734375
12,294,59.9487304688
12,297,64.6179199219
12,300,70.3125
12,303,77.3071289062
12,306,86.1145019531
12,309,97.4670410156
12,312,112.591552734
12,315,133.776855469
12,318,166.186523438
12,321,177.868652344
12,324,127.532958984
12,327,101.239013672
12,330,87.1765136719
12,333,78.1127929688
12,336,71.7041015625
12,339,66.8884277344
12,342,63.1713867188
12,345,60.2233886719
12,348,57.8796386719
12,351,55.9936523438
12,354,54.4921875
12,357,53.3020019531
12,360,52.3864746094
13,0,53.9794921875
13,3,53.3020019531
13,6,52.8442382812
13,9,52.6245117188
13,12,52.5695800781
13,15,52.6794433594
13,18,52.9174804688
13,21,53.3020019531
13,24,53.8330078125
13,27,49.3469238281
13,30,44.8059082031
13,33,41.1254882812
13,36,38.1042480469
13,39,35.5773925781
13,42,33.4533691406
13,45,31.6589355469
13,48,30.1208496094
13,51,28.8024902344
13,54,27.6672363281
13,57,26.6784667969
13,60,25.8361816406
13,63,25.1037597656
13,66,24.4812011719
13,69,23.9685058594
13,72,23.5290527344
13,75,23.1628417969
13,78,22.8698730469
13,81,22.6501464844
13,84,22.4853515625
13,87,22.3937988281
13,90,22.3571777344
13,93,22.3937988281
13,96,22.4853515625
13,99,22.6501464844
13,102,22.8698730469
13,105,23.14453125
13,108,23.5107421875
13,111,23.9501953125
13,114,24.4812011719
13,117,25.0854492188
13,120,25.7995605469
13,123,26.6418457031
13,126,27.6123046875
13,129,28.7292480469
13,132,30.029296875
13,135,31.5490722656
13,138,33.3068847656
13,141,35.3576660156
13,144,37.7563476562
13,147,40.576171875
13,150,43.8354492188
13,153,47.5524902344
13,156,51.5441894531
13,159,54.9682617188
13,162,56.6528320312
13,165,57.0007324219
13,168,56.689453125
13,171,56.0302734375
13,174,55.2429199219
13,177,54.2907714844
13,180,53.2470703125
13,183,52.1118164062
13,186,50.9216308594
13,189,49.6948242188
13,192,48.4680175781
13,195,47.2229003906
13,198,46.0327148438
13,201,44.8974609375
13,204,43.798828125
13,207,42.7734375
13,210,41.8395996094
13,213,40.9790039062
13,216,40.1916503906
13,219,39.4958496094
13,222,38.8916015625
13,225,38.3422851562
13,228,37.9028320312
13,231,37.5366210938
13,234,37.2619628906
13,237,37.060546875
13,240,36.9506835938
13,243,36.9689941406
13,246,37.0788574219
13,249,37.2985839844
13,252,37.6281738281
13,255,38.0676269531
13,258,38.6352539062
13,261,39.3310546875
13,264,40.1550292969
13,267,41.1254882812
13,270,42.2790527344
13,273,43.6340332031
13,276,45.1904296875
13,279,47.021484375
13,282,49.1271972656
13,285,51.5625
13,288,54.4555664062
13,291,57.8247070312
13,294,61.8530273438
13,297,66.6687011719
13,300,72.509765625
13,303,79.7241210938
13,306,88.7878417969
13,309,100.451660156
13,312,116.033935547
13,315,137.841796875
13,318,171.295166016
13,321,176.440429688
13,324,130.023193359
13,327,104.022216797
13,330,89.7033691406
13,333,80.4382324219
13,336,73.8464355469
13,339,68.9208984375
13,342,65.0939941406
13,345,62.0544433594
13,348,59.6374511719
13,351,57.6965332031
13,354,56.1401367188
13,357,54.9133300781
13,360,53.9794921875
14,0,55.5725097656
14,3,54.8767089844
14,6,54.4189453125
14,9,54.1809082031
14,12,54.1442871094
14,15,54.2907714844
14,18,54.5837402344
14,21,55.0048828125
14,24,55.6091308594
14,27,53.1555175781
14,30,48.2482910156
14,33,44.2932128906
14,36,41.0339355469
14,39,38.3056640625
14,42,36.03515625
14,45,34.0942382812
14,48,32.4279785156
14,51,31.0180664062
14,54,29.7912597656
14,57,28.7292480469
14,60,27.83203125
14,63,27.0446777344
14,66,26.3671875
14,69,25.7995605469
14,72,25.3234863281
14,75,24.9389648438
14,78,24.6276855469
14,81,24.3896484375
14,84,24.2248535156
14,87,24.1149902344
14,90,24.0783691406
14,93,24.1149902344
14,96,24.2248535156
14,99,24.3896484375
14,102,24.6276855469
14,105,24.9389648438
14,108,25.3234863281
14,111,25.78125
14,114,26.3488769531
14,117,27.0080566406
14,120,27.7954101562
14,123,28.6926269531
14,126,29.736328125
14,129,30.9448242188
14,132,32.3364257812
14,135,33.9477539062
14,138,35.8337402344
14,141,38.0493164062
14,144,40.6311035156
14,147,43.6340332031
14,150,47.1313476562
14,153,51.0864257812
14,156,55.3527832031
14,159,59.0148925781
14,162,60.8459472656
14,165,61.2854003906
14,168,60.9924316406
14,171,60.3332519531
14,174,59.47265625
14,177,58.4106445312
14,180,57.2204589844
14,183,55.8837890625
14,186,54.4921875
14,189,53.0456542969
14,192,51.5808105469
14,195,50.1342773438
14,198,48.7060546875
14,201,47.3693847656
14,204,46.0693359375
14,207,44.8791503906
14,210,43.798828125
14,213,42.7734375
14,216,41.8762207031
14,219,41.0705566406
14,222,40.3381347656
14,225,39.7155761719
14,228,39.1845703125
14,231,38.7634277344
14,234,38.4521484375
14,237,38.232421875
14,240,38.1408691406
14,243,38.1408691406
14,246,38.2690429688
14,249,38.4887695312
14,252,38.818359375
14,255,39.2761230469
14,258,39.8620605469
14,261,40.576171875
14,264,41.4184570312
14,267,42.4438476562
14,270,43.6340332031
14,273,45.0073242188
14,276,46.6186523438
14,279,48.5046386719
14,282,50.6469726562
14,285,53.1921386719
14,288,56.1401367188
14,291,59.6374511719
14,294,63.7573242188
14,297,68.7377929688
14,300,74.7436523438
14,303,82.1411132812
14,306,91.4794921875
14,309,103.454589844
14,312,119.494628906
14,315,141.943359375
14,318,176.403808594
14,321,175.250244141
14,324,132.513427734
14,327,106.732177734
14,330,92.2302246094
14,333,82.763671875
14,336,76.025390625
14,339,70.9533691406
14,342,67.0166015625
14,345,63.9038085938
14,348,61.4135742188
14,351,59.3994140625
14,354,57.8063964844
14,357,56.54296875
14,360,55.5725097656
15,0,57.2021484375
15,3,56.4697265625
15,6,55.9936523438
15,9,55.7556152344
15,12,55.7189941406
15,15,55.9020996094
15,18,56.2316894531
15,21,56.7077636719
15,24,57.3486328125
15,27,56.9458007812
15,30,51.6906738281
15,33,47.4426269531
15,36,43.9636230469
15,39,41.0522460938
15,42,38.5986328125
15,45,36.5295410156
15,48,34.7534179688
15,51,33.2336425781
15,54,31.9152832031
15,57,30.7800292969
15,60,29.8095703125
15,63,28.9672851562
15,66,28.2531738281
15,69,27.6489257812
15,72,27.1362304688
15,75,26.7150878906
15,78,26.3854980469
15,81,26.1291503906
15,84,25.9460449219
15,87,25.8361816406
15,90,25.7995605469
15,93,25.8361816406
15,96,25.9460449219
15,99,26.1291503906
15,102,26.3854980469
15,105,26.7150878906
15,108,27.1179199219
15,111,27.6306152344
15,114,28.2348632812
15,117,28.9489746094
15,120,29.7729492188
15,123,30.7250976562
15,126,31.8420410156
15,129,33.1420898438
15,132,34.6252441406
15,135,36.3647460938
15,138,38.37890625
15,141,40.72265625
15,144,43.4875488281
15,147,46.6918945312
15,150,50.390625
15,153,54.5837402344
15,156,59.1247558594
15,159,62.98828125
15,162,65.0024414062
15,165,65.5334472656
15,168,65.2954101562
15,171,64.6179199219
15,174,63.6840820312
15,177,62.5122070312
15,180,61.1572265625
15,183,59.6374511719
15,186,58.0078125
15,189,56.3049316406
15,192,54.6020507812
15,195,52.9174804688
15,198,51.26953125
15,201,49.7131347656
15,204,48.2299804688
15,207,46.8566894531
15,210,45.6115722656
15,213,44.4580078125
15,216,43.4326171875
15,219,42.4987792969
15,222,41.6748046875
15,225,40.9790039062
15,228,40.4113769531
15,231,39.9536132812
15,234,39.6423339844
15,237,39.4226074219
15,240,39.3127441406
15,243,39.3310546875
15,246,39.4592285156
15,249,39.6789550781
15,252,40.0268554688
15,255,40.5029296875
15,258,41.0888671875
15,261,41.8212890625
15,264,42.7001953125
15,267,43.7438964844
15,270,44.970703125
15,273,46.3989257812
15,276,48.046875
15,279,49.9694824219
15,282,52.2033691406
15,285,54.8034667969
15,288,57.8430175781
15,291,61.4318847656
15,294,65.6982421875
15,297,70.7885742188
15,300,76.9775390625
15,303,84.5764160156
15,306,94.1528320312
15,309,106.475830078
15,312,122.973632812
15,315,146.063232422
15,318,178.308105469
15,321,174.389648438
15,324,134.893798828
15,327,109.497070312
15,330,94.7937011719
15,333,85.1257324219
15,336,78.2043457031
15,339,73.0041503906
15,342,68.9758300781
15,345,65.771484375
15,348,63.2080078125
15,351,61.1389160156
15,354,59.4909667969
15,357,58.1909179688
15,360,57.2021484375
16,0,58.8317871094
16,3,58.0810546875
16,6,57.5866699219
16,9,57.3303222656
16,12,57.3120117188
16,15,57.4951171875
16,18,57.8796386719
16,21,58.3923339844
16,24,59.1064453125
16,27,59.9853515625
16,30,55.1513671875
16,33,50.6103515625
16,36,46.8933105469
16,39,43.798828125
16,42,41.1804199219
16,45,38.96484375
16,48,37.060546875
16,51,35.44921875
16,54,34.0393066406
16,57,32.8308105469
16,60,31.8054199219
16,63,30.908203125
16,66,30.1391601562
16,69,29.4982910156
16,72,28.9489746094
16,75,28.5095214844
16,78,28.1433105469
16,81,27.8686523438
16,84,27.685546875
16,87,27.5573730469
16,90,27.5207519531
16,93,27.5573730469
16,96,27.6672363281
16,99,27.8686523438
16,102,28.1433105469
16,105,28.4912109375
16,108,28.9306640625
16,111,29.4616699219
16,114,30.1208496094
16,117,30.8715820312
16,120,31.7504882812
16,123,32.7758789062
16,126,33.9660644531
16,129,35.3393554688
16,132,36.9323730469
16,135,38.7634277344
16,138,40.9057617188
16,141,43.3959960938
16,144,46.3073730469
16,147,49.7131347656
16,150,53.6315917969
16,153,58.0627441406
16,156,62.8234863281
16,159,66.9250488281
16,162,69.1040039062
16,165,69.7814941406
16,168,69.5617675781
16,171,68.8842773438
16,174,67.9138183594
16,177,66.6137695312
16,180,65.0756835938
16,183,63.3361816406
16,186,61.4501953125
16,189,59.5092773438
16,192,57.5317382812
16,195,55.5908203125
16,198,53.7048339844
16,201,51.9287109375
16,204,50.244140625
16,207,48.7243652344
16,210,47.2961425781
16,213,46.0144042969
16,216,44.8608398438
16,219,43.8354492188
16,222,42.9382324219
16,225,42.2058105469
16,228,41.6198730469
16,231,41.162109375
16,234,40.8325195312
16,237,40.6127929688
16,240,40.5029296875
16,243,40.5212402344
16,246,40.6494140625
16,249,40.8874511719
16,252,41.2353515625
16,255,41.7114257812
16,258,42.333984375
16,261,43.0847167969
16,264,43.9819335938
16,267,45.0622558594
16,270,46.3073730469
16,273,47.7722167969
16,276,49.4934082031
16,279,51.4526367188
16,282,53.759765625
16,285,56.4331054688
16,288,59.5642089844
16,291,63.2446289062
16,294,67.6208496094
16,297,72.8576660156
16,300,79.1931152344
16,303,87.0300292969
16,306,96.8444824219
16,309,109.533691406
16,312,126.470947266
16,315,150.219726562
16,318,177.484130859
16,321,173.785400391
16,324,137.310791016
16,327,112.20703125
16,330,97.3388671875
16,333,87.4877929688
16,336,80.419921875
16,339,75.0732421875
16,342,70.9350585938
16,345,67.6391601562
16,348,65.0024414062
16,351,62.8784179688
16,354,61.1938476562
16,357,59.8571777344
16,360,58.8317871094
17,0,60.4797363281
17,3,59.6923828125
17,6,59.1979980469
17,9,58.9233398438
17,12,58.9050292969
17,15,59.1064453125
17,18,59.5092773438
17,21,60.0952148438
17,24,60.8459472656
17,27,61.7797851562
17,30,58.59375
17,33,53.7780761719
17,36,49.8229980469
17,39,46.5270996094
17,42,43.7622070312
17,45,41.4001464844
17,48,39.3859863281
17,51,37.6647949219
17,54,36.1633300781
17,57,34.8815917969
17,60,33.7829589844
17,63,32.8308105469
17,66,32.0251464844
17,69,31.3293457031
17,72,30.76171875
17,75,30.2856445312
17,78,29.9011230469
17,81,29.6081542969
17,84,29.4067382812
17,87,29.2785644531
17,90,29.2419433594
17,93,29.2785644531
17,96,29.4067382812
17,99,29.6081542969
17,102,29.8828125
17,105,30.2673339844
17,108,30.7434082031
17,111,31.3110351562
17,114,31.9885253906
17,117,32.7941894531
17,120,33.7280273438
17,123,34.8083496094
17,126,36.0717773438
17,129,37.5366210938
17,132,39.2211914062
17,135,41.162109375
17,138,43.4326171875
17,141,46.0693359375
17,144,49.1455078125
17,147,52.7160644531
17,150,56.8359375
17,153,61.4868164062
17,156,66.50390625
17,159,70.8251953125
17,162,73.1689453125
17,165,73.9562988281
17,168,73.8098144531
17,171,73.1506347656
17,174,72.1252441406
17,177,70.6970214844
17,180,68.9575195312
17,183,66.9799804688
17,186,64.8376464844
17,189,62.6037597656
17,192,60.3698730469
17,195,58.154296875
17,198,56.0302734375
17,201,54.0344238281
17,204,52.1484375
17,207,50.4455566406
17,210,48.8708496094
17,213,47.4609375
17,216,46.1975097656
17,219,45.1171875
17,222,44.2016601562
17,225,43.4509277344
17,228,42.8466796875
17,231,42.3889160156
17,234,42.0227050781
17,237,41.8029785156
17,240,41.6931152344
17,243,41.7114257812
17,246,41.8395996094
17,249,42.0776367188
17,252,42.4438476562
17,255,42.9382324219
17,258,43.5607910156
17,261,44.3481445312
17,264,45.263671875
17,267,46.3806152344
17,270,47.6623535156
17,273,49.1638183594
17,276,50.9216308594
17,279,52.9541015625
17,282,55.3161621094
17,285,58.0627441406
17,288,61.2854003906
17,291,65.0573730469
17,294,69.5617675781
17,297,74.9267578125
17,300,81.4453125
17,303,89.4653320312
17,306,99.5544433594
17,309,112.591552734
17,312,130.004882812
17,315,154.39453125
17,318,176.696777344
17,321,173.236083984
17,324,139.562988281
17,327,114.935302734
17,330,99.9206542969
17,333,89.8681640625
17,336,82.6354980469
17,339,77.1606445312
17,342,72.9125976562
17,345,69.5251464844
17,348,66.8151855469
17,351,64.6545410156
17,354,62.8967285156
17,357,61.5234375
17,360,60.4797363281
18,0,62.1276855469
18,3,61.3403320312
18,6,60.8093261719
18,9,60.5346679688
18,12,60.498046875
18,15,60.7177734375
18,18,61.1572265625
18,21,61.7797851562
18,24,62.5854492188
18,27,63.57421875
18,30,62.0544433594
18,33,56.9458007812
18,36,52.7526855469
18,39,49.2736816406
18,42,46.3256835938
18,45,43.8354492188
18,48,41.7114257812
18,51,39.8803710938
18,54,38.3056640625
18,57,36.9506835938
18,60,35.7788085938
18,63,34.7717285156
18,66,33.9111328125
18,69,33.1787109375
18,72,32.5561523438
18,75,32.0617675781
18,78,31.6589355469
18,81,31.34765625
18,84,31.1279296875
18,87,30.9997558594
18,90,30.9631347656
18,93,30.9997558594
18,96,31.1279296875
18,99,31.34765625
18,102,31.640625
18,105,32.0434570312
18,108,32.5378417969
18,111,33.1420898438
18,114,33.8745117188
18,117,34.716796875
18,120,35.7055664062
18,123,36.8591308594
18,126,38.1958007812
18,129,39.7338867188
18,132,41.5100097656
18,135,43.5607910156
18,138,45.9411621094
18,141,48.7243652344
18,144,51.9470214844
18,147,55.7006835938
18,150,60.0219726562
18,153,64.8742675781
18,156,70.1293945312
18,159,74.6520996094
18,162,77.1789550781
18,165,78.0944824219
18,168,78.0212402344
18,171,77.4169921875
18,174,76.3366699219
18,177,74.7619628906
18,180,72.8210449219
18,183,70.60546875
18,186,68.1701660156
18,189,65.6433105469
18,192,63.0981445312
18,195,60.6262207031
18,198,58.2458496094
18,201,56.0119628906
18,204,53.9428710938
18,207,52.0751953125
18,210,50.3540039062
18,213,48.8342285156
18,216,47.5158691406
18,219,46.4172363281
18,222,45.4833984375
18,225,44.6960449219
18,228,44.0734863281
18,231,43.5974121094
18,234,43.2312011719
18,237,42.9931640625
18,240,42.8833007812
18,243,42.9016113281
18,246,43.0297851562
18,249,43.2861328125
18,252,43.65234375
18,255,44.1650390625
18,258,44.8059082031
18,261,45.6115722656
18,264,46.5637207031
18,267,47.6989746094
18,270,49.0173339844
18,273,50.5737304688
18,276,52.3681640625
18,279,54.4372558594
18,282,56.8725585938
18,285,59.6923828125
18,288,63.0065917969
18,291,66.8884277344
18,294,71.5026855469
18,297,77.0141601562
18,300,83.6975097656
18,303,91.9372558594
18,306,102.282714844
18,309,115.649414062
18,312,133.557128906
18,315,158.587646484
18,318,175.946044922
18,321,172.778320312
18,324,141.815185547
18,327,117.608642578
18,330,102.465820312
18,333,92.2485351562
18,336,84.8510742188
18,339,79.248046875
18,342,74.8901367188
18,345,71.4294433594
18,348,68.6462402344
18,351,66.4123535156
18,354,64.6179199219
18,357,63.2080078125
18,360,62.1276855469
19,0,63.7939453125
19,3,62.9699707031
19,6,62.4389648438
19,9,62.1459960938
19,12,62.1276855469
19,15,62.3291015625
19,18,62.7868652344
19,21,63.4643554688
19,24,64.306640625
19,27,65.3686523438
19,30,65.4968261719
19,33,60.1135253906
19,36,55.6823730469
19,39,52.001953125
19,42,48.9074707031
19,45,46.2707519531
19,48,44.0185546875
19,51,42.0959472656
19,54,40.4296875
19,57,39.0014648438
19,60,37.7563476562
19,63,36.6943359375
19,66,35.7971191406
19,69,35.009765625
19,72,34.3688964844
19,75,33.837890625
19,78,33.4167480469
19,81,33.0871582031
19,84,32.8674316406
19,87,32.7209472656
19,90,32.6843261719
19,93,32.7209472656
19,96,32.8491210938
19,99,33.0871582031
19,102,33.3984375
19,105,33.8195800781
19,108,34.3505859375
19,111,34.9914550781
19,114,35.7421875
19,117,36.6394042969
19,120,37.6831054688
19,123,38.8916015625
19,126,40.3015136719
19,129,41.9128417969
19,132,43.7805175781
19,135,45.9594726562
19,138,48.4497070312
19,141,51.3610839844
19,144,54.7302246094
19,147,58.6486816406
19,150,63.1713867188
19,153,68.2434082031
19,156,73.6999511719
19,159,78.4423828125
19,162,81.15234375
19,165,82.2143554688
19,168,82.2326660156
19,171,81.6833496094
19,174,80.5297851562
19,177,78.8269042969
19,180,76.6662597656
19,183,74.1577148438
19,186,71.4477539062
19,189,68.5913085938
19,192,65.7531738281
19,195,62.98828125
19,198,60.3515625
19,201,57.8979492188
19,204,55.6457519531
19,207,53.5949707031
19,210,51.7639160156
19,213,50.2075195312
19,216,48.8525390625
19,219,47.7172851562
19,222,46.7468261719
19,225,45.9594726562
19,228,45.3186035156
19,231,44.82421875
19,234,44.4396972656
19,237,44.2016601562
19,240,44.091796875
19,243,44.1101074219
19,246,44.23828125
19,249,44.4946289062
19,252,44.8791503906
19,255,45.3918457031
19,258,46.0510253906
19,261,46.875
19,264,47.8637695312
19,267,49.0173339844
19,270,50.3723144531
19,273,51.9653320312
19,276,53.8146972656
19,279,55.9387207031
19,282,58.4289550781
19,285,61.3220214844
19,288,64.7277832031
19,291,68.7194824219
19,294,73.4436035156
19,297,79.1015625
19,300,85.9497070312
19,303,94.4091796875
19,306,105.029296875
19,309,118.743896484
19,312,137.109375
19,315,162.780761719
19,318,175.213623047
19,321,172.283935547
19,324,143.957519531
19,327,120.281982422
19,330,105.029296875
19,333,94.62890625
19,336,87.0849609375
19,339,81.3537597656
19,342,76.8859863281
19,345,73.3337402344
19,348,70.4956054688
19,351,68.1884765625
19,354,66.357421875
19,357,64.9108886719
19,360,63.7939453125
20,0,65.4602050781
20,3,64.6179199219
20,6,64.0686035156
20,9,63.7756347656
20,12,63.7390136719
20,15,63.9587402344
20,18,64.4348144531
20,21,65.1306152344
20,24,66.0461425781
20,27,67.1630859375
20,30,68.4997558594
20,33,63.28125
20,36,58.6303710938
20,39,54.7485351562
20,42,51.4709472656
20,45,48.7060546875
20,48,46.3439941406
20,51,44.3115234375
20,54,42.5537109375
20,57,41.0522460938
20,60,39.7521972656
20,63,38.6352539062
20,66,37.6647949219
20,69,36.8591308594
20,72,36.181640625
20,75,35.6140136719
20,78,35.1745605469
20,81,34.8266601562
20,84,34.5886230469
20,87,34.4421386719
20,90,34.4055175781
20,93,34.4421386719
20,96,34.5886230469
20,99,34.8266601562
20,102,35.15625
20,105,35.595703125
20,108,36.1450195312
20,111,36.8225097656
20,114,37.6281738281
20,117,38.5620117188
20,120,39.6606445312
20,123,40.9240722656
20,126,42.4072265625
20,129,44.1101074219
20,132,46.0693359375
20,135,48.33984375
20,138,50.9582519531
20,141,53.9978027344
20,144,57.5134277344
20,147,61.5783691406
20,150,66.2658691406
20,153,71.5576171875
20,156,77.2338867188
20,159,82.1594238281
20,162,85.0891113281
20,165,86.2976074219
20,168,86.4440917969
20,171,85.9313964844
20,174,84.7229003906
20,177,82.8552246094
20,180,80.4748535156
20,183,77.6916503906
20,186,74.6337890625
20,189,71.4660644531
20,192,68.2983398438
20,195,65.2404785156
20,198,62.3657226562
20,201,59.6740722656
20,204,57.2387695312
20,207,55.0415039062
20,210,53.173828125
20,213,51.5625
20,216,50.1708984375
20,219,49.0173339844
20,222,48.0285644531
20,225,47.2045898438
20,228,46.5454101562
20,231,46.0327148438
20,234,45.6481933594
20,237,45.41015625
20,240,45.3002929688
20,243,45.3002929688
20,246,45.4284667969
20,249,45.703125
20,252,46.0876464844
20,255,46.6369628906
20,258,47.2961425781
20,261,48.1384277344
20,264,49.1455078125
20,267,50.3356933594
20,270,51.7456054688
20,273,53.3752441406
20,276,55.2612304688
20,279,57.4584960938
20,282,60.0036621094
20,285,62.9699707031
20,288,66.4489746094
20,291,70.5505371094
20,294,75.3845214844
20,297,81.1889648438
20,300,88.2202148438
20,303,96.8811035156
20,306,107.775878906
20,309,121.838378906
20,312,140.679931641
20,315,166.9921875
20,318,174.591064453
20,321,171.807861328
20,324,146.008300781
20,327,122.882080078
20,330,107.592773438
20,333,97.0092773438
20,336,89.3188476562
20,339,83.4594726562
20,342,78.9001464844
20,345,75.2563476562
20,348,72.3266601562
20,351,69.9829101562
20,354,68.0969238281
20,357,66.6137695312
20,360,65.4602050781
21,0,67.1447753906
21,3,66.2841796875
21,6,65.7165527344
21,9,65.4052734375
21,12,65.3686523438
21,15,65.5883789062
21,18,66.0827636719
21,21,66.8151855469
21,24,67.7673339844
21,27,68.9392089844
21,30,70.3491210938
21,33,66.4489746094
21,36,61.5600585938
21,39,57.4768066406
21,42,54.052734375
21,45,51.1413574219
21,48,48.6511230469
21,51,46.5087890625
21,54,44.677734375
21,57,43.1030273438
21,60,41.7297363281
21,63,40.5578613281
21,66,39.55078125
21,69,38.7084960938
21,72,37.9943847656
21,75,37.4084472656
21,78,36.9323730469
21,81,36.5661621094
21,84,36.328125
21,87,36.1633300781
21,90,36.1083984375
21,93,36.1633300781
21,96,36.3098144531
21,99,36.5661621094
21,102,36.9140625
21,105,37.3718261719
21,108,37.9577636719
21,111,38.6535644531
21,114,39.4958496094
21,117,40.4846191406
21,120,41.6381835938
21,123,42.9748535156
21,126,44.5129394531
21,129,46.2890625
21,132,48.33984375
21,135,50.7202148438
21,138,53.4484863281
21,141,56.6162109375
21,144,60.2600097656
21,147,64.4897460938
21,150,69.3420410156
21,153,74.8352050781
21,156,80.7312011719
21,159,85.83984375
21,162,88.9709472656
21,165,90.3442382812
21,168,90.6188964844
21,171,90.1611328125
21,174,88.8977050781
21,177,86.8835449219
21,180,84.2468261719
21,183,81.1706542969
21,186,77.783203125
21,189,74.2492675781
21,192,70.751953125
21,195,67.4011230469
21,198,64.2883300781
21,201,61.3586425781
21,204,58.7585449219
21,207,56.5063476562
21,210,54.6020507812
21,213,52.9357910156
21,216,51.5075683594
21,219,50.3173828125
21,222,49.3103027344
21,225,48.4497070312
21,228,47.7905273438
21,231,47.2595214844
21,234,46.8566894531
21,237,46.6186523438
21,240,46.4904785156
21,243,46.5087890625
21,246,46.6369628906
21,249,46.9116210938
21,252,47.314453125
21,255,47.8637695312
21,258,48.5595703125
21,261,49.4201660156
21,264,50.4455566406
21,267,51.6723632812
21,270,53.1005859375
21,273,54.7668457031
21,276,56.7077636719
21,279,58.9599609375
21,282,61.5783691406
21,285,64.6179199219
21,288,68.1884765625
21,291,72.3815917969
21,294,77.34375
21,297,83.2763671875
21,300,90.4907226562
21,303,99.3713378906
21,306,110.522460938
21,309,124.951171875
21,312,144.268798828
21,315,168.218994141
21,318,174.005126953
21,321,171.423339844
21,324,148.004150391
21,327,125.500488281
21,330,110.119628906
21,333,99.4079589844
21,336,91.552734375
21,339,85.5834960938
21,342,80.8959960938
21,345,77.1789550781
21,348,74.1943359375
21,351,71.77734375
21,354,69.8364257812
21,357,68.3166503906
21,360,67.1447753906
22,0,68.8293457031
22,3,67.9504394531
22,6,67.3645019531
22,9,67.0532226562
22,12,67.0166015625
22,15,67.236328125
22,18,67.7307128906
22,21,68.4997558594
22,24,69.5068359375
22,27,70.7336425781
22,30,72.1984863281
22,33,69.6166992188
22,36,64.4897460938
22,39,60.2233886719
22,42,56.6162109375
22,45,53.5766601562
22,48,50.9765625
22,51,48.7243652344
22,54,46.8017578125
22,57,45.1538085938
22,60,43.7072753906
22,63,42.48046875
22,66,41.4367675781
22,69,40.5395507812
22,72,39.7888183594
22,75,39.1845703125
22,78,38.6901855469
22,81,38.3056640625
22,84,38.0493164062
22,87,37.8845214844
22,90,37.8295898438
22,93,37.8845214844
22,96,38.0310058594
22,99,38.3056640625
22,102,38.671875
22,105,39.1479492188
22,108,39.7521972656
22,111,40.5029296875
22,114,41.3818359375
22,117,42.4072265625
22,120,43.6157226562
22,123,45.0073242188
22,126,46.6186523438
22,129,48.4680175781
22,132,50.6286621094
22,135,53.1005859375
22,138,55.9387207031
22,141,59.2163085938
22,144,63.0065917969
22,147,67.3645019531
22,150,72.3815917969
22,153,78.076171875
22,156,84.1552734375
22,159,89.4653320312
22,162,92.7978515625
22,165,94.3542480469
22,168,94.775390625
22,171,94.3725585938
22,174,93.0725097656
22,177,90.9118652344
22,180,88.0004882812
22,183,84.5947265625
22,186,80.859375
22,189,76.9592285156
22,192,73.1323242188
22,195,69.4702148438
22,198,66.1010742188
22,201,62.9699707031
22,204,60.2966308594
22,207,57.9711914062
22,210,56.0119628906
22,213,54.3090820312
22,216,52.8442382812
22,219,51.6174316406
22,222,50.5737304688
22,225,49.7131347656
22,228,49.0173339844
22,231,48.486328125
22,234,48.0834960938
22,237,47.8271484375
22,240,47.6989746094
22,243,47.7172851562
22,246,47.8454589844
22,249,48.1201171875
22,252,48.5412597656
22,255,49.0905761719
22,258,49.8046875
22,261,50.7019042969
22,264,51.7456054688
22,267,52.9907226562
22,270,54.4738769531
22,273,56.1767578125
22,276,58.154296875
22,279,60.4614257812
22,282,63.1530761719
22,285,66.2658691406
22,288,69.9279785156
22,291,74.2126464844
22,294,79.3029785156
22,297,85.3820800781
22,300,92.7612304688
22,303,101.861572266
22,306,113.287353516
22,309,128.082275391
22,312,147.875976562
22,315,168.072509766
22,318,173.510742188
22,321,171.057128906
22,324,149.835205078
22,327,128.02734375
22,330,112.646484375
22,333,101.788330078
22,336,93.8049316406
22,339,87.7075195312
22,342,82.9284667969
22,345,79.1015625
22,348,76.0437011719
22,351,73.5717773438
22,354,71.5942382812
22,357,70.0378417969
22,360,68.8293457031
23,0,70.5139160156
23,3,69.6166992188
23,6,69.0124511719
23,9,68.701171875
23,12,68.6645507812
23,15,68.8842773438
23,18,69.3786621094
23,21,70.166015625
23,24,71.2280273438
23,27,72.509765625
23,30,74.0478515625
23,33,72.7844238281
23,36,67.4194335938
23,39,62.9516601562
23,42,59.1979980469
23,45,56.0119628906
23,48,53.2836914062
23,51,50.9399414062
23,54,48.92578125
23,57,47.2045898438
23,60,45.703125
23,63,44.4213867188
23,66,43.3227539062
23,69,42.3889160156
23,72,41.6015625
23,75,40.9606933594
23,78,40.4479980469
23,81,40.0451660156
23,84,39.7705078125
23,87,39.6057128906
23,90,39.55078125
23,93,39.6057128906
23,96,39.7705078125
23,99,40.0451660156
23,102,40.4296875
23,105,40.9240722656
23,108,41.5649414062
23,111,42.333984375
23,114,43.2495117188
23,117,44.3298339844
23,120,45.5749511719
23,123,47.0397949219
23,126,48.7243652344
23,129,50.6652832031
23,132,52.8991699219
23,135,55.4626464844
23,138,58.4106445312
23,141,61.81640625
23,144,65.7348632812
23,147,70.2209472656
23,150,75.4028320312
23,153,81.2438964844
23,156,87.5427246094
23,159,93.017578125
23,162,96.5698242188
23,165,98.3093261719
23,168,98.876953125
23,171,98.583984375
23,174,97.2290039062
23,177,94.9035644531
23,180,91.7175292969
23,183,87.9638671875
23,186,83.8439941406
23,189,79.5959472656
23,192,75.4028320312
23,195,71.4477539062
23,198,67.822265625
23,201,64.5629882812
23,204,61.8347167969
23,207,59.4543457031
23,210,57.4401855469
23,213,55.6823730469
23,216,54.1809082031
23,219,52.9357910156
23,222,51.85546875
23,225,50.9765625
23,228,50.2624511719
23,231,49.7131347656
23,234,49.2919921875
23,237,49.0356445312
23,240,48.9074707031
23,243,48.9074707031
23,246,49.0539550781
23,249,49.3469238281
23,252,49.7680664062
23,255,50.3356933594
23,258,51.0681152344
23,261,51.9653320312
23,264,53.0456542969
23,267,54.3273925781
23,270,55.8471679688
23,273,57.5866699219
23,276,59.619140625
23,279,61.9812011719
23,282,64.7277832031
23,285,67.9138183594
23,288,71.6674804688
23,291,76.0620117188
23,294,81.2622070312
23,297,87.4877929688
23,300,95.0500488281
23,303,104.351806641
23,306,116.070556641
23,309,131.213378906
23,312,151.483154297
23,315,167.999267578
23,318,173.107910156
23,321,170.837402344
23,324,151.611328125
23,327,130.535888672
23,330,115.13671875
23,333,104.168701172
23,336,96.0388183594
23,339,89.8315429688
23,342,84.9426269531
23,345,81.0424804688
23,348,77.9113769531
23,351,75.3845214844
23,354,73.3520507812
23,357,71.7590332031
23,360,70.5139160156
24,0,72.216796875
24,3,71.3012695312
24,6,70.6787109375
24,9,70.3491210938
24,12,70.3125
24,15,70.5322265625
24,18,71.044921875
24,21,71.8505859375
24,24,72.94921875
24,27,74.2858886719
24,30,75.8972167969
24,33,75.9521484375
24,36,70.3491210938
24,39,65.6982421875
24,42,61.7797851562
24,45,58.447265625
24,48,55.6091308594
24,51,53.1555175781
24,54,51.0498046875
24,57,49.2553710938
24,60,47.6806640625
24,63,46.3439941406
24,66,45.1904296875
24,69,44.2199707031
24,72,43.4143066406
24,75,42.7368164062
24,78,42.2058105469
24,81,41.7846679688
24,84,41.4916992188
24,87,41.3269042969
24,90,41.2719726562
24,93,41.3269042969
24,96,41.4916992188
24,99,41.7663574219
24,102,42.1691894531
24,105,42.7001953125
24,108,43.359375
24,111,44.1650390625
24,114,45.1171875
24,117,46.2341308594
24,120,47.5524902344
24,123,49.072265625
24,126,50.8117675781
24,129,52.8442382812
24,132,55.1513671875
24,135,57.8247070312
24,138,60.8825683594
24,141,64.3981933594
24,144,68.4265136719
24,147,73.0407714844
24,150,78.3508300781
24,153,84.3933105469
24,156,90.8569335938
24,159,96.5148925781
24,162,100.250244141
24,165,102.172851562
24,168,102.978515625
24,171,102.777099609
24,174,101.403808594
24,177,98.8952636719
24,180,95.4162597656
24,183,91.2963867188
24,186,86.7736816406
24,189,82.1411132812
24,192,77.6000976562
24,195,73.3337402344
24,198,69.4885253906
24,201,66.1560058594
24,204,63.3544921875
24,207,60.9191894531
24,210,58.8684082031
24,213,57.0556640625
24,216,55.5358886719
24,219,54.2358398438
24,222,53.1372070312
24,225,52.2399902344
24,228,51.5258789062
24,231,50.9399414062
24,234,50.5187988281
24,237,50.244140625
24,240,50.1159667969
24,243,50.1159667969
24,246,50.2624511719
24,249,50.5554199219
24,252,50.9948730469
24,255,51.5808105469
24,258,52.3315429688
24,261,53.2470703125
24,264,54.345703125
24,267,55.6640625
24,270,57.2021484375
24,273,58.9965820312
24,276,61.083984375
24,279,63.5009765625
24,282,66.3024902344
24,285,69.580078125
24,288,73.4069824219
24,291,77.9113769531
24,294,83.2397460938
24,297,89.6118164062
24,300,97.3388671875
24,303,106.860351562
24,306,118.853759766
24,309,134.362792969
24,312,155.108642578
24,315,167.944335938
24,318,172.814941406
24,321,170.599365234
24,324,153.259277344
24,327,132.952880859
24,330,117.645263672
24,333,106.567382812
24,336,98.291015625
24,339,91.9555664062
24,342,86.9567871094
24,345,82.9833984375
24,348,79.7790527344
24,351,77.197265625
24,354,75.1281738281
24,357,73.4802246094
24,360,72.216796875
25,0,73.9196777344
25,3,72.9675292969
25,6,72.3449707031
25,9,72.0153808594
25,12,71.9604492188
25,15,72.1984863281
25,18,72.7294921875
25,21,73.53515625
25,24,74.6704101562
25,27,76.0620117188
25,30,77.7282714844
25,33,79.1198730469
25,36,73.2971191406
25,39,68.4265136719
25,42,64.3432617188
25,45,60.8825683594
25,48,57.9162597656
25,51,55.37109375
25,54,53.1921386719
25,57,51.3061523438
25,60,49.6765136719
25,63,48.2666015625
25,66,47.0764160156
25,69,46.0693359375
25,72,45.2087402344
25,75,44.5129394531
25,78,43.9636230469
25,81,43.5241699219
25,84,43.2312011719
25,87,43.0480957031
25,90,42.9748535156
25,93,43.0480957031
25,96,43.212890625
25,99,43.505859375
25,102,43.9270019531
25,105,44.4763183594
25,108,45.1721191406
25,111,45.99609375
25,114,46.9848632812
25,117,48.1567382812
25,120,49.51171875
25,123,51.1047363281
25,126,52.9174804688
25,129,55.0048828125
25,132,57.421875
25,135,60.1867675781
25,138,63.3544921875
25,141,66.9799804688
25,144,71.1181640625
25,147,75.8605957031
25,150,81.2805175781
25,153,87.4877929688
25,156,94.1162109375
25,159,99.9389648438
25,162,103.875732422
25,165,106.018066406
25,168,107.043457031
25,171,106.951904297
25,174,105.541992188
25,177,102.868652344
25,180,99.0600585938
25,183,94.5739746094
25,186,89.6301269531
25,189,84.6130371094
25,192,79.7058105469
25,195,75.146484375
25,198,71.1730957031
25,201,67.7673339844
25,204,64.892578125
25,207,62.40234375
25,210,60.2966308594
25,213,58.447265625
25,216,56.8725585938
25,219,55.5541992188
25,222,54.4372558594
25,225,53.5034179688
25,228,52.7709960938
25,231,52.1667480469
25,234,51.7456054688
25,237,51.4709472656
25,240,51.3244628906
25,243,51.3244628906
25,246,51.4709472656
25,249,51.7822265625
25,252,52.2216796875
25,255,52.8259277344
25,258,53.5949707031
25,261,54.5288085938
25,264,55.6640625
25,267,57.0007324219
25,270,58.5754394531
25,273,60.4064941406
25,276,62.548828125
25,279,65.0024414062
25,282,67.8955078125
25,285,71.2280273438
25,288,75.146484375
25,291,79.7607421875
25,294,85.1989746094
25,297,91.7175292969
25,300,99.6276855469
25,303,109.368896484
25,306,121.636962891
25,309,137.512207031
25,312,158.734130859
25,315,167.980957031
25,318,172.55859375
25,321,170.5078125
25,324,154.779052734
25,327,135.369873047
25,330,120.098876953
25,333,108.911132812
25,336,100.543212891
25,339,94.0795898438
25,342,88.9892578125
25,345,84.9243164062
25,348,81.6467285156
25,351,79.0100097656
25,354,76.8859863281
25,357,75.2197265625
25,360,73.9196777344
26,0,75.6225585938
26,3,74.6520996094
26,6,74.0112304688
26,9,73.6633300781
26,12,73.6267089844
26,15,73.8647460938
26,18,74.3957519531
26,21,75.2380371094
26,24,76.3916015625
26,27,77.8381347656
26,30,79.5593261719
26,33,81.591796875
26,36,76.2268066406
26,39,71.1730957031
26,42,66.9250488281
26,45,63.3178710938
26,48,60.2233886719
26,51,57.5866699219
26,54,55.3161621094
26,57,53.3386230469
26,60,51.6540527344
26,63,50.2075195312
26,66,48.9624023438
26,69,47.900390625
26,72,47.021484375
26,75,46.2890625
26,78,45.703125
26,81,45.263671875
26,84,44.9523925781
26,87,44.7692871094
26,90,44.6960449219
26,93,44.7509765625
26,96,44.9340820312
26,99,45.2453613281
26,102,45.6848144531
26,105,46.2524414062
26,108,46.9665527344
26,111,47.8271484375
26,114,48.8708496094
26,117,50.0793457031
26,120,51.4892578125
26,123,53.1188964844
26,126,55.0048828125
26,129,57.1838378906
26,132,59.6740722656
26,135,62.5305175781
26,138,65.8081054688
26,141,69.5434570312
26,144,73.7915039062
26,147,78.6437988281
26,150,84.1735839844
26,153,90.52734375
26,156,97.3022460938
26,159,103.326416016
26,162,107.446289062
26,165,109.826660156
26,168,111.090087891
26,171,111.145019531
26,174,109.698486328
26,177,106.823730469
26,180,102.685546875
26,183,97.7966308594
26,186,92.4133300781
26,189,86.9750976562
26,192,81.73828125
26,195,76.9226074219
26,198,72.8576660156
26,201,69.3786621094
26,204,66.4123535156
26,207,63.8671875
26,210,61.7248535156
26,213,59.8205566406
26,216,58.2275390625
26,219,56.8725585938
26,222,55.7189941406
26,225,54.7668457031
26,228,54.0161132812
26,231,53.4118652344
26,234,52.9541015625
26,237,52.6794433594
26,240,52.5512695312
26,243,52.5329589844
26,246,52.6977539062
26,249,53.0090332031
26,252,53.4484863281
26,255,54.052734375
26,258,54.8583984375
26,261,55.810546875
26,264,56.9641113281
26,267,58.3557128906
26,270,59.9487304688
26,273,61.81640625
26,276,64.013671875
26,279,66.5405273438
26,282,69.4702148438
26,285,72.8942871094
26,288,76.904296875
26,291,81.6101074219
26,294,87.1765136719
26,297,93.8415527344
26,300,101.916503906
26,303,111.895751953
26,306,124.438476562
26,309,140.661621094
26,312,162.231445312
26,315,168.090820312
26,318,172.412109375
26,321,170.526123047
26,324,156.243896484
26,327,137.677001953
26,330,122.552490234
26,333,111.291503906
26,336,102.777099609
26,339,96.2036132812
26,342,91.0217285156
26,345,86.8835449219
26,348,83.5327148438
26,351,80.8410644531
26,354,78.662109375
26,357,76.9592285156
26,360,75.6225585938
27,0,77.1606445312
27,3,76.171875
27,6,75.5126953125
27,9,75.1647949219
27,12,75.1098632812
27,15,75.3479003906
27,18,75.8972167969
27,21,76.7395019531
27,24,77.9113769531
27,27,79.4128417969
27,30,81.1889648438
27,33,83.2946777344
27,36,79.1564941406
27,39,73.9196777344
27,42,69.4885253906
27,45,65.7531738281
27,48,62.548828125
27,51,59.8022460938
27,54,57.4401855469
27,57,55.3894042969
27,60,53.6499023438
27,63,52.1301269531
27,66,50.8483886719
27,69,49.7497558594
27,72,48.8159179688
27,75,48.0651855469
27,78,47.4609375
27,81,47.0031738281
27,84,46.6735839844
27,87,46.4721679688
27,90,46.4172363281
27,93,46.4721679688
27,96,46.6552734375
27,99,46.9848632812
27,102,47.4426269531
27,105,48.0285644531
27,108,48.7609863281
27,111,49.658203125
27,114,50.7385253906
27,117,51.9836425781
27,120,53.4484863281
27,123,55.1513671875
27,126,57.1105957031
27,129,59.3444824219
27,132,61.9262695312
27,135,64.8742675781
27,138,68.2434082031
27,141,72.0886230469
27,144,76.4465332031
27,147,81.4086914062
27,150,87.0483398438
27,153,93.4936523438
27,156,100.415039062
27,159,106.585693359
27,162,110.888671875
27,165,113.525390625
27,168,115.026855469
27,171,115.191650391
27,174,113.708496094
27,177,110.595703125
27,180,106.127929688
27,183,100.78125
27,186,94.9401855469
27,189,89.0991210938
27,192,83.5144042969
27,195,78.5339355469
27,198,74.3957519531
27,201,70.8435058594
27,204,67.822265625
27,207,65.2404785156
27,210,63.0249023438
27,213,61.1022949219
27,216,59.47265625
27,219,58.0810546875
27,222,56.9091796875
27,225,55.9387207031
27,228,55.1696777344
27,231,54.5471191406
27,234,54.0893554688
27,237,53.8146972656
27,240,53.6499023438
27,243,53.6499023438
27,246,53.8146972656
27,249,54.1259765625
27,252,54.5837402344
27,255,55.2062988281
27,258,56.0119628906
27,261,57.0007324219
27,264,58.1726074219
27,267,59.5825195312
27,270,61.2121582031
27,273,63.134765625
27,276,65.3503417969
27,279,67.9321289062
27,282,70.9350585938
27,285,74.4323730469
27,288,78.515625
27,291,83.3129882812
27,294,88.9892578125
27,297,95.7824707031
27,300,104.040527344
27,303,114.202880859
27,306,127.001953125
27,309,143.572998047
27,312,161.938476562
27,315,167.651367188
27,318,171.862792969
27,321,170.251464844
27,324,157.32421875
27,327,139.636230469
27,330,124.676513672
27,333,113.37890625
27,336,104.791259766
27,339,98.1262207031
27,342,92.8527832031
27,345,88.623046875
27,348,85.2172851562
27,351,82.470703125
27,354,80.2551269531
27,357,78.515625
27,360,77.1606445312
28,0,78.2043457031
28,3,77.197265625
28,6,76.5197753906
28,9,76.1535644531
28,12,76.0986328125
28,15,76.3366699219
28,18,76.8676757812
28,21,77.7282714844
28,24,78.9001464844
28,27,80.419921875
28,30,82.2509765625
28,33,84.3933105469
28,36,82.0861816406
28,39,76.6479492188
28,42,72.0703125
28,45,68.1884765625
28,48,64.8559570312
28,51,62.0178222656
28,54,59.5642089844
28,57,57.4401855469
28,60,55.6274414062
28,63,54.052734375
28,66,52.7160644531
28,69,51.5808105469
28,72,50.6286621094
28,75,49.8413085938
28,78,49.21875
28,81,48.7426757812
28,84,48.3947753906
28,87,48.193359375
28,90,48.1201171875
28,93,48.193359375
28,96,48.3947753906
28,99,48.7243652344
28,102,49.1821289062
28,105,49.8046875
28,108,50.5737304688
28,111,51.4892578125
28,114,52.6062011719
28,117,53.90625
28,120,55.4260253906
28,123,57.1655273438
28,126,59.1979980469
28,129,61.5051269531
28,132,64.1784667969
28,135,67.1997070312
28,138,70.6787109375
28,141,74.5971679688
28,144,79.0649414062
28,147,84.1186523438
28,150,89.8498535156
28,153,96.38671875
28,156,103.399658203
28,159,109.661865234
28,162,114.093017578
28,165,116.986083984
28,168,118.688964844
28,171,118.908691406
28,174,117.315673828
28,177,113.928222656
28,180,109.057617188
28,183,103.198242188
28,186,96.8811035156
28,189,90.5822753906
28,192,84.7229003906
28,195,79.7424316406
28,198,75.5126953125
28,201,71.9604492188
28,204,68.8842773438
28,207,66.2658691406
28,210,63.9953613281
28,213,62.0544433594
28,216,60.4064941406
28,219,58.9965820312
28,222,57.8063964844
28,225,56.8359375
28,228,56.0302734375
28,231,55.4077148438
28,234,54.9682617188
28,237,54.6569824219
28,240,54.5104980469
28,243,54.5104980469
28,246,54.6752929688
28,249,54.9865722656
28,252,55.4626464844
28,255,56.103515625
28,258,56.9091796875
28,261,57.8979492188
28,264,59.1064453125
28,267,60.5163574219
28,270,62.1826171875
28,273,64.1235351562
28,276,66.3940429688
28,279,69.0124511719
28,282,72.0520019531
28,285,75.5859375
28,288,79.7424316406
28,291,84.5947265625
28,294,90.3625488281
28,297,97.265625
28,300,105.633544922
28,303,115.942382812
28,306,128.942871094
28,309,145.770263672
28,312,159.869384766
28,315,165.637207031
28,318,170.086669922
28,321,169.189453125
28,324,157.580566406
28,327,140.808105469
28,330,126.086425781
28,333,114.788818359
28,336,106.182861328
28,339,99.4445800781
28,342,94.1162109375
28,345,89.8498535156
28,348,86.3891601562
28,351,83.6059570312
28,354,81.3537597656
28,357,79.5776367188
28,360,78.2043457031
29,0,79.2663574219
29,3,78.2409667969
29,6,77.5634765625
29,9,77.1789550781
29,12,77.1057128906
29,15,77.34375
29,18,77.8930664062
29,21,78.7353515625
29,24,79.9255371094
29,27,81.4636230469
29,30,83.3312988281
29,33,85.5285644531
29,36,85.0341796875
29,39,79.39453125
29,42,74.6520996094
29,45,70.6237792969
29,48,67.1813964844
29,51,64.2333984375
29,54,61.6882324219
29,57,59.4909667969
29,60,57.6049804688
29,63,55.9936523438
29,66,54.6020507812
29,69,53.4301757812
29,72,52.44140625
29,75,51.6174316406
29,78,50.9765625
29,81,50.4821777344
29,84,50.1342773438
29,87,49.9145507812
29,90,49.8413085938
29,93,49.9145507812
29,96,50.1159667969
29,99,50.4455566406
29,102,50.9399414062
29,105,51.5808105469
29,108,52.3681640625
29,111,53.3203125
29,114,54.4738769531
29,117,55.810546875
29,120,57.3852539062
29,123,59.1979980469
29,126,61.2854003906
29,129,63.6657714844
29,132,66.4123535156
29,135,69.5251464844
29,138,73.095703125
29,141,77.1240234375
29,144,81.6650390625
29,147,86.8103027344
29,150,92.6147460938
29,153,99.2065429688
29,156,106.311035156
29,159,112.664794922
29,162,117.224121094
29,165,120.373535156
29,168,122.296142578
29,171,122.607421875
29,174,120.904541016
29,177,117.224121094
29,180,111.932373047
29,183,105.505371094
29,186,98.7121582031
29,189,91.9921875
29,192,85.9680175781
29,195,80.9692382812
29,198,76.6662597656
29,201,73.0590820312
29,204,69.9645996094
29,207,67.3095703125
29,210,65.0024414062
29,213,63.0432128906
29,216,61.3586425781
29,219,59.9304199219
29,222,58.7219238281
29,225,57.7331542969
29,228,56.9091796875
29,231,56.2866210938
29,234,55.8288574219
29,237,55.517578125
29,240,55.37109375
29,243,55.3894042969
29,246,55.5358886719
29,249,55.8654785156
29,252,56.3415527344
29,255,56.982421875
29,258,57.8063964844
29,261,58.8134765625
29,264,60.0219726562
29,267,61.4685058594
29,270,63.1530761719
29,273,65.1306152344
29,276,67.4194335938
29,279,70.0744628906
29,282,73.1689453125
29,285,76.7761230469
29,288,80.9509277344
29,291,85.8947753906
29,294,91.7358398438
29,297,98.73046875
29,300,107.2265625
29,303,117.700195312
29,306,130.883789062
29,309,147.94921875
29,312,157.781982422
29,315,163.604736328
29,318,168.255615234
29,321,168.1640625
29,324,157.891845703
29,327,141.925048828
29,330,127.496337891
29,333,116.253662109
29,336,107.574462891
29,339,100.799560547
29,342,95.4162597656
29,345,91.0949707031
29,348,87.59765625
29,351,84.7595214844
29,354,82.4890136719
29,357,80.6762695312
29,360,79.2663574219
30,0,80.3833007812
30,3,79.3212890625
30,6,78.6254882812
30,9,78.2409667969
30,12,78.1677246094
30,15,78.3874511719
30,18,78.9367675781
30,21,79.7790527344
30,24,80.9875488281
30,27,82.5256347656
30,30,84.4482421875
30,33,86.6821289062
30,36,87.9638671875
30,39,82.1228027344
30,42,77.2155761719
30,45,73.0590820312
30,48,69.4885253906
30,51,66.4306640625
30,54,63.8122558594
30,57,61.5417480469
30,60,59.6008300781
30,63,57.9162597656
30,66,56.4697265625
30,69,55.2612304688
30,72,54.2358398438
30,75,53.3935546875
30,78,52.734375
30,81,52.2033691406
30,84,51.85546875
30,87,51.6357421875
30,90,51.5625
30,93,51.6174316406
30,96,51.8371582031
30,99,52.1850585938
30,102,52.6794433594
30,105,53.3386230469
30,108,54.1625976562
30,111,55.1513671875
30,114,56.3415527344
30,117,57.7331542969
30,120,59.3444824219
30,123,61.2121582031
30,126,63.3544921875
30,129,65.8264160156
30,132,68.6462402344
30,135,71.8505859375
30,138,75.4943847656
30,141,79.6142578125
30,144,84.2468261719
30,147,89.4653320312
30,150,95.361328125
30,153,102.008056641
30,156,109.149169922
30,159,115.576171875
30,162,120.281982422
30,165,123.742675781
30,168,125.885009766
30,171,126.26953125
30,174,124.456787109
30,177,120.465087891
30,180,114.678955078
30,183,107.757568359
30,186,100.469970703
30,189,93.3471679688
30,192,87.2497558594
30,195,82.177734375
30,198,77.8564453125
30,201,74.1760253906
30,204,71.044921875
30,207,68.3349609375
30,210,66.0095214844
30,213,64.013671875
30,216,62.3107910156
30,219,60.8642578125
30,222,59.6374511719
30,225,58.6303710938
30,228,57.8247070312
30,231,57.1655273438
30,234,56.689453125
30,237,56.396484375
30,240,56.25
30,243,56.25
30,246,56.4147949219
30,249,56.7443847656
30,252,57.2204589844
30,255,57.8796386719
30,258,58.7036132812
30,261,59.7290039062
30,264,60.9741210938
30,267,62.4206542969
30,270,64.1418457031
30,273,66.1376953125
30,276,68.4631347656
30,279,71.1547851562
30,282,74.2858886719
30,285,77.9296875
30,288,82.177734375
30,291,87.1948242188
30,294,93.1091308594
30,297,100.213623047
30,300,108.837890625
30,303,119.458007812
30,306,132.843017578
30,309,149.450683594
30,312,155.712890625
30,315,161.627197266
30,318,166.479492188
30,321,167.083740234
30,324,158.111572266
30,327,143.078613281
30,330,128.924560547
30,333,117.700195312
30,336,109.002685547
30,339,102.172851562
30,342,96.7346191406
30,345,92.3583984375
30,348,88.8061523438
30,351,85.9497070312
30,354,83.6242675781
30,357,81.7932128906
30,360,80.3833007812
31,0,81.5002441406
31,3,80.4382324219
31,6,79.7058105469
31,9,79.3212890625
31,12,79.2297363281
31,15,79.4494628906
31,18,79.9987792969
31,21,80.859375
31,24,82.0678710938
31,27,83.6242675781
31,30,85.5651855469
31,33,87.8540039062
31,36,90.52734375
31,39,84.8693847656
31,42,79.7973632812
31,45,75.4943847656
31,48,71.8139648438
31,51,68.6462402344
31,54,65.9362792969
31,57,63.5925292969
31,60,61.5783691406
31,63,59.8388671875
31,66,58.3557128906
31,69,57.0922851562
31,72,56.0485839844
31,75,55.1696777344
31,78,54.4738769531
31,81,53.9428710938
31,84,53.5766601562
31,87,53.3569335938
31,90,53.2653808594
31,93,53.3386230469
31,96,53.5583496094
31,99,53.9245605469
31,102,54.4372558594
31,105,55.1147460938
31,108,55.95703125
31,111,56.982421875
31,114,58.2092285156
31,117,59.6374511719
31,120,61.3037109375
31,123,63.2263183594
31,126,65.4418945312
31,129,67.9870605469
31,132,70.8618164062
31,135,74.1577148438
31,138,77.8930664062
31,141,82.0861816406
31,144,86.8103027344
31,147,92.1203613281
31,150,98.0895996094
31,153,104.772949219
31,156,111.932373047
31,159,118.414306641
31,162,123.303222656
31,165,127.056884766
31,168,129.418945312
31,171,129.895019531
31,174,127.972412109
31,177,123.651123047
31,180,117.352294922
31,183,109.899902344
31,186,102.099609375
31,189,94.7204589844
31,192,88.5681152344
31,195,83.4045410156
31,198,79.0466308594
31,201,75.3295898438
31,204,72.1435546875
31,207,69.3786621094
31,210,67.0349121094
31,213,65.0024414062
31,216,63.28125
31,219,61.81640625
31,222,60.5712890625
31,225,59.5458984375
31,228,58.7219238281
31,231,58.0627441406
31,234,57.5866699219
31,237,57.275390625
31,240,57.1105957031
31,243,57.12890625
31,246,57.2937011719
31,249,57.6049804688
31,252,58.0993652344
31,255,58.7768554688
31,258,59.619140625
31,261,60.64453125
31,264,61.9079589844
31,267,63.3728027344
31,270,65.1306152344
31,273,67.1447753906
31,276,69.5068359375
31,279,72.2351074219
31,282,75.4028320312
31,285,79.1015625
31,288,83.4228515625
31,291,88.4948730469
31,294,94.5007324219
31,297,101.696777344
31,300,110.44921875
31,303,121.215820312
31,306,134.802246094
31,309,147.509765625
31,312,153.643798828
31,315,159.649658203
31,318,164.685058594
31,321,166.003417969
31,324,158.386230469
31,327,144.177246094
31,330,130.389404297
31,333,119.201660156
31,336,110.467529297
31,339,103.582763672
31,342,98.0895996094
31,345,93.6584472656
31,348,90.0695800781
31,351,87.158203125
31,354,84.814453125
31,357,82.9467773438
31,360,81.5002441406
32,0,82.6538085938
32,3,81.5551757812
32,6,80.8227539062
32,9,80.419921875
32,12,80.3283691406
32,15,80.5480957031
32,18,81.0974121094
32,21,81.9580078125
32,24,83.1665039062
32,27,84.7412109375
32,30,86.71875
32,33,89.0625
32,36,91.7724609375
32,39,87.59765625
32,42,82.3608398438
32,45,77.9113769531
32,48,74.12109375
32,51,70.8618164062
32,54,68.0603027344
32,57,65.6433105469
32,60,63.5559082031
32,63,61.7614746094
32,66,60.2416992188
32,69,58.9416503906
32,72,57.8430175781
32,75,56.9458007812
32,78,56.2316894531
32,81,55.6823730469
32,84,55.2978515625
32,87,55.0598144531
32,90,54.9865722656
32,93,55.0598144531
32,96,55.2795410156
32,99,55.6457519531
32,102,56.1950683594
32,105,56.8908691406
32,108,57.7514648438
32,111,58.8134765625
32,114,60.0769042969
32,117,61.5417480469
32,120,63.2629394531
32,123,65.2404785156
32,126,67.5109863281
32,129,70.1293945312
32,132,73.095703125
32,135,76.46484375
32,138,80.2734375
32,141,84.5581054688
32,144,89.35546875
32,147,94.7204589844
32,150,100.744628906
32,153,107.464599609
32,156,114.624023438
32,159,121.179199219
32,162,126.26953125
32,165,130.316162109
32,168,132.916259766
32,171,133.483886719
32,174,131.451416016
32,177,126.782226562
32,180,119.970703125
32,183,111.968994141
32,186,103.637695312
32,189,96.1303710938
32,192,89.8864746094
32,195,84.66796875
32,198,80.2551269531
32,201,76.4831542969
32,204,73.2421875
32,207,70.458984375
32,210,68.0603027344
32,213,66.0095214844
32,216,64.2517089844
32,219,62.7685546875
32,222,61.5051269531
32,225,60.4614257812
32,228,59.619140625
32,231,58.9599609375
32,234,58.4655761719
32,237,58.154296875
32,240,57.9895019531
32,243,58.0078125
32,246,58.1726074219
32,249,58.5021972656
32,252,58.9965820312
32,255,59.6557617188
32,258,60.5163574219
32,261,61.5783691406
32,264,62.841796875
32,267,64.3432617188
32,270,66.1010742188
32,273,68.1701660156
32,276,70.5505371094
32,279,73.3154296875
32,282,76.5380859375
32,285,80.2734375
32,288,84.6496582031
32,291,89.794921875
32,294,95.8923339844
32,297,103.198242188
32,300,112.060546875
32,303,122.991943359
32,306,136.761474609
32,309,145.568847656
32,312,151.611328125
32,315,157.635498047
32,318,162.890625
32,321,164.868164062
32,324,158.532714844
32,327,145.3125
32,330,131.817626953
32,333,120.703125
32,336,111.932373047
32,339,105.010986328
32,342,99.462890625
32,345,94.9768066406
32,348,91.3513183594
32,351,88.3850097656
32,354,86.0046386719
32,357,84.1186523438
32,360,82.6538085938
33,0,83.8073730469
33,3,82.7087402344
33,6,81.9580078125
33,9,81.5368652344
33,12,81.4453125
33,15,81.6650390625
33,18,82.1960449219
33,21,83.0749511719
33,24,84.3017578125
33,27,85.8947753906
33,30,87.890625
33,33,90.2709960938
33,36,93.0541992188
33,39,90.3442382812
33,42,84.9426269531
33,45,80.3466796875
33,48,76.4465332031
33,51,73.0773925781
33,54,70.1843261719
33,57,67.6940917969
33,60,65.5334472656
33,63,63.7023925781
33,66,62.109375
33,69,60.7727050781
33,72,59.6557617188
33,75,58.7219238281
33,78,57.9895019531
33,81,57.421875
33,84,57.0190429688
33,87,56.7810058594
33,90,56.689453125
33,93,56.7626953125
33,96,57.0007324219
33,99,57.3852539062
33,102,57.9345703125
33,105,58.6486816406
33,108,59.5458984375
33,111,60.64453125
33,114,61.9262695312
33,117,63.4460449219
33,120,65.2221679688
33,123,67.2546386719
33,126,69.5983886719
33,129,72.2717285156
33,132,75.3112792969
33,135,78.7536621094
33,138,82.6538085938
33,141,87.01171875
33,144,91.8823242188
33,147,97.3205566406
33,150,103.381347656
33,153,110.101318359
33,156,117.1875
33,159,123.870849609
33,162,129.180908203
33,165,133.538818359
33,168,136.376953125
33,171,137.054443359
33,174,134.893798828
33,177,129.876708984
33,180,122.497558594
33,183,113.946533203
33,186,105.120849609
33,189,97.5402832031
33,192,91.2414550781
33,195,85.9313964844
33,198,81.4636230469
33,201,77.63671875
33,204,74.3408203125
33,207,71.5209960938
33,210,69.1040039062
33,213,67.0166015625
33,216,65.2404785156
33,219,63.720703125
33,222,62.4389648438
33,225,61.376953125
33,228,60.5163574219
33,231,59.8571777344
33,234,59.3627929688
33,237,59.033203125
33,240,58.8684082031
33,243,58.88671875
33,246,59.0515136719
33,249,59.3811035156
33,252,59.8754882812
33,255,60.5712890625
33,258,61.4318847656
33,261,62.4938964844
33,264,63.7756347656
33,267,65.3137207031
33,270,67.08984375
33,273,69.1772460938
33,276,71.5942382812
33,279,74.3957519531
33,282,77.6550292969
33,285,81.4636230469
33,288,85.8947753906
33,291,91.0949707031
33,294,97.2839355469
33,297,104.699707031
33,300,113.690185547
33,303,124.768066406
33,306,138.317871094
33,309,143.646240234
33,312,149.578857422
33,315,155.657958984
33,318,161.096191406
33,321,163.696289062
33,324,158.660888672
33,327,146.337890625
33,330,133.264160156
33,333,122.222900391
33,336,113.433837891
33,339,106.457519531
33,342,100.854492188
33,345,96.3317871094
33,348,92.6330566406
33,351,89.6484375
33,354,87.2314453125
33,357,85.3088378906
33,360,83.8073730469
34,0,84.9975585938
34,3,83.8806152344
34,6,83.1115722656
34,9,82.6904296875
34,12,82.5805664062
34,15,82.8002929688
34,18,83.349609375
34,21,84.2102050781
34,24,85.4370117188
34,27,87.0483398438
34,30,89.0808105469
34,33,91.5161132812
34,36,94.3359375
34,39,93.0908203125
34,42,87.5061035156
34,45,82.7819824219
34,48,78.7536621094
34,51,75.29296875
34,54,72.3083496094
34,57,69.7448730469
34,60,67.529296875
34,63,65.625
34,66,63.9953613281
34,69,62.6037597656
34,72,61.4501953125
34,75,60.498046875
34,78,59.7290039062
34,81,59.1613769531
34,84,58.740234375
34,87,58.5021972656
34,90,58.4106445312
34,93,58.4838867188
34,96,58.7219238281
34,99,59.1247558594
34,102,59.6740722656
34,105,60.4248046875
34,108,61.3403320312
34,111,62.4572753906
34,114,63.7939453125
34,117,65.3503417969
34,120,67.1630859375
34,123,69.2687988281
34,126,71.6674804688
34,129,74.3957519531
34,132,77.5268554688
34,135,81.0424804688
34,138,85.0158691406
34,141,89.4470214844
34,144,94.3725585938
34,147,99.8657226562
34,150,105.999755859
34,153,112.701416016
34,156,119.714355469
34,159,126.434326172
34,162,132.037353516
34,165,136.724853516
34,168,139.819335938
34,171,140.570068359
34,174,138.317871094
34,177,132.897949219
34,180,124.951171875
34,183,115.832519531
34,186,106.622314453
34,189,98.9685058594
34,192,92.6147460938
34,195,87.2314453125
34,198,82.6904296875
34,201,78.80859375
34,204,75.4577636719
34,207,72.6013183594
34,210,70.1477050781
34,213,68.0419921875
34,216,66.2292480469
34,219,64.6728515625
34,222,63.3911132812
34,225,62.3107910156
34,228,61.4318847656
34,231,60.7543945312
34,234,60.2600097656
34,237,59.9304199219
34,240,59.765625
34,243,59.765625
34,246,59.9304199219
34,249,60.2783203125
34,252,60.7727050781
34,255,61.4685058594
34,258,62.3474121094
34,261,63.427734375
34,264,64.7277832031
34,267,66.2658691406
34,270,68.0786132812
34,273,70.1843261719
34,276,72.6379394531
34,279,75.4943847656
34,282,78.7902832031
34,285,82.6354980469
34,288,87.1215820312
34,291,92.4133300781
34,294,98.6938476562
34,297,106.201171875
34,300,115.319824219
34,303,126.5625
34,306,136.486816406
34,309,141.723632812
34,312,147.546386719
34,315,153.680419922
34,318,159.283447266
34,321,162.451171875
34,324,158.697509766
34,327,147.36328125
34,330,134.692382812
34,333,123.760986328
34,336,114.953613281
34,339,107.922363281
34,342,102.264404297
34,345,97.6867675781
34,348,93.9514160156
34,351,90.9301757812
34,354,88.4765625
34,357,86.5173339844
34,360,84.9975585938
35,0,86.2060546875
35,3,85.0708007812
35,6,84.2834472656
35,9,83.8439941406
35,12,83.7341308594
35,15,83.9538574219
35,18,84.5031738281
35,21,85.3820800781
35,24,86.6088867188
35,27,88.2385253906
35,30,90.2709960938
35,33,92.7612304688
35,36,95.654296875
35,39,95.8190917969
35,42,90.087890625
35,45,85.2172851562
35,48,81.0607910156
35,51,77.5085449219
35,54,74.4323730469
35,57,71.77734375
35,60,69.5068359375
35,63,67.5476074219
35,66,65.8630371094
35,69,64.453125
35,72,63.2446289062
35,75,62.2741699219
35,78,61.4868164062
35,81,60.8825683594
35,84,60.4614257812
35,87,60.205078125
35,90,60.1135253906
35,93,60.205078125
35,96,60.4431152344
35,99,60.8459472656
35,102,61.4318847656
35,105,62.1826171875
35,108,63.134765625
35,111,64.2883300781
35,114,65.6616210938
35,117,67.2546386719
35,120,69.1223144531
35,123,71.2646484375
35,126,73.7365722656
35,129,76.5380859375
35,132,79.7241210938
35,135,83.3129882812
35,138,87.3596191406
35,141,91.8640136719
35,144,96.8627929688
35,147,102.410888672
35,150,108.563232422
35,153,115.283203125
35,156,122.204589844
35,159,128.924560547
35,162,134.857177734
35,165,139.855957031
35,168,143.206787109
35,171,144.049072266
35,174,141.687011719
35,177,135.882568359
35,180,127.331542969
35,183,117.553710938
35,186,108.160400391
35,189,100.415039062
35,192,93.9697265625
35,195,88.5498046875
35,198,83.9172363281
35,201,79.98046875
35,204,76.5930175781
35,207,73.6999511719
35,210,71.19140625
35,213,69.0490722656
35,216,67.2180175781
35,219,65.6616210938
35,222,64.3432617188
35,225,63.2446289062
35,228,62.3657226562
35,231,61.669921875
35,234,61.1572265625
35,237,60.8276367188
35,240,60.64453125
35,243,60.64453125
35,246,60.8276367188
35,249,61.1572265625
35,252,61.669921875
35,255,62.3840332031
35,258,63.2629394531
35,261,64.3615722656
35,264,65.6799316406
35,267,67.236328125
35,270,69.0673828125
35,273,71.2097167969
35,276,73.6999511719
35,279,76.5747070312
35,282,79.9255371094
35,285,83.8256835938
35,288,88.3666992188
35,291,93.7316894531
35,294,100.085449219
35,297,107.702636719
35,300,116.949462891
35,303,128.338623047
35,306,134.674072266
35,309,139.819335938
35,312,145.550537109
35,315,151.647949219
35,318,157.434082031
35,321,161.187744141
35,324,158.605957031
35,327,148.352050781
35,330,136.120605469
35,333,125.280761719
35,336,116.473388672
35,339,109.405517578
35,342,103.692626953
35,345,99.0600585938
35,348,95.2880859375
35,351,92.2119140625
35,354,89.7399902344
35,357,87.744140625
35,360,86.2060546875
36,0,87.4328613281
36,3,86.2609863281
36,6,85.4736328125
36,9,85.0158691406
36,12,84.9060058594
36,15,85.1257324219
36,18,85.6750488281
36,21,86.5539550781
36,24,87.7990722656
36,27,89.4470214844
36,30,91.4978027344
36,33,94.0246582031
36,36,96.97265625
36,39,98.5656738281
36,42,92.6696777344
36,45,87.6525878906
36,48,83.3862304688
36,51,79.7058105469
36,54,76.5563964844
36,57,73.828125
36,60,71.484375
36,63,69.4702148438
36,66,67.7490234375
36,69,66.2841796875
36,72,65.0573730469
36,75,64.0502929688
36,78,63.2446289062
36,81,62.6220703125
36,84,62.1826171875
36,87,61.9262695312
36,90,61.8347167969
36,93,61.9079589844
36,96,62.1643066406
36,99,62.5854492188
36,102,63.1713867188
36,105,63.9587402344
36,108,64.9291992188
36,111,66.1193847656
36,114,67.5109863281
36,117,69.1589355469
36,120,71.0632324219
36,123,73.2788085938
36,126,75.7873535156
36,129,78.662109375
36,132,81.9213867188
36,135,85.5834960938
36,138,89.6850585938
36,141,94.2626953125
36,144,99.31640625
36,147,104.919433594
36,150,111.108398438
36,153,117.810058594
36,156,124.658203125
36,159,131.359863281
36,162,137.622070312
36,165,142.950439453
36,168,146.557617188
36,171,147.509765625
36,174,145.001220703
36,177,138.812255859
36,180,129.638671875
36,183,119.219970703
36,186,109.716796875
36,189,101.879882812
36,192,95.3430175781
36,195,89.8681640625
36,198,85.1623535156
36,201,81.15234375
36,204,77.7282714844
36,207,74.7802734375
36,210,72.2534179688
36,213,70.0744628906
36,216,68.2067871094
36,219,66.6320800781
36,222,65.2954101562
36,225,64.1784667969
36,228,63.28125
36,231,62.5671386719
36,234,62.0544433594
36,237,61.7065429688
36,240,61.5417480469
36,243,61.5417480469
36,246,61.7065429688
36,249,62.0544433594
36,252,62.5854492188
36,255,63.28125
36,258,64.1784667969
36,261,65.2954101562
36,264,66.6320800781
36,267,68.2067871094
36,270,70.0744628906
36,273,72.2351074219
36,276,74.7436523438
36,279,77.6733398438
36,282,81.0607910156
36,285,84.9975585938
36,288,89.6301269531
36,291,95.0500488281
36,294,101.495361328
36,297,109.222412109
36,300,118.597412109
36,303,128.448486328
36,306,132.879638672
36,309,137.915039062
36,312,143.5546875
36,315,149.652099609
36,318,155.584716797
36,321,159.814453125
36,324,158.459472656
36,327,149.249267578
36,330,137.512207031
36,333,126.837158203
36,336,118.029785156
36,339,110.906982422
36,342,105.139160156
36,345,100.469970703
36,348,96.6430664062
36,351,93.5302734375
36,354,91.0034179688
36,357,88.9892578125
36,360,87.4328613281
37,0,88.6596679688
37,3,87.4877929688
37,6,86.6821289062
37,9,86.2243652344
37,12,86.0961914062
37,15,86.3159179688
37,18,86.865234375
37,21,87.7624511719
37,24,89.0075683594
37,27,90.673828125
37,30,92.7429199219
37,33,95.3063964844
37,36,98.3093261719
37,39,101.293945312
37,42,95.2331542969
37,45,90.087890625
37,48,85.693359375
37,51,81.9213867188
37,54,78.6804199219
37,57,75.87890625
37,60,73.4619140625
37,63,71.3928222656
37,66,69.6166992188
37,69,68.115234375
37,72,66.8518066406
37,75,65.8264160156
37,78,64.9841308594
37,81,64.3615722656
37,84,63.9038085938
37,87,63.6291503906
37,90,63.5375976562
37,93,63.6291503906
37,96,63.8854980469
37,99,64.306640625
37,102,64.9291992188
37,105,65.7165527344
37,108,66.7236328125
37,111,67.9321289062
37,114,69.3786621094
37,117,71.0632324219
37,120,73.0224609375
37,123,75.2746582031
37,126,77.8564453125
37,129,80.7861328125
37,132,84.1186523438
37,135,87.8540039062
37,138,92.0104980469
37,141,96.6430664062
37,144,101.770019531
37,147,107.427978516
37,150,113.635253906
37,153,120.300292969
37,156,127.056884766
37,159,133.740234375
37,162,140.33203125
37,165,145.989990234
37,168,149.853515625
37,171,150.915527344
37,174,148.297119141
37,177,141.650390625
37,180,131.872558594
37,183,120.886230469
37,186,111.291503906
37,189,103.363037109
37,192,96.7346191406
37,195,91.1682128906
37,198,86.42578125
37,201,82.3425292969
37,204,78.8818359375
37,207,75.87890625
37,210,73.3337402344
37,213,71.0998535156
37,216,69.2321777344
37,219,67.6025390625
37,222,66.2475585938
37,225,65.1306152344
37,228,64.1967773438
37,231,63.5009765625
37,234,62.9516601562
37,237,62.6037597656
37,240,62.4389648438
37,243,62.4389648438
37,246,62.6037597656
37,249,62.9516601562
37,252,63.4826660156
37,255,64.1967773438
37,258,65.1123046875
37,261,66.2292480469
37,264,67.5842285156
37,267,69.1772460938
37,270,71.0632324219
37,273,73.2604980469
37,276,75.8056640625
37,279,78.7536621094
37,282,82.1960449219
37,285,86.1877441406
37,288,90.8752441406
37,291,96.38671875
37,294,102.923583984
37,297,110.7421875
37,300,120.227050781
37,303,126.745605469
37,306,131.085205078
37,309,136.029052734
37,312,141.577148438
37,315,147.619628906
37,318,153.698730469
37,321,158.386230469
37,324,158.166503906
37,327,150.146484375
37,330,138.903808594
37,333,128.375244141
37,336,119.567871094
37,339,112.408447266
37,342,106.604003906
37,345,101.879882812
37,348,98.0163574219
37,351,94.8486328125
37,354,92.3034667969
37,357,90.2526855469
37,360,88.6596679688
38,0,89.7399902344
38,3,88.5498046875
38,6,87.7258300781
38,9,87.2497558594
38,12,87.1215820312
38,15,87.3229980469
38,18,87.8723144531
38,21,88.7878417969
38,24,90.0512695312
38,27,91.7175292969
38,30,93.8049316406
38,33,96.38671875
38,36,99.4445800781
38,39,102.996826172
38,42,97.8149414062
38,45,92.5231933594
38,48,88.0004882812
38,51,84.1369628906
38,54,80.8044433594
38,57,77.9296875
38,60,75.439453125
38,63,73.3154296875
38,66,71.5026855469
38,69,69.9462890625
38,72,68.6645507812
38,75,67.5842285156
38,78,66.7419433594
38,81,66.0827636719
38,84,65.625
38,87,65.3503417969
38,90,65.2587890625
38,93,65.33203125
38,96,65.5883789062
38,99,66.0461425781
38,102,66.6687011719
38,105,67.4926757812
38,108,68.5180664062
38,111,69.7631835938
38,114,71.2280273438
38,117,72.9675292969
38,120,74.9633789062
38,123,77.2705078125
38,126,79.9072265625
38,129,82.91015625
38,132,86.2976074219
38,135,90.087890625
38,138,94.3176269531
38,141,99.0051269531
38,144,104.168701172
38,147,109.86328125
38,150,116.088867188
38,153,122.735595703
38,156,129.345703125
38,159,136.010742188
38,162,142.840576172
38,165,148.791503906
38,168,152.893066406
38,171,154.010009766
38,174,151.208496094
38,177,144.030761719
38,180,133.648681641
38,183,122.277832031
38,186,112.628173828
38,189,104.644775391
38,192,97.9614257812
38,195,92.3217773438
38,198,87.5427246094
38,201,83.4228515625
38,204,79.9072265625
38,207,76.8859863281
38,210,74.2858886719
38,213,72.0520019531
38,216,70.1293945312
38,219,68.4997558594
38,222,67.1447753906
38,225,65.9912109375
38,228,65.0573730469
38,231,64.3249511719
38,234,63.7939453125
38,237,63.4460449219
38,240,63.2629394531
38,243,63.2629394531
38,246,63.4460449219
38,249,63.7939453125
38,252,64.3249511719
38,255,65.0390625
38,258,65.9729003906
38,261,67.1081542969
38,264,68.4631347656
38,267,70.0927734375
38,270,71.9970703125
38,273,74.2126464844
38,276,76.7944335938
38,279,79.7973632812
38,282,83.2763671875
38,285,87.3229980469
38,288,92.0654296875
38,291,97.6501464844
38,294,104.260253906
38,297,112.188720703
38,300,121.252441406
38,303,124.987792969
38,306,129.272460938
38,309,134.143066406
38,312,139.599609375
38,315,145.587158203
38,318,151.739501953
38,321,156.848144531
38,324,157.562255859
38,327,150.714111328
38,330,140.0390625
38,333,129.675292969
38,336,120.904541016
38,339,113.726806641
38,342,107.885742188
38,345,103.106689453
38,348,99.2065429688
38,351,96.0205078125
38,354,93.4204101562
38,357,91.3513183594
38,360,89.7399902344
39,0,89.9047851562
39,3,88.6962890625
39,6,87.8540039062
39,9,87.3779296875
39,12,87.2314453125
39,15,87.4145507812
39,18,87.9638671875
39,21,88.8427734375
39,24,90.087890625
39,27,91.7358398438
39,30,93.8049316406
39,33,96.3684082031
39,36,99.4262695312
39,39,102.978515625
39,42,100.378417969
39,45,94.9584960938
39,48,90.3259277344
39,51,86.3525390625
39,54,82.9284667969
39,57,79.9621582031
39,60,77.4353027344
39,63,75.2380371094
39,66,73.3703613281
39,69,71.7956542969
39,72,70.458984375
39,75,69.3603515625
39,78,68.4814453125
39,81,67.822265625
39,84,67.3461914062
39,87,67.0532226562
39,90,66.9616699219
39,93,67.0349121094
39,96,67.3095703125
39,99,67.7673339844
39,102,68.408203125
39,105,69.2504882812
39,108,70.2941894531
39,111,71.5759277344
39,114,73.0773925781
39,117,74.853515625
39,120,76.904296875
39,123,79.248046875
39,126,81.9396972656
39,129,84.9975585938
39,132,88.4399414062
39,135,92.3034667969
39,138,96.5881347656
39,141,101.312255859
39,144,106.494140625
39,147,112.188720703
39,150,118.359375
39,153,124.877929688
39,156,131.231689453
39,159,137.677001953
39,162,144.470214844
39,165,150.476074219
39,168,154.559326172
39,171,155.511474609
39,174,152.124023438
39,177,144.268798828
39,180,133.172607422
39,183,122.058105469
39,186,112.683105469
39,189,104.846191406
39,192,98.2543945312
39,195,92.6330566406
39,198,87.8723144531
39,201,83.8073730469
39,204,80.2917480469
39,207,77.3071289062
39,210,74.70703125
39,213,72.4914550781
39,216,70.5688476562
39,219,68.9392089844
39,222,67.5659179688
39,225,66.4306640625
39,228,65.4968261719
39,231,64.7827148438
39,234,64.2517089844
39,237,63.8854980469
39,240,63.720703125
39,243,63.7390136719
39,246,63.9038085938
39,249,64.2700195312
39,252,64.8010253906
39,255,65.5517578125
39,258,66.4855957031
39,261,67.6208496094
39,264,69.0124511719
39,267,70.6604003906
39,270,72.5830078125
39,273,74.8168945312
39,276,77.4353027344
39,279,80.4565429688
39,282,83.9721679688
39,285,88.0737304688
39,288,92.87109375
39,291,98.5107421875
39,294,105.194091797
39,297,113.195800781
39,300,119.329833984
39,303,123.046875
39,306,127.258300781
39,309,132.073974609
39,312,137.457275391
39,315,143.426513672
39,318,149.578857422
39,321,154.852294922
39,324,156.207275391
39,327,150.146484375
39,330,139.910888672
39,333,129.78515625
39,336,121.105957031
39,339,113.946533203
39,342,108.10546875
39,345,103.326416016
39,348,99.4262695312
39,351,96.2219238281
39,354,93.6218261719
39,357,91.5344238281
39,360,89.9047851562
40,0,90.1062011719
40,3,88.8793945312
40,6,88.037109375
40,9,87.5427246094
40,12,87.3779296875
40,15,87.5610351562
40,18,88.0737304688
40,21,88.9343261719
40,24,90.1794433594
40,27,91.7907714844
40,30,93.8598632812
40,33,96.38671875
40,36,99.462890625
40,39,103.033447266
40,42,102.960205078
40,45,97.3937988281
40,48,92.6330566406
40,51,88.5498046875
40,54,85.0524902344
40,57,82.0129394531
40,60,79.4128417969
40,63,77.1606445312
40,66,75.2563476562
40,69,73.6267089844
40,72,72.2534179688
40,75,71.1364746094
40,78,70.2392578125
40,81,69.5434570312
40,84,69.0673828125
40,87,68.7744140625
40,90,68.6645507812
40,93,68.7561035156
40,96,69.0307617188
40,99,69.4885253906
40,102,70.1477050781
40,105,71.0083007812
40,108,72.0886230469
40,111,73.388671875
40,114,74.9267578125
40,117,76.7395019531
40,120,78.8269042969
40,123,81.2438964844
40,126,83.9904785156
40,129,87.1032714844
40,132,90.6005859375
40,135,94.5007324219
40,138,98.8403320312
40,141,103.582763672
40,144,108.801269531
40,147,114.477539062
40,150,120.593261719
40,153,126.910400391
40,156,133.099365234
40,159,139.379882812
40,162,146.026611328
40,165,152.087402344
40,168,156.134033203
40,171,156.866455078
40,174,152.856445312
40,177,144.323730469
40,180,132.751464844
40,183,122.021484375
40,186,112.811279297
40,189,105.084228516
40,192,98.583984375
40,195,93.017578125
40,198,88.2751464844
40,201,84.228515625
40,204,80.7312011719
40,207,77.7282714844
40,210,75.146484375
40,213,72.9125976562
40,216,71.0083007812
40,219,69.3969726562
40,222,68.0236816406
40,225,66.8884277344
40,228,65.9545898438
40,231,65.2404785156
40,234,64.7094726562
40,237,64.3615722656
40,240,64.1967773438
40,243,64.1967773438
40,246,64.3981933594
40,249,64.7644042969
40,252,65.3137207031
40,255,66.0461425781
40,258,66.9982910156
40,261,68.1701660156
40,264,69.5617675781
40,267,71.2280273438
40,270,73.1689453125
40,273,75.439453125
40,276,78.076171875
40,279,81.1340332031
40,282,84.6862792969
40,285,88.8244628906
40,288,93.6767578125
40,291,99.3713378906
40,294,106.127929688
40,297,114.147949219
40,300,117.407226562
40,303,121.087646484
40,306,125.244140625
40,309,129.986572266
40,312,135.3515625
40,315,141.247558594
40,318,147.436523438
40,321,152.874755859
40,324,154.779052734
40,327,149.560546875
40,330,139.819335938
40,333,129.913330078
40,336,121.325683594
40,339,114.221191406
40,342,108.380126953
40,345,103.601074219
40,348,99.6826171875
40,351,96.4599609375
40,354,93.8415527344
40,357,91.7541503906
40,360,90.1062011719
41,0,90.3625488281
41,3,89.1174316406
41,6,88.2568359375
41,9,87.744140625
41,12,87.5610351562
41,15,87.7258300781
41,18,88.2385253906
41,21,89.0808105469
41,24,90.3076171875
41,27,91.9006347656
41,30,93.9514160156
41,33,96.4599609375
41,36,99.5178222656
41,39,103.106689453
41,42,105.523681641
41,45,99.8291015625
41,48,94.9401855469
41,51,90.7653808594
41,54,87.158203125
41,57,84.0637207031
41,60,81.3903808594
41,63,79.0832519531
41,66,77.1240234375
41,69,75.4577636719
41,72,74.0661621094
41,75,72.9125976562
41,78,71.9787597656
41,81,71.2829589844
41,84,70.7885742188
41,87,70.4772949219
41,90,70.3857421875
41,93,70.458984375
41,96,70.7336425781
41,99,71.2097167969
41,102,71.8872070312
41,105,72.7661132812
41,108,73.8647460938
41,111,75.2014160156
41,114,76.7761230469
41,117,78.6254882812
41,120,80.7678222656
41,123,83.2214355469
41,126,86.0229492188
41,129,89.1723632812
41,132,92.724609375
41,135,96.6796875
41,138,101.07421875
41,141,105.853271484
41,144,111.090087891
41,147,116.748046875
41,150,122.790527344
41,153,128.924560547
41,156,134.912109375
41,159,141.137695312
41,162,147.564697266
41,165,153.625488281
41,168,157.635498047
41,171,158.001708984
41,174,153.460693359
41,177,144.213867188
41,180,132.568359375
41,183,122.058105469
41,186,113.012695312
41,189,105.395507812
41,192,98.9318847656
41,195,93.4387207031
41,198,88.7145996094
41,201,84.66796875
41,204,81.2072753906
41,207,78.1860351562
41,210,75.6225585938
41,213,73.388671875
41,216,71.484375
41,219,69.8547363281
41,222,68.4814453125
41,225,67.3461914062
41,228,66.4306640625
41,231,65.7165527344
41,234,65.185546875
41,237,64.8376464844
41,240,64.6728515625
41,243,64.6911621094
41,246,64.892578125
41,249,65.2587890625
41,252,65.8264160156
41,255,66.5771484375
41,258,67.529296875
41,261,68.7194824219
41,264,70.1293945312
41,267,71.7956542969
41,270,73.7731933594
41,273,76.0620117188
41,276,78.7170410156
41,279,81.8115234375
41,282,85.400390625
41,285,89.5935058594
41,288,94.5007324219
41,291,100.250244141
41,294,107.080078125
41,297,112.280273438
41,300,115.484619141
41,303,119.128417969
41,306,123.229980469
41,309,127.917480469
41,312,133.209228516
41,315,139.068603516
41,318,145.257568359
41,321,150.897216797
41,324,153.387451172
41,327,149.029541016
41,330,139.782714844
41,333,130.096435547
41,336,121.600341797
41,339,114.514160156
41,342,108.69140625
41,345,103.912353516
41,348,99.9755859375
41,351,96.7529296875
41,354,94.1162109375
41,357,92.0104980469
41,360,90.3625488281
42,0,90.6372070312
42,3,89.3737792969
42,6,88.4948730469
42,9,87.9821777344
42,12,87.7990722656
42,15,87.9455566406
42,18,88.4399414062
42,21,89.2639160156
42,24,90.4724121094
42,27,92.0654296875
42,30,94.0795898438
42,33,96.5881347656
42,36,99.6276855469
42,39,103.234863281
42,42,107.391357422
42,45,102.264404297
42,48,97.265625
42,51,92.9809570312
42,54,89.2822265625
42,57,86.1145019531
42,60,83.3679199219
42,63,81.005859375
42,66,78.9916992188
42,69,77.2888183594
42,72,75.8605957031
42,75,74.6704101562
42,78,73.7365722656
42,81,73.0041503906
42,84,72.4914550781
42,87,72.1984863281
42,90,72.0886230469
42,93,72.1801757812
42,96,72.4548339844
42,99,72.9309082031
42,102,73.6267089844
42,105,74.5239257812
42,108,75.6408691406
42,111,77.0141601562
42,114,78.6254882812
42,117,80.5114746094
42,120,82.6904296875
42,123,85.1989746094
42,126,88.037109375
42,129,91.259765625
42,132,94.8669433594
42,135,98.8586425781
42,138,103.289794922
42,141,108.10546875
42,144,113.342285156
42,147,119.000244141
42,150,124.951171875
42,153,130.902099609
42,156,136.724853516
42,159,142.895507812
42,162,149.157714844
42,165,155.090332031
42,168,158.990478516
42,171,158.990478516
42,174,153.900146484
42,177,143.939208984
42,180,132.568359375
42,183,122.222900391
42,186,113.323974609
42,189,105.798339844
42,192,99.3530273438
42,195,93.8781738281
42,198,89.1906738281
42,201,85.1440429688
42,204,81.6833496094
42,207,78.6804199219
42,210,76.0986328125
42,213,73.8830566406
42,216,71.9604492188
42,219,70.3308105469
42,222,68.9575195312
42,225,67.822265625
42,228,66.9067382812
42,231,66.1926269531
42,234,65.6616210938
42,237,65.33203125
42,240,65.1672363281
42,243,65.185546875
42,246,65.3869628906
42,249,65.771484375
42,252,66.3391113281
42,255,67.1081542969
42,258,68.0786132812
42,261,69.2687988281
42,264,70.6970214844
42,267,72.3815917969
42,270,74.3774414062
42,273,76.6845703125
42,276,79.3762207031
42,279,82.5073242188
42,282,86.1328125
42,285,90.3625488281
42,288,95.3247070312
42,291,101.129150391
42,294,107.739257812
42,297,110.430908203
42,300,113.562011719
42,303,117.150878906
42,306,121.234130859
42,309,125.848388672
42,312,131.066894531
42,315,136.907958984
42,318,143.096923828
42,321,148.901367188
42,324,151.904296875
42,327,148.425292969
42,330,139.727783203
42,333,130.316162109
42,336,121.911621094
42,339,114.862060547
42,342,109.039306641
42,345,104.260253906
42,348,100.305175781
42,351,97.0642089844
42,354,94.4274902344
42,357,92.3034667969
42,360,90.6372070312
43,0,90.9484863281
43,3,89.6850585938
43,6,88.7878417969
43,9,88.2385253906
43,12,88.0554199219
43,15,88.18359375
43,18,88.6596679688
43,21,89.4836425781
43,24,90.673828125
43,27,92.2668457031
43,30,94.2626953125
43,33,96.7529296875
43,36,99.7741699219
43,39,103.381347656
43,42,107.574462891
43,45,104.681396484
43,48,99.5727539062
43,51,95.1782226562
43,54,91.40625
43,57,88.1469726562
43,60,85.3454589844
43,63,82.9284667969
43,66,80.8776855469
43,69,79.1198730469
43,72,77.6550292969
43,75,76.4465332031
43,78,75.4760742188
43,81,74.7436523438
43,84,74.2126464844
43,87,73.9013671875
43,90,73.7915039062
43,93,73.8830566406
43,96,74.1760253906
43,99,74.6704101562
43,102,75.3662109375
43,105,76.2817382812
43,108,77.4353027344
43,111,78.8269042969
43,114,80.4565429688
43,117,82.3974609375
43,120,84.6130371094
43,123,87.158203125
43,126,90.0512695312
43,129,93.3288574219
43,132,96.9909667969
43,135,101.037597656
43,138,105.487060547
43,141,110.321044922
43,144,115.576171875
43,147,121.215820312
43,150,127.075195312
43,153,132.824707031
43,156,138.555908203
43,159,144.616699219
43,162,150.732421875
43,165,156.463623047
43,168,160.235595703
43,171,159.851074219
43,174,154.138183594
43,177,143.792724609
43,180,132.678222656
43,183,122.479248047
43,186,113.708496094
43,189,106.237792969
43,192,99.8291015625
43,195,94.3542480469
43,198,89.6850585938
43,201,85.6567382812
43,204,82.177734375
43,207,79.1931152344
43,210,76.611328125
43,213,74.3774414062
43,216,72.4548339844
43,219,70.8435058594
43,222,69.4702148438
43,225,68.3166503906
43,228,67.4011230469
43,231,66.6870117188
43,234,66.1560058594
43,237,65.8264160156
43,240,65.6616210938
43,243,65.6982421875
43,246,65.8996582031
43,249,66.2841796875
43,252,66.8701171875
43,255,67.6391601562
43,258,68.6096191406
43,261,69.8181152344
43,264,71.2646484375
43,267,72.9858398438
43,270,74.9816894531
43,273,77.3254394531
43,276,80.0537109375
43,279,83.203125
43,282,86.8835449219
43,285,91.1499023438
43,288,96.1486816406
43,291,102.026367188
43,294,105.926513672
43,297,108.563232422
43,300,111.639404297
43,303,115.191650391
43,306,119.219970703
43,309,123.779296875
43,312,128.942871094
43,315,134.710693359
43,318,140.936279297
43,321,146.887207031
43,324,150.421142578
43,327,147.839355469
43,330,139.709472656
43,333,130.535888672
43,336,122.259521484
43,339,115.246582031
43,342,109.423828125
43,345,104.626464844
43,348,100.671386719
43,351,97.4304199219
43,354,94.775390625
43,357,92.6330566406
43,360,90.9484863281
44,0,91.2963867188
44,3,90.0146484375
44,6,89.0991210938
44,9,88.5498046875
44,12,88.3483886719
44,15,88.4765625
44,18,88.9343261719
44,21,89.7399902344
44,24,90.9301757812
44,27,92.4865722656
44,30,94.482421875
44,33,96.9543457031
44,36,99.9572753906
44,39,103.582763672
44,42,107.794189453
44,45,107.116699219
44,48,101.879882812
44,51,97.3937988281
44,54,93.5302734375
44,57,90.1977539062
44,60,87.3229980469
44,63,84.8510742188
44,66,82.7453613281
44,69,80.9509277344
44,72,79.4494628906
44,75,78.22265625
44,78,77.2338867188
44,81,76.46484375
44,84,75.9338378906
44,87,75.6042480469
44,90,75.4943847656
44,93,75.5859375
44,96,75.87890625
44,99,76.3916015625
44,102,77.1057128906
44,105,78.0395507812
44,108,79.2114257812
44,111,80.6213378906
44,114,82.3059082031
44,117,84.2651367188
44,120,86.5356445312
44,123,89.1357421875
44,126,92.0654296875
44,129,95.3979492188
44,132,99.0966796875
44,135,103.179931641
44,138,107.666015625
44,141,112.536621094
44,144,117.791748047
44,147,123.376464844
44,150,129.180908203
44,153,134.765625
44,156,140.405273438
44,159,146.356201172
44,162,152.34375
44,165,157.818603516
44,168,161.297607422
44,171,160.565185547
44,174,154.229736328
44,177,143.84765625
44,180,132.879638672
44,183,122.845458984
44,186,114.184570312
44,189,106.713867188
44,192,100.341796875
44,195,94.8852539062
44,198,90.1977539062
44,201,86.1877441406
44,204,82.7087402344
44,207,79.7058105469
44,210,77.1240234375
44,213,74.8901367188
44,216,72.9858398438
44,219,71.337890625
44,222,69.9645996094
44,225,68.8293457031
44,228,67.9138183594
44,231,67.1813964844
44,234,66.6687011719
44,237,66.3391113281
44,240,66.1743164062
44,243,66.2109375
44,246,66.4123535156
44,249,66.8151855469
44,252,67.4011230469
44,255,68.1701660156
44,258,69.1772460938
44,261,70.3857421875
44,264,71.8505859375
44,267,73.5717773438
44,270,75.6042480469
44,273,77.9846191406
44,276,80.7312011719
44,279,83.9172363281
44,282,87.6342773438
44,285,91.9555664062
44,288,96.9909667969
44,291,101.898193359
44,294,104.113769531
44,297,106.713867188
44,300,109.735107422
44,303,113.214111328
44,306,117.1875
44,309,121.691894531
44,312,126.818847656
44,315,132.550048828
44,318,138.739013672
44,321,144.836425781
44,324,148.883056641
44,327,147.198486328
44,330,139.709472656
44,333,130.828857422
44,336,122.625732422
44,339,115.649414062
44,342,109.844970703
44,345,105.047607422
44,348,101.07421875
44,351,97.8149414062
44,354,95.1416015625
44,357,92.9809570312
44,360,91.2963867188
45,0,91.6625976562
45,3,90.3625488281
45,6,89.4470214844
45,9,88.8977050781
45,12,88.6596679688
45,15,88.7878417969
45,18,89.2456054688
45,21,90.0329589844
45,24,91.2048339844
45,27,92.7612304688
45,30,94.7387695312
45,33,97.1923828125
45,36,100.1953125
45,39,103.820800781
45,42,108.050537109
45,45,109.552001953
45,48,104.205322266
45,51,99.609375
45,54,95.654296875
45,57,92.2485351562
45,60,89.3005371094
45,63,86.7736816406
45,66,84.6130371094
45,69,82.7819824219
45,72,81.2438964844
45,75,79.98046875
45,78,78.9733886719
45,81,78.2043457031
45,84,77.6550292969
45,87,77.3254394531
45,90,77.197265625
45,93,77.2888183594
45,96,77.6000976562
45,99,78.1127929688
45,102,78.8452148438
45,105,79.7973632812
45,108,80.9875488281
45,111,82.4340820312
45,114,84.1552734375
45,117,86.1511230469
45,120,88.4582519531
45,123,91.0949707031
45,126,94.0795898438
45,129,97.4487304688
45,132,101.184082031
45,135,105.322265625
45,138,109.844970703
45,141,114.733886719
45,144,119.989013672
45,147,125.518798828
45,150,131.213378906
45,153,136.688232422
45,156,142.291259766
45,159,148.150634766
45,162,153.973388672
45,165,159.191894531
45,168,162.268066406
45,171,161.096191406
45,174,154.39453125
45,177,144.049072266
45,180,133.209228516
45,183,123.303222656
45,186,114.660644531
45,189,107.2265625
45,192,100.872802734
45,195,95.4345703125
45,198,90.7653808594
45,201,86.7370605469
45,204,83.2580566406
45,207,80.2551269531
45,210,77.6550292969
45,213,75.4211425781
45,216,73.4985351562
45,219,71.8688964844
45,222,70.4956054688
45,225,69.3420410156
45,228,68.4265136719
45,231,67.7124023438
45,234,67.1813964844
45,237,66.8518066406
45,240,66.6870117188
45,243,66.7236328125
45,246,66.943359375
45,249,67.3461914062
45,252,67.9321289062
45,255,68.7194824219
45,258,69.7265625
45,261,70.9533691406
45,264,72.4365234375
45,267,74.1943359375
45,270,76.2451171875
45,273,78.6254882812
45,276,81.4086914062
45,279,84.6313476562
45,282,88.3850097656
45,285,92.7429199219
45,288,97.8332519531
45,291,100.140380859
45,294,102.301025391
45,297,104.846191406
45,300,107.8125
45,303,111.236572266
45,306,115.173339844
45,309,119.622802734
45,312,124.676513672
45,315,130.352783203
45,318,136.560058594
45,321,142.785644531
45,324,147.290039062
45,327,146.520996094
45,330,139.709472656
45,333,131.103515625
45,336,123.028564453
45,339,116.107177734
45,342,110.302734375
45,345,105.487060547
45,348,101.513671875
45,351,98.2360839844
45,354,95.5444335938
45,357,93.3837890625
45,360,91.6625976562
46,0,92.0837402344
46,3,90.7653808594
46,6,89.8315429688
46,9,89.2639160156
46,12,89.0258789062
46,15,89.1357421875
46,18,89.5751953125
46,21,90.3625488281
46,24,91.5161132812
46,27,93.0725097656
46,30,95.0317382812
46,33,97.4853515625
46,36,100.469970703
46,39,104.077148438
46,42,108.325195312
46,45,111.987304688
46,48,106.512451172
46,51,101.806640625
46,54,97.7600097656
46,57,94.2810058594
46,60,91.2780761719
46,63,88.6962890625
46,66,86.4990234375
46,69,84.6130371094
46,72,83.056640625
46,75,81.7565917969
46,78,80.712890625
46,81,79.9255371094
46,84,79.3579101562
46,87,79.0283203125
46,90,78.9001464844
46,93,78.9916992188
46,96,79.3029785156
46,99,79.833984375
46,102,80.56640625
46,105,81.5551757812
46,108,82.763671875
46,111,84.2468261719
46,114,85.986328125
46,117,88.0187988281
46,120,90.380859375
46,123,93.0541992188
46,126,96.09375
46,129,99.4995117188
46,132,103.289794922
46,135,107.464599609
46,138,112.005615234
46,141,116.89453125
46,144,122.149658203
46,147,127.642822266
46,150,133.209228516
46,153,138.647460938
46,156,144.177246094
46,159,149.945068359
46,162,155.657958984
46,165,160.583496094
46,168,163.256835938
46,171,161.663818359
46,174,154.724121094
46,177,144.396972656
46,180,133.630371094
46,183,123.779296875
46,186,115.191650391
46,189,107.794189453
46,192,101.440429688
46,195,96.0021972656
46,198,91.3513183594
46,201,87.3046875
46,204,83.8256835938
46,207,80.8227539062
46,210,78.2043457031
46,213,75.9704589844
46,216,74.0478515625
46,219,72.3999023438
46,222,71.0083007812
46,225,69.873046875
46,228,68.9392089844
46,231,68.2250976562
46,234,67.6940917969
46,237,67.3645019531
46,240,67.2180175781
46,243,67.2546386719
46,246,67.4743652344
46,249,67.8771972656
46,252,68.4814453125
46,255,69.287109375
46,258,70.2941894531
46,261,71.5393066406
46,264,73.0407714844
46,267,74.7985839844
46,270,76.8859863281
46,273,79.3029785156
46,276,82.1044921875
46,279,85.3637695312
46,282,89.1357421875
46,285,93.5302734375
46,288,96.5881347656
46,291,98.3825683594
46,294,100.506591797
46,297,102.996826172
46,300,105.908203125
46,303,109.27734375
46,306,113.140869141
46,309,117.553710938
46,312,122.534179688
46,315,128.155517578
46,318,134.344482422
46,321,140.679931641
46,324,145.623779297
46,327,145.770263672
46,330,139.709472656
46,333,131.414794922
46,336,123.468017578
46,339,116.583251953
46,342,110.778808594
46,345,105.963134766
46,348,101.971435547
46,351,98.6755371094
46,354,95.9838867188
46,357,93.8049316406
46,360,92.0837402344
47,0,92.5048828125
47,3,91.1865234375
47,6,90.234375
47,9,89.6484375
47,12,89.4104003906
47,15,89.501953125
47,18,89.94140625
47,21,90.7104492188
47,24,91.8640136719
47,27,93.4020996094
47,30,95.361328125
47,33,97.7966308594
47,36,100.78125
47,39,104.370117188
47,42,108.654785156
47,45,113.616943359
47,48,108.819580078
47,51,104.022216797
47,54,99.8840332031
47,57,96.3317871094
47,60,93.2556152344
47,63,90.6188964844
47,66,88.3666992188
47,69,86.4440917969
47,72,84.8510742188
47,75,83.5144042969
47,78,82.470703125
47,81,81.6467285156
47,84,81.0791015625
47,87,80.7312011719
47,90,80.6030273438
47,93,80.6945800781
47,96,81.005859375
47,99,81.5368652344
47,102,82.3059082031
47,105,83.2946777344
47,108,84.5397949219
47,111,86.0412597656
47,114,87.8173828125
47,117,89.9047851562
47,120,92.28515625
47,123,95.0134277344
47,126,98.0895996094
47,129,101.550292969
47,132,105.377197266
47,135,109.5703125
47,138,114.147949219
47,141,119.055175781
47,144,124.291992188
47,147,129.730224609
47,150,135.186767578
47,153,140.533447266
47,156,146.099853516
47,159,151.7578125
47,162,157.32421875
47,165,162.01171875
47,168,164.318847656
47,171,162.3046875
47,174,155.145263672
47,177,144.781494141
47,180,134.143066406
47,183,124.328613281
47,186,115.777587891
47,189,108.380126953
47,192,102.044677734
47,195,96.6064453125
47,198,91.9372558594
47,201,87.9089355469
47,204,84.4116210938
47,207,81.3903808594
47,210,78.7902832031
47,213,76.5197753906
47,216,74.5971679688
47,219,72.94921875
47,222,71.5576171875
47,225,70.4040527344
47,228,69.4702148438
47,231,68.7561035156
47,234,68.2250976562
47,237,67.8955078125
47,240,67.7490234375
47,243,67.7856445312
47,246,68.0053710938
47,249,68.4265136719
47,252,69.0307617188
47,255,69.8364257812
47,258,70.8618164062
47,261,72.1252441406
47,264,73.6450195312
47,267,75.4211425781
47,270,77.5268554688
47,273,79.9621582031
47,276,82.8002929688
47,279,86.0961914062
47,282,89.9047851562
47,285,93.4204101562
47,288,94.8669433594
47,291,96.6064453125
47,294,98.6938476562
47,297,101.147460938
47,300,104.00390625
47,303,107.318115234
47,306,111.126708984
47,309,115.466308594
47,312,120.391845703
47,315,125.958251953
47,318,132.12890625
47,321,138.555908203
47,324,143.920898438
47,327,144.946289062
47,330,139.709472656
47,333,131.744384766
47,336,123.92578125
47,339,117.077636719
47,342,111.291503906
47,345,106.475830078
47,348,102.465820312
47,351,99.1516113281
47,354,96.4416503906
47,357,94.2443847656
47,360,92.5048828125
48,0,92.9626464844
48,3,91.6259765625
48,6,90.673828125
48,9,90.0695800781
48,12,89.8132324219
48,15,89.9047851562
48,18,90.3259277344
48,21,91.0949707031
48,24,92.2302246094
48,27,93.7683105469
48,30,95.7275390625
48,33,98.14453125
48,36,101.110839844
48,39,104.699707031
48,42,109.002685547
48,45,114.001464844
48,48,111.126708984
48,51,106.219482422
48,54,102.008056641
48,57,98.3642578125
48,60,95.2331542969
48,63,92.5415039062
48,66,90.234375
48,69,88.2751464844
48,72,86.6455078125
48,75,85.2905273438
48,78,84.2102050781
48,81,83.3862304688
48,84,82.8002929688
48,87,82.4340820312
48,90,82.3059082031
48,93,82.3974609375
48,96,82.7270507812
48,99,83.2580566406
48,102,84.0454101562
48,105,85.0524902344
48,108,86.3159179688
48,111,87.8540039062
48,114,89.6667480469
48,117,91.7724609375
48,120,94.189453125
48,123,96.9543457031
48,126,100.085449219
48,129,103.582763672
48,132,107.446289062
48,135,111.676025391
48,138,116.271972656
48,141,121.197509766
48,144,126.434326172
48,147,131.799316406
48,150,137.127685547
48,153,142.456054688
48,156,147.985839844
48,159,153.588867188
48,162,159.008789062
48,165,163.458251953
48,168,165.472412109
48,171,163.037109375
48,174,155.657958984
48,177,145.294189453
48,180,134.692382812
48,183,124.951171875
48,186,116.418457031
48,189,109.039306641
48,192,102.685546875
48,195,97.2473144531
48,198,92.5598144531
48,201,88.5131835938
48,204,85.0158691406
48,207,81.9763183594
48,210,79.3579101562
48,213,77.0874023438
48,216,75.146484375
48,219,73.4985351562
48,222,72.1069335938
48,225,70.9533691406
48,228,70.01953125
48,231,69.287109375
48,234,68.7561035156
48,237,68.4265136719
48,240,68.2800292969
48,243,68.3349609375
48,246,68.5546875
48,249,68.9758300781
48,252,69.5983886719
48,255,70.4040527344
48,258,71.4477539062
48,261,72.7294921875
48,264,74.2492675781
48,267,76.0620117188
48,270,78.1677246094
48,273,80.6396484375
48,276,83.49609375
48,279,86.8286132812
48,282,90.6005859375
48,285,91.7175292969
48,288,93.1274414062
48,291,94.8486328125
48,294,96.8994140625
48,297,99.2980957031
48,300,102.099609375
48,303,105.358886719
48,306,109.094238281
48,309,113.37890625
48,312,118.249511719
48,315,123.760986328
48,318,129.913330078
48,321,136.395263672
48,324,142.126464844
48,327,144.049072266
48,330,139.654541016
48,333,132.073974609
48,336,124.401855469
48,339,117.608642578
48,342,111.840820312
48,345,107.006835938
48,348,102.996826172
48,351,99.6643066406
48,354,96.9360351562
48,357,94.7204589844
48,360,92.9626464844
49,0,93.45703125
49,3,92.1020507812
49,6,91.1315917969
49,9,90.52734375
49,12,90.2526855469
49,15,90.3259277344
49,18,90.7470703125
49,21,91.5161132812
49,24,92.6513671875
49,27,94.1711425781
49,30,96.1120605469
49,33,98.5290527344
49,36,101.495361328
49,39,105.084228516
49,42,109.387207031
49,45,114.404296875
49,48,113.433837891
49,51,108.435058594
49,54,104.132080078
49,57,100.415039062
49,60,97.2106933594
49,63,94.4641113281
49,66,92.1020507812
49,69,90.1062011719
49,72,88.4399414062
49,75,87.0666503906
49,78,85.9497070312
49,81,85.107421875
49,84,84.5031738281
49,87,84.1552734375
49,90,84.0087890625
49,93,84.1003417969
49,96,84.4299316406
49,99,84.9792480469
49,102,85.7666015625
49,105,86.8103027344
49,108,88.0920410156
49,111,89.6484375
49,114,91.4978027344
49,117,93.6401367188
49,120,96.09375
49,123,98.9135742188
49,126,102.081298828
49,129,105.615234375
49,132,109.515380859
49,135,113.763427734
49,138,118.377685547
49,141,123.303222656
49,144,128.540039062
49,147,133.831787109
49,150,139.068603516
49,153,144.378662109
49,156,149.871826172
49,159,155.419921875
49,162,160.711669922
49,165,164.94140625
49,168,166.69921875
49,171,163.824462891
49,174,156.280517578
49,177,145.8984375
49,180,135.314941406
49,183,125.628662109
49,186,117.095947266
49,189,109.698486328
49,192,103.363037109
49,195,97.9064941406
49,198,93.2006835938
49,201,89.1357421875
49,204,85.6384277344
49,207,82.5805664062
49,210,79.9438476562
49,213,77.6733398438
49,216,75.732421875
49,219,74.0661621094
49,222,72.65625
49,225,71.5026855469
49,228,70.5505371094
49,231,69.8364257812
49,234,69.3054199219
49,237,68.9758300781
49,240,68.8293457031
49,243,68.8659667969
49,246,69.1040039062
49,249,69.5251464844
49,252,70.1477050781
49,255,70.9899902344
49,258,72.0336914062
49,261,73.3337402344
49,264,74.8718261719
49,267,76.7028808594
49,270,78.8269042969
49,273,81.3171386719
49,276,84.2102050781
49,279,87.5610351562
49,282,88.916015625
49,285,90.0329589844
49,288,91.40625
49,291,93.0908203125
49,294,95.1049804688
49,297,97.4487304688
49,300,100.213623047
49,303,103.399658203
49,306,107.061767578
49,309,111.291503906
49,312,116.088867188
49,315,121.545410156
49,318,127.661132812
49,321,134.216308594
49,324,140.258789062
49,327,143.041992188
49,330,139.599609375
49,333,132.403564453
49,336,124.896240234
49,339,118.157958984
49,342,112.408447266
49,345,107.574462891
49,348,103.527832031
49,351,100.1953125
49,354,97.4487304688
49,357,95.21484375
49,360,93.45703125
50,0,93.9514160156
50,3,92.5964355469
50,6,91.6076660156
50,9,90.9851074219
50,12,90.7104492188
50,15,90.7836914062
50,18,91.1865234375
50,21,91.9555664062
50,24,93.0725097656
50,27,94.5922851562
50,30,96.533203125
50,33,98.9501953125
50,36,101.898193359
50,39,105.487060547
50,42,109.790039062
50,45,114.84375
50,48,115.740966797
50,51,110.650634766
50,54,106.237792969
50,57,102.447509766
50,60,99.1882324219
50,63,96.38671875
50,66,93.9697265625
50,69,91.9372558594
50,72,90.234375
50,75,88.8244628906
50,78,87.6892089844
50,81,86.8286132812
50,84,86.2243652344
50,87,85.8581542969
50,90,85.7116699219
50,93,85.8032226562
50,96,86.1328125
50,99,86.7004394531
50,102,87.5061035156
50,105,88.5498046875
50,108,89.8681640625
50,111,91.4428710938
50,114,93.310546875
50,117,95.4895019531
50,120,97.998046875
50,123,100.854492188
50,126,104.058837891
50,129,107.629394531
50,132,111.584472656
50,135,115.850830078
50,138,120.483398438
50,141,125.390625
50,144,130.609130859
50,147,135.864257812
50,150,141.009521484
50,153,146.301269531
50,156,151.7578125
50,159,157.232666016
50,162,162.414550781
50,165,166.479492188
50,168,167.926025391
50,171,164.721679688
50,174,157.012939453
50,177,146.594238281
50,180,136.010742188
50,183,126.361083984
50,186,117.7734375
50,189,110.375976562
50,192,104.040527344
50,195,98.5656738281
50,198,93.8598632812
50,201,89.7766113281
50,204,86.2426757812
50,207,83.203125
50,210,80.5480957031
50,213,78.2592773438
50,216,76.3000488281
50,219,74.6337890625
50,222,73.2238769531
50,225,72.0520019531
50,228,71.1181640625
50,231,70.3857421875
50,234,69.8547363281
50,237,69.5251464844
50,240,69.3786621094
50,243,69.4152832031
50,246,69.6533203125
50,249,70.0927734375
50,252,70.7336425781
50,255,71.5759277344
50,258,72.6379394531
50,261,73.9379882812
50,264,75.4943847656
50,267,77.34375
50,270,79.5043945312
50,273,82.0129394531
50,276,84.9243164062
50,279,86.42578125
50,282,87.2497558594
50,285,88.330078125
50,288,89.6850585938
50,291,91.3330078125
50,294,93.310546875
50,297,95.6176757812
50,300,98.3093261719
50,303,101.440429688
50,306,105.047607422
50,309,109.185791016
50,312,113.928222656
50,315,119.329833984
50,318,125.390625
50,321,131.982421875
50,324,138.317871094
50,327,141.906738281
50,330,139.453125
50,333,132.733154297
50,336,125.408935547
50,339,118.725585938
50,342,112.994384766
50,345,108.142089844
50,348,104.095458984
50,351,100.744628906
50,354,97.9797363281
50,357,95.7458496094
50,360,93.9514160156
51,0,94.482421875
51,3,93.1091308594
51,6,92.1203613281
51,9,91.4794921875
51,12,91.2048339844
51,15,91.259765625
51,18,91.6625976562
51,21,92.4133300781
51,24,93.5302734375
51,27,95.0317382812
51,30,96.97265625
51,33,99.3896484375
51,36,102.337646484
51,39,105.908203125
51,42,110.229492188
51,45,115.319824219
51,48,118.048095703
51,51,112.847900391
51,54,108.361816406
51,57,104.498291016
51,60,101.165771484
51,63,98.291015625
51,66,95.8557128906
51,69,93.7683105469
51,72,92.0288085938
51,75,90.5822753906
51,78,89.4470214844
51,81,88.5681152344
51,84,87.9455566406
51,87,87.5610351562
51,90,87.4145507812
51,93,87.5061035156
51,96,87.8356933594
51,99,88.4216308594
51,102,89.2272949219
51,105,90.3076171875
51,108,91.6259765625
51,111,93.2373046875
51,114,95.1416015625
51,117,97.3571777344
51,120,99.90234375
51,123,102.795410156
51,126,106.036376953
51,129,109.643554688
51,132,113.616943359
51,135,117.919921875
51,138,122.552490234
51,141,127.478027344
51,144,132.659912109
51,147,137.860107422
51,150,142.96875
51,153,148.2421875
51,156,153.662109375
51,159,159.08203125
51,162,164.172363281
51,165,168.054199219
51,168,169.171142578
51,171,165.692138672
51,174,157.836914062
51,177,147.36328125
51,180,136.761474609
51,183,127.075195312
51,186,118.505859375
51,189,111.108398438
51,192,104.736328125
51,195,99.2614746094
51,198,94.5373535156
51,201,90.4541015625
51,204,86.9018554688
51,207,83.8256835938
51,210,81.1706542969
51,213,78.8635253906
51,216,76.8859863281
51,219,75.2197265625
51,222,73.7915039062
51,225,72.6196289062
51,228,71.6674804688
51,231,70.9350585938
51,234,70.4040527344
51,237,70.0744628906
51,240,69.9279785156
51,243,69.9829101562
51,246,70.2209472656
51,249,70.6604003906
51,252,71.3012695312
51,255,72.1618652344
51,258,73.2238769531
51,261,74.5422363281
51,264,76.1169433594
51,267,77.9846191406
51,270,80.1635742188
51,273,82.6904296875
51,276,84.2102050781
51,279,84.7778320312
51,282,85.5834960938
51,285,86.6455078125
51,288,87.9638671875
51,291,89.5751953125
51,294,91.5161132812
51,297,93.7683105469
51,300,96.4233398438
51,303,99.4812011719
51,306,103.033447266
51,309,107.098388672
51,312,111.767578125
51,315,117.095947266
51,318,123.101806641
51,321,129.711914062
51,324,136.322021484
51,327,140.661621094
51,330,139.251708984
51,333,133.081054688
51,336,125.958251953
51,339,119.329833984
51,342,113.598632812
51,345,108.764648438
51,348,104.699707031
51,351,101.330566406
51,354,98.5473632812
51,357,96.2768554688
51,360,94.482421875
52,0,94.8303222656
52,3,93.4387207031
52,6,92.431640625
52,9,91.7907714844
52,12,91.4978027344
52,15,91.552734375
52,18,91.9372558594
52,21,92.6696777344
52,24,93.7866210938
52,27,95.2880859375
52,30,97.2106933594
52,33,99.609375
52,36,102.557373047
52,39,106.109619141
52,42,110.394287109
52,45,115.502929688
52,48,120.373535156
52,51,115.063476562
52,54,110.485839844
52,57,106.530761719
52,60,103.143310547
52,63,100.213623047
52,66,97.7233886719
52,69,95.5993652344
52,72,93.8232421875
52,75,92.3583984375
52,78,91.1865234375
52,81,90.2893066406
52,84,89.6484375
52,87,89.2639160156
52,90,89.1174316406
52,93,89.208984375
52,96,89.5568847656
52,99,90.1245117188
52,102,90.966796875
52,105,92.0471191406
52,108,93.4020996094
52,111,95.0317382812
52,114,96.97265625
52,117,99.2065429688
52,120,101.788330078
52,123,104.718017578
52,126,107.995605469
52,129,111.639404297
52,132,115.631103516
52,135,119.970703125
52,138,124.603271484
52,141,129.510498047
52,144,134.637451172
52,147,139.782714844
52,150,144.836425781
52,153,150.073242188
52,156,155.419921875
52,159,160.748291016
52,162,165.673828125
52,165,169.317626953
52,168,169.958496094
52,171,166.223144531
52,174,158.166503906
52,177,147.711181641
52,180,137.219238281
52,183,127.532958984
52,186,119.000244141
52,189,111.62109375
52,192,105.267333984
52,195,99.7924804688
52,198,95.068359375
52,201,90.966796875
52,204,87.4145507812
52,207,84.3383789062
52,210,81.6650390625
52,213,79.3579101562
52,216,77.3803710938
52,219,75.6958007812
52,222,74.267578125
52,225,73.095703125
52,228,72.1435546875
52,231,71.4111328125
52,234,70.8801269531
52,237,70.5505371094
52,240,70.4223632812
52,243,70.4772949219
52,246,70.7153320312
52,249,71.1730957031
52,252,71.8139648438
52,255,72.6745605469
52,258,73.7731933594
52,261,75.0915527344
52,264,76.6845703125
52,267,78.5705566406
52,270,80.7495117188
52,273,82.2326660156
52,276,82.5622558594
52,279,83.1115722656
52,282,83.8989257812
52,285,84.9426269531
52,288,86.2426757812
52,291,87.8173828125
52,294,89.7033691406
52,297,91.9372558594
52,300,94.5190429688
52,303,97.5219726562
52,306,101.000976562
52,309,104.992675781
52,312,109.588623047
52,315,114.84375
52,318,120.794677734
52,321,127.404785156
52,324,134.161376953
52,327,139.141845703
52,330,138.757324219
52,333,133.135986328
52,336,126.214599609
52,339,119.696044922
52,342,114.001464844
52,345,109.149169922
52,348,105.084228516
52,351,101.696777344
52,354,98.9135742188
52,357,96.6430664062
52,360,94.8303222656
53,0,94.1345214844
53,3,92.724609375
53,6,91.7175292969
53,9,91.0583496094
53,12,90.7470703125
53,15,90.7836914062
53,18,91.1315917969
53,21,91.845703125
53,24,92.9260253906
53,27,94.3725585938
53,30,96.2585449219
53,33,98.6022949219
53,36,101.458740234
53,39,104.937744141
53,42,109.149169922
53,45,114.184570312
53,48,120.080566406
53,51,117.260742188
53,54,112.591552734
53,57,108.581542969
53,60,105.120849609
53,63,102.136230469
53,66,99.5910644531
53,69,97.4304199219
53,72,95.6176757812
53,75,94.1162109375
53,78,92.9260253906
53,81,92.0104980469
53,84,91.3513183594
53,87,90.966796875
53,90,90.8020019531
53,93,90.9118652344
53,96,91.2414550781
53,99,91.8273925781
53,102,92.6696777344
53,105,93.7866210938
53,108,95.1599121094
53,111,96.8078613281
53,114,98.7670898438
53,117,101.037597656
53,120,103.637695312
53,123,106.604003906
53,126,109.899902344
53,129,113.562011719
53,132,117.572021484
53,135,121.893310547
53,138,126.489257812
53,141,131.323242188
53,144,136.340332031
53,147,141.247558594
53,150,146.228027344
53,153,151.300048828
53,156,156.390380859
53,159,161.370849609
53,162,165.802001953
53,165,168.621826172
53,168,168.530273438
53,171,164.263916016
53,174,156.079101562
53,177,145.971679688
53,180,135.882568359
53,183,126.507568359
53,186,118.249511719
53,189,111.071777344
53,192,104.846191406
53,195,99.4812011719
53,198,94.8120117188
53,201,90.7836914062
53,204,87.2680664062
53,207,84.228515625
53,210,81.6101074219
53,213,79.3212890625
53,216,77.3620605469
53,219,75.6958007812
53,222,74.3041992188
53,225,73.1323242188
53,228,72.1984863281
53,231,71.484375
53,234,70.9716796875
53,237,70.6420898438
53,240,70.5322265625
53,243,70.60546875
53,246,70.8618164062
53,249,71.3195800781
53,252,71.9787597656
53,255,72.8576660156
53,258,73.9562988281
53,261,75.3112792969
53,264,76.904296875
53,267,78.80859375
53,270,80.4382324219
53,273,80.5297851562
53,276,80.859375
53,279,81.3903808594
53,282,82.177734375
53,285,83.1848144531
53,288,84.4665527344
53,291,86.0046386719
53,294,87.8540039062
53,297,90.0329589844
53,300,92.578125
53,303,95.5261230469
53,306,98.9318847656
53,309,102.850341797
53,312,107.354736328
53,315,112.518310547
53,318,118.377685547
53,321,124.896240234
53,324,131.671142578
53,327,136.926269531
53,330,137.054443359
53,333,131.927490234
53,336,125.207519531
53,339,118.798828125
53,342,113.177490234
53,345,108.380126953
53,348,104.351806641
53,351,100.982666016
53,354,98.1994628906
53,357,95.9289550781
53,360,94.1345214844
54,0,93.45703125
54,3,92.0654296875
54,6,91.0400390625
54,9,90.3625488281
54,12,90.0329589844
54,15,90.0512695312
54,18,90.380859375
54,21,91.0583496094
54,24,92.1020507812
54,27,93.5119628906
54,30,95.3430175781
54,33,97.6318359375
54,36,100.433349609
54,39,103.839111328
54,42,107.940673828
54,45,112.884521484
54,48,118.725585938
54,51,119.458007812
54,54,114.715576172
54,57,110.614013672
54,60,107.080078125
54,63,104.058837891
54,66,101.458740234
54,69,99.2614746094
54,72,97.412109375
54,75,95.8923339844
54,78,94.6655273438
54,81,93.7316894531
54,84,93.0725097656
54,87,92.6513671875
54,90,92.5048828125
54,93,92.5964355469
54,96,92.9443359375
54,99,93.5302734375
54,102,94.3908691406
54,105,95.5078125
54,108,96.8994140625
54,111,98.583984375
54,114,100.561523438
54,117,102.868652344
54,120,105.505371094
54,123,108.471679688
54,126,111.804199219
54,129,115.484619141
54,132,119.476318359
54,135,123.797607422
54,138,128.375244141
54,141,133.135986328
54,144,138.006591797
54,147,142.749023438
54,150,147.583007812
54,153,152.490234375
54,156,157.379150391
54,159,162.030029297
54,162,165.893554688
54,165,168.090820312
54,168,167.358398438
54,171,162.579345703
54,174,154.376220703
54,177,144.543457031
54,180,134.729003906
54,183,125.665283203
54,186,117.590332031
54,189,110.559082031
54,192,104.461669922
54,195,99.1882324219
54,198,94.6105957031
54,201,90.6372070312
54,204,87.1765136719
54,207,84.1735839844
54,210,81.5734863281
54,213,79.3212890625
54,216,77.3803710938
54,219,75.732421875
54,222,74.3408203125
54,225,73.1872558594
54,228,72.2717285156
54,231,71.5759277344
54,234,71.0632324219
54,237,70.7702636719
54,240,70.6604003906
54,243,70.7336425781
54,246,71.0083007812
54,249,71.484375
54,252,72.1618652344
54,255,73.0407714844
54,258,74.1577148438
54,261,75.5126953125
54,264,77.1423339844
54,267,78.8452148438
54,270,78.7353515625
54,273,78.8269042969
54,276,79.1381835938
54,279,79.6691894531
54,282,80.4382324219
54,285,81.4270019531
54,288,82.6721191406
54,291,84.1918945312
54,294,86.0046386719
54,297,88.1469726562
54,300,90.6372070312
54,303,93.5119628906
54,306,96.8444824219
54,309,100.708007812
54,312,105.120849609
54,315,110.192871094
54,318,115.960693359
54,321,122.406005859
54,324,129.162597656
54,327,134.692382812
54,330,135.406494141
54,333,130.700683594
54,336,124.237060547
54,339,117.938232422
54,342,112.390136719
54,345,107.647705078
54,348,103.656005859
54,351,100.305175781
54,354,97.5402832031
54,357,95.2697753906
54,360,93.45703125
55,0,92.8344726562
55,3,91.4245605469
55,6,90.3991699219
55,9,89.7216796875
55,12,89.3737792969
55,15,89.35546875
55,18,89.6667480469
55,21,90.3259277344
55,24,91.3330078125
55,27,92.7062988281
55,30,94.482421875
55,33,96.7163085938
55,36,99.462890625
55,39,102.795410156
55,42,106.805419922
55,45,111.639404297
55,48,117.425537109
55,51,121.673583984
55,54,116.821289062
55,57,112.664794922
55,60,109.057617188
55,63,105.963134766
55,66,103.326416016
55,69,101.07421875
55,72,99.2065429688
55,75,97.6501464844
55,78,96.4050292969
55,81,95.4528808594
55,84,94.775390625
55,87,94.3542480469
55,90,94.189453125
55,93,94.2810058594
55,96,94.62890625
55,99,95.2331542969
55,102,96.1120605469
55,105,97.2290039062
55,108,98.6389160156
55,111,100.341796875
55,114,102.355957031
55,117,104.681396484
55,120,107.354736328
55,123,110.339355469
55,126,113.690185547
55,129,117.388916016
55,132,121.380615234
55,135,125.68359375
55,138,130.224609375
55,141,134.930419922
55,144,139.654541016
55,147,144.250488281
55,150,148.937988281
55,153,153.662109375
55,156,158.312988281
55,159,162.634277344
55,162,166.076660156
55,165,167.687988281
55,168,166.278076172
55,171,161.206054688
55,174,152.947998047
55,177,143.353271484
55,180,133.776855469
55,183,124.914550781
55,186,117.022705078
55,189,110.15625
55,192,104.168701172
55,195,98.9685058594
55,198,94.4458007812
55,201,90.52734375
55,204,87.1032714844
55,207,84.1369628906
55,210,81.5551757812
55,213,79.3212890625
55,216,77.4169921875
55,219,75.7873535156
55,222,74.4140625
55,225,73.2788085938
55,228,72.36328125
55,231,71.6857910156
55,234,71.19140625
55,237,70.8984375
55,240,70.8068847656
55,243,70.8984375
55,246,71.1730957031
55,249,71.6674804688
55,252,72.3449707031
55,255,73.2421875
55,258,74.3774414062
55,261,75.7507324219
55,264,77.3803710938
55,267,77.1423339844
55,270,77.0324707031
55,273,77.1240234375
55,276,77.4353027344
55,279,77.9479980469
55,282,78.6987304688
55,285,79.6691894531
55,288,80.8959960938
55,291,82.3791503906
55,294,84.1552734375
55,297,86.2426757812
55,300,88.6779785156
55,303,91.5161132812
55,306,94.775390625
55,309,98.5473632812
55,312,102.886962891
55,315,107.867431641
55,318,113.543701172
55,321,119.915771484
55,324,126.672363281
55,327,132.403564453
55,330,133.721923828
55,333,129.528808594
55,336,123.284912109
55,339,117.114257812
55,342,111.657714844
55,345,106.951904297
55,348,102.978515625
55,351,99.6643066406
55,354,96.8994140625
55,357,94.6472167969
55,360,92.8344726562
56,0,92.2302246094
56,3,90.8203125
56,6,89.794921875
56,9,89.0991210938
56,12,88.7329101562
56,15,88.6962890625
56,18,89.0075683594
56,21,89.6301269531
56,24,90.6005859375
56,27,91.9372558594
56,30,93.6767578125
56,33,95.8557128906
56,36,98.5473632812
56,39,101.788330078
56,42,105.725097656
56,45,110.467529297
56,48,116.180419922
56,51,122.882080078
56,54,118.9453125
56,57,114.697265625
56,60,111.03515625
56,63,107.885742188
56,66,105.194091797
56,69,102.905273438
56,72,100.982666016
56,75,99.4079589844
56,78,98.14453125
56,81,97.1740722656
56,84,96.4782714844
56,87,96.0571289062
56,90,95.8923339844
56,93,95.9838867188
56,96,96.3317871094
56,99,96.9360351562
56,102,97.8149414062
56,105,98.9685058594
56,108,100.396728516
56,111,102.117919922
56,114,104.150390625
56,117,106.494140625
56,120,109.185791016
56,123,112.20703125
56,126,115.576171875
56,129,119.256591797
56,132,123.266601562
56,135,127.532958984
56,138,132.037353516
56,141,136.688232422
56,144,141.247558594
56,147,145.751953125
56,150,150.311279297
56,153,154.852294922
56,156,159.283447266
56,159,163.330078125
56,162,166.333007812
56,165,167.358398438
56,168,165.435791016
56,171,159.997558594
56,174,151.721191406
56,177,142.309570312
56,180,132.989501953
56,183,124.273681641
56,186,116.564941406
56,189,109.808349609
56,192,103.930664062
56,195,98.8037109375
56,198,94.3359375
56,201,90.4541015625
56,204,87.0666503906
56,207,84.1186523438
56,210,81.5734863281
56,213,79.3579101562
56,216,77.4719238281
56,219,75.8422851562
56,222,74.4873046875
56,225,73.3703613281
56,228,72.4914550781
56,231,71.7956542969
56,234,71.3195800781
56,237,71.044921875
56,240,70.9533691406
56,243,71.0632324219
56,246,71.3562011719
56,249,71.8505859375
56,252,72.5463867188
56,255,73.4619140625
56,258,74.5971679688
56,261,75.9887695312
56,264,75.7507324219
56,267,75.439453125
56,270,75.3295898438
56,273,75.4211425781
56,276,75.7141113281
56,279,76.2268066406
56,282,76.9592285156
56,285,77.9113769531
56,288,79.1198730469
56,291,80.56640625
56,294,82.3059082031
56,297,84.3383789062
56,300,86.7370605469
56,303,89.501953125
56,306,92.7062988281
56,309,96.4050292969
56,312,100.653076172
56,315,105.541992188
56,318,111.126708984
56,321,117.407226562
56,324,124.145507812
56,327,130.133056641
56,330,132.037353516
56,333,128.375244141
56,336,122.369384766
56,339,116.345214844
56,342,110.943603516
56,345,106.292724609
56,348,102.355957031
56,351,99.0417480469
56,354,96.2951660156
56,357,94.04296875
56,360,92.2302246094
57,0,91.6809082031
57,3,90.2526855469
57,6,89.208984375
57,9,88.5131835938
57,12,88.1469726562
57,15,88.0920410156
57,18,88.3666992188
57,21,88.9709472656
57,24,89.9047851562
57,27,91.2048339844
57,30,92.9077148438
57,33,95.0500488281
57,36,97.6684570312
57,39,100.854492188
57,42,104.718017578
57,45,109.350585938
57,48,114.971923828
57,51,121.618652344
57,54,121.069335938
57,57,116.729736328
57,60,113.012695312
57,63,109.808349609
57,66,107.061767578
57,69,104.736328125
57,72,102.777099609
57,75,101.165771484
57,78,99.8840332031
57,81,98.8952636719
57,84,98.1811523438
57,87,97.7416992188
57,90,97.5769042969
57,93,97.6684570312
57,96,98.0163574219
57,99,98.6389160156
57,102,99.5178222656
57,105,100.689697266
57,108,102.136230469
57,111,103.875732422
57,114,105.926513672
57,117,108.306884766
57,120,111.016845703
57,123,114.056396484
57,126,117.443847656
57,129,121.142578125
57,132,125.152587891
57,135,129.400634766
57,138,133.850097656
57,141,138.391113281
57,144,142.840576172
57,147,147.253417969
57,150,151.684570312
57,153,156.079101562
57,156,160.272216797
57,159,164.007568359
57,162,166.644287109
57,165,167.138671875
57,168,164.721679688
57,171,158.990478516
57,174,150.695800781
57,177,141.430664062
57,180,132.257080078
57,183,123.760986328
57,186,116.198730469
57,189,109.533691406
57,192,103.729248047
57,195,98.6755371094
57,198,94.2626953125
57,201,90.4174804688
57,204,87.0666503906
57,207,84.1369628906
57,210,81.6101074219
57,213,79.4128417969
57,216,77.5451660156
57,219,75.9338378906
57,222,74.5971679688
57,225,73.4985351562
57,228,72.6196289062
57,231,71.9421386719
57,234,71.484375
57,237,71.2097167969
57,240,71.1181640625
57,243,71.2463378906
57,246,71.5393066406
57,249,72.0520019531
57,252,72.7661132812
57,255,73.681640625
57,258,74.8352050781
57,261,74.560546875
57,264,74.0478515625
57,267,73.7365722656
57,270,73.6267089844
57,273,73.7182617188
57,276,74.0112304688
57,279,74.5056152344
57,282,75.2197265625
57,285,76.1535644531
57,288,77.3254394531
57,291,78.7536621094
57,294,80.4565429688
57,297,82.4523925781
57,300,84.7778320312
57,303,87.4877929688
57,306,90.6372070312
57,309,94.2443847656
57,312,98.4191894531
57,315,103.216552734
57,318,108.709716797
57,321,114.898681641
57,324,121.618652344
57,327,127.807617188
57,330,130.316162109
57,333,127.221679688
57,336,121.490478516
57,339,115.594482422
57,342,110.284423828
57,345,105.670166016
57,348,101.751708984
57,351,98.4741210938
57,354,95.7275390625
57,357,93.4753417969
57,360,91.6809082031
58,0,91.1499023438
58,3,89.7216796875
58,6,88.6779785156
58,9,87.9638671875
58,12,87.5793457031
58,15,87.5061035156
58,18,87.7624511719
58,21,88.3483886719
58,24,89.2456054688
58,27,90.52734375
58,30,92.1752929688
58,33,94.2626953125
58,36,96.8444824219
58,39,99.9755859375
58,42,103.747558594
58,45,108.306884766
58,48,113.800048828
58,51,120.391845703
58,54,123.175048828
58,57,118.780517578
58,60,114.971923828
58,63,111.712646484
58,66,108.929443359
58,69,106.549072266
58,72,104.571533203
58,75,102.923583984
58,78,101.623535156
58,81,100.598144531
58,84,99.8840332031
58,87,99.4445800781
58,90,99.2614746094
58,93,99.3530273438
58,96,99.7192382812
58,99,100.341796875
58,102,101.239013672
58,105,102.410888672
58,108,103.875732422
58,111,105.633544922
58,114,107.720947266
58,117,110.101318359
58,120,112.829589844
58,123,115.905761719
58,126,119.311523438
58,129,123.010253906
58,132,127.001953125
58,135,131.231689453
58,138,135.626220703
58,141,140.093994141
58,144,144.415283203
58,147,148.754882812
58,150,153.076171875
58,153,157.287597656
58,156,161.297607422
58,159,164.758300781
58,162,166.937255859
58,165,166.973876953
58,168,164.190673828
58,171,158.148193359
58,174,149.871826172
58,177,140.716552734
58,180,131.671142578
58,183,123.33984375
58,186,115.869140625
58,189,109.313964844
58,192,103.582763672
58,195,98.583984375
58,198,94.2077636719
58,201,90.3991699219
58,204,87.0849609375
58,207,84.1918945312
58,210,81.6650390625
58,213,79.5043945312
58,216,77.63671875
58,219,76.0437011719
58,222,74.7253417969
58,225,73.6267089844
58,228,72.7478027344
58,231,72.0886230469
58,234,71.630859375
58,237,71.3745117188
58,240,71.3012695312
58,243,71.4294433594
58,246,71.7407226562
58,249,72.2717285156
58,252,72.9858398438
58,255,73.9196777344
58,258,73.5717773438
58,261,72.8393554688
58,264,72.3449707031
58,267,72.0336914062
58,270,71.923828125
58,273,72.0153808594
58,276,72.3083496094
58,279,72.7844238281
58,282,73.4802246094
58,285,74.3957519531
58,288,75.5493164062
58,291,76.9409179688
58,294,78.5888671875
58,297,80.5480957031
58,300,82.8369140625
58,303,85.4919433594
58,306,88.5498046875
58,309,92.1020507812
58,312,96.1853027344
58,315,100.872802734
58,318,106.274414062
58,321,112.390136719
58,324,119.073486328
58,327,125.445556641
58,330,128.576660156
58,333,126.068115234
58,336,120.629882812
58,339,114.880371094
58,342,109.643554688
58,345,105.084228516
58,348,101.202392578
58,351,97.9248046875
58,354,95.1965332031
58,357,92.9626464844
58,360,91.1499023438
59,0,90.6555175781
59,3,89.2272949219
59,6,88.1652832031
59,9,87.451171875
59,12,87.0483398438
59,15,86.9750976562
59,18,87.1948242188
59,21,87.744140625
59,24,88.6413574219
59,27,89.8864746094
59,30,91.4978027344
59,33,93.5485839844
59,36,96.0571289062
59,39,99.1333007812
59,42,102.83203125
59,45,107.299804688
59,48,112.701416016
59,51,119.219970703
59,54,125.299072266
59,57,120.812988281
59,60,116.949462891
59,63,113.635253906
59,66,110.797119141
59,69,108.380126953
59,72,106.365966797
59,75,104.699707031
59,78,103.344726562
59,81,102.319335938
59,84,101.586914062
59,87,101.129150391
59,90,100.946044922
59,93,101.037597656
59,96,101.403808594
59,99,102.026367188
59,102,102.941894531
59,105,104.132080078
59,108,105.615234375
59,111,107.391357422
59,114,109.497070312
59,117,111.9140625
59,120,114.660644531
59,123,117.736816406
59,126,121.142578125
59,129,124.859619141
59,132,128.851318359
59,135,133.062744141
59,138,137.40234375
59,141,141.741943359
59,144,145.989990234
59,147,150.274658203
59,150,154.467773438
59,153,158.551025391
59,156,162.359619141
59,159,165.472412109
59,162,167.266845703
59,165,166.900634766
59,168,163.732910156
59,171,157.434082031
59,174,149.139404297
59,177,140.112304688
59,180,131.195068359
59,183,122.973632812
59,186,115.631103516
59,189,109.167480469
59,192,103.491210938
59,195,98.5473632812
59,198,94.2077636719
59,201,90.4174804688
59,204,87.1215820312
59,207,84.2468261719
59,210,81.7565917969
59,213,79.5959472656
59,216,77.7465820312
59,219,76.171875
59,222,74.853515625
59,225,73.7731933594
59,228,72.9125976562
59,231,72.2717285156
59,234,71.8139648438
59,237,71.5576171875
59,240,71.5026855469
59,243,71.630859375
59,246,71.9604492188
59,249,72.4914550781
59,252,73.2055664062
59,255,72.7478027344
59,258,71.8322753906
59,261,71.1181640625
59,264,70.6237792969
59,267,70.3308105469
59,270,70.2209472656
59,273,70.3125
59,276,70.5871582031
59,279,71.0632324219
59,282,71.7407226562
59,285,72.6379394531
59,288,73.7548828125
59,291,75.1281738281
59,294,76.7395019531
59,297,78.6437988281
59,300,80.8776855469
59,303,83.4777832031
59,306,86.4807128906
59,309,89.94140625
59,312,93.9331054688
59,315,98.5473632812
59,318,103.839111328
59,321,109.881591797
59,324,116.528320312
59,327,123.046875
59,330,126.782226562
59,333,124.932861328
59,336,119.787597656
59,339,114.202880859
59,342,109.020996094
59,345,104.516601562
59,348,100.671386719
59,351,97.412109375
59,354,94.7021484375
59,357,92.4499511719
59,360,90.6555175781
60,0,90.1794433594
60,3,88.7512207031
60,6,87.6892089844
60,9,86.9567871094
60,12,86.5539550781
60,15,86.4624023438
60,18,86.6638183594
60,21,87.1948242188
60,24,88.0554199219
60,27,89.2639160156
60,30,90.8569335938
60,33,92.8527832031
60,36,95.3247070312
60,39,98.3276367188
60,42,101.971435547
60,45,106.34765625
60,48,111.657714844
60,51,118.06640625
60,54,125.720214844
60,57,122.845458984
60,60,118.927001953
60,63,115.539550781
60,66,112.664794922
60,69,110.211181641
60,72,108.142089844
60,75,106.457519531
60,78,105.084228516
60,81,104.040527344
60,84,103.289794922
60,87,102.83203125
60,90,102.648925781
60,93,102.722167969
60,96,103.088378906
60,99,103.729248047
60,102,104.644775391
60,105,105.834960938
60,108,107.336425781
60,111,109.149169922
60,114,111.254882812
60,117,113.708496094
60,120,116.473388672
60,123,119.586181641
60,126,122.991943359
60,129,126.708984375
60,132,130.6640625
60,135,134.857177734
60,138,139.16015625
60,141,143.389892578
60,144,147.546386719
60,147,151.7578125
60,150,155.877685547
60,153,159.814453125
60,156,163.385009766
60,159,166.204833984
60,162,167.687988281
60,165,166.918945312
60,168,163.330078125
60,171,156.866455078
60,174,148.571777344
60,177,139.599609375
60,180,130.828857422
60,183,122.698974609
60,186,115.447998047
60,189,109.057617188
60,192,103.436279297
60,195,98.5290527344
60,198,94.2260742188
60,201,90.4724121094
60,204,87.1948242188
60,207,84.3383789062
60,210,81.8664550781
60,213,79.7241210938
60,216,77.8747558594
60,219,76.318359375
60,222,75
60,225,73.9379882812
60,228,73.0773925781
60,231,72.4365234375
60,234,71.9970703125
60,237,71.7590332031
60,240,71.7041015625
60,243,71.8505859375
60,246,72.1801757812
60,249,72.7111816406
60,252,72.1069335938
60,255,70.9899902344
60,258,70.0927734375
60,261,69.4152832031
60,264,68.9208984375
60,267,68.6279296875
60,270,68.5180664062
60,273,68.6096191406
60,276,68.8842773438
60,279,69.3420410156
60,282,70.01953125
60,285,70.8801269531
60,288,71.9787597656
60,291,73.2971191406
60,294,74.8901367188
60,297,76.7578125
60,300,78.9367675781
60,303,81.4636230469
60,306,84.3933105469
60,309,87.7807617188
60,312,91.69921875
60,315,96.2036132812
60,318,101.403808594
60,321,107.354736328
60,324,113.946533203
60,327,120.593261719
60,330,124.932861328
60,333,123.779296875
60,336,118.981933594
60,339,113.543701172
60,342,108.453369141
60,345,103.985595703
60,348,100.177001953
60,351,96.9360351562
60,354,94.2260742188
60,357,91.9921875
60,360,90.1794433594
61,0,89.7399902344
61,3,88.330078125
61,6,87.2497558594
61,9,86.5173339844
61,12,86.0778808594
61,15,85.9680175781
61,18,86.1694335938
61,21,86.6821289062
61,24,87.5244140625
61,27,88.6962890625
61,30,90.2526855469
61,33,92.2119140625
61,36,94.62890625
61,39,97.5952148438
61,42,101.147460938
61,45,105.46875
61,48,110.668945312
61,51,116.986083984
61,54,124.566650391
61,57,124.877929688
61,60,120.886230469
61,63,117.462158203
61,66,114.514160156
61,69,112.023925781
61,72,109.936523438
61,75,108.215332031
61,78,106.823730469
61,81,105.76171875
61,84,104.992675781
61,87,104.516601562
61,90,104.333496094
61,93,104.406738281
61,96,104.772949219
61,99,105.413818359
61,102,106.34765625
61,105,107.556152344
61,108,109.075927734
61,111,110.888671875
61,114,113.031005859
61,117,115.484619141
61,120,118.286132812
61,123,121.398925781
61,126,124.822998047
61,129,128.540039062
61,132,132.476806641
61,135,136.633300781
61,138,140.899658203
61,141,145.01953125
61,144,149.102783203
61,147,153.22265625
61,150,157.232666016
61,153,161.041259766
61,156,164.428710938
61,159,166.9921875
61,162,168.1640625
61,165,166.955566406
61,168,163.055419922
61,171,156.4453125
61,174,148.132324219
61,177,139.215087891
61,180,130.499267578
61,183,122.497558594
61,186,115.338134766
61,189,108.984375
61,192,103.41796875
61,195,98.5473632812
61,198,94.2810058594
61,201,90.5456542969
61,204,87.2863769531
61,207,84.4482421875
61,210,81.9763183594
61,213,79.8522949219
61,216,78.0212402344
61,219,76.46484375
61,222,75.1831054688
61,225,74.12109375
61,228,73.2788085938
61,231,72.6379394531
61,234,72.1984863281
61,237,71.9604492188
61,240,71.923828125
61,243,72.0703125
61,246,72.3999023438
61,249,71.630859375
61,252,70.3125
61,255,69.2321777344
61,258,68.3532714844
61,261,67.6940917969
61,264,67.2180175781
61,267,66.9250488281
61,270,66.8334960938
61,273,66.9067382812
61,276,67.1813964844
61,279,67.6391601562
61,282,68.2800292969
61,285,69.1223144531
61,288,70.1843261719
61,291,71.484375
61,294,73.0407714844
61,297,74.853515625
61,300,76.9775390625
61,303,79.4494628906
61,306,82.3059082031
61,309,85.6201171875
61,312,89.4470214844
61,315,93.8598632812
61,318,98.9685058594
61,321,104.809570312
61,324,111.364746094
61,327,118.121337891
61,330,122.991943359
61,333,122.589111328
61,336,118.194580078
61,339,112.921142578
61,342,107.904052734
61,345,103.491210938
61,348,99.7009277344
61,351,96.4965820312
61,354,93.7866210938
61,357,91.552734375
61,360,89.7399902344
62,0,89.0258789062
62,3,87.59765625
62,6,86.5173339844
62,9,85.7666015625
62,12,85.3271484375
62,15,85.2172851562
62,18,85.3820800781
62,21,85.8764648438
62,24,86.6821289062
62,27,87.8173828125
62,30,89.3371582031
62,33,91.2414550781
62,36,93.603515625
62,39,96.4782714844
62,42,99.9755859375
62,45,104.168701172
62,48,109.259033203
62,51,115.411376953
62,54,122.900390625
62,57,126.928710938
62,60,122.863769531
62,63,119.366455078
62,66,116.381835938
62,69,113.854980469
62,72,111.712646484
62,75,109.954833984
62,78,108.544921875
62,81,107.464599609
62,84,106.695556641
62,87,106.201171875
62,90,105.999755859
62,93,106.091308594
62,96,106.457519531
62,99,107.098388672
62,102,108.032226562
62,105,109.259033203
62,108,110.778808594
62,111,112.628173828
62,114,114.770507812
62,117,117.242431641
62,120,120.062255859
62,123,123.175048828
62,126,126.599121094
62,129,130.297851562
62,132,134.216308594
62,135,138.299560547
62,138,142.492675781
62,141,146.484375
62,144,150.476074219
62,147,154.449462891
62,150,158.294677734
62,153,161.883544922
62,156,165.051269531
62,159,167.303466797
62,162,167.962646484
62,165,166.351318359
62,168,162.139892578
62,171,155.346679688
62,174,147.0703125
62,177,138.299560547
62,180,129.730224609
62,183,121.893310547
62,186,114.825439453
62,189,108.599853516
62,192,103.125
62,195,98.3093261719
62,198,94.0795898438
62,201,90.3991699219
62,204,87.1765136719
62,207,84.3566894531
62,210,81.9213867188
62,213,79.8156738281
62,216,78.0029296875
62,219,76.4831542969
62,222,75.2014160156
62,225,74.1394042969
62,228,73.3154296875
62,231,72.6928710938
62,234,72.2717285156
62,237,72.0520019531
62,240,72.0153808594
62,243,72.1618652344
62,246,71.3562011719
62,249,69.8181152344
62,252,68.5180664062
62,255,67.4560546875
62,258,66.6137695312
62,261,65.9729003906
62,264,65.4968261719
62,267,65.2221679688
62,270,65.1306152344
62,273,65.2038574219
62,276,65.4602050781
62,279,65.8996582031
62,282,66.5405273438
62,285,67.3645019531
62,288,68.408203125
62,291,69.6716308594
62,294,71.1730957031
62,297,72.94921875
62,300,75.0183105469
62,303,77.4353027344
62,306,80.2185058594
62,309,83.4594726562
62,312,87.1948242188
62,315,91.4978027344
62,318,96.4965820312
62,321,102.227783203
62,324,108.69140625
62,327,115.484619141
62,330,120.758056641
62,333,121.032714844
62,336,117.022705078
62,339,111.9140625
62,342,107.025146484
62,345,102.667236328
62,348,98.9135742188
62,351,95.7275390625
62,354,93.0541992188
62,357,90.8203125
62,360,89.0258789062
63,0,87.7258300781
63,3,86.2976074219
63,6,85.2355957031
63,9,84.4665527344
63,12,84.0270996094
63,15,83.8806152344
63,18,84.0270996094
63,21,84.4848632812
63,24,85.25390625
63,27,86.3342285156
63,30,87.7990722656
63,33,89.6301269531
63,36,91.9006347656
63,39,94.6838378906
63,42,98.0529785156
63,45,102.099609375
63,48,107.006835938
63,51,112.957763672
63,54,120.227050781
63,57,128.961181641
63,60,124.822998047
63,63,121.2890625
63,66,118.249511719
63,69,115.667724609
63,72,113.507080078
63,75,111.712646484
63,78,110.284423828
63,81,109.167480469
63,84,108.380126953
63,87,107.885742188
63,90,107.684326172
63,93,107.757568359
63,96,108.123779297
63,99,108.764648438
63,102,109.698486328
63,105,110.943603516
63,108,112.463378906
63,111,114.312744141
63,114,116.473388672
63,117,118.963623047
63,120,121.765136719
63,123,124.859619141
63,126,128.265380859
63,129,131.909179688
63,132,135.772705078
63,135,139.74609375
63,138,143.756103516
63,141,147.601318359
63,144,151.46484375
63,147,155.200195312
63,150,158.7890625
63,153,162.103271484
63,156,164.886474609
63,159,166.552734375
63,162,166.625976562
63,165,164.575195312
63,168,159.887695312
63,171,153.021240234
63,174,144.891357422
63,177,136.358642578
63,180,128.100585938
63,183,120.483398438
63,186,113.653564453
63,189,107.611083984
63,192,102.264404297
63,195,97.55859375
63,198,93.4204101562
63,201,89.8132324219
63,204,86.6638183594
63,207,83.8989257812
63,210,81.5185546875
63,213,79.4494628906
63,216,77.6733398438
63,219,76.171875
63,222,74.9267578125
63,225,73.9013671875
63,228,73.0773925781
63,231,72.4914550781
63,234,72.0886230469
63,237,71.8688964844
63,240,71.8505859375
63,243,71.2463378906
63,246,69.4885253906
63,249,67.9870605469
63,252,66.7236328125
63,255,65.6982421875
63,258,64.8742675781
63,261,64.2333984375
63,264,63.7756347656
63,267,63.5192871094
63,270,63.4094238281
63,273,63.5009765625
63,276,63.7573242188
63,279,64.1784667969
63,282,64.8010253906
63,285,65.6066894531
63,288,66.6137695312
63,291,67.8405761719
63,294,69.3054199219
63,297,71.044921875
63,300,73.0590820312
63,303,75.4028320312
63,306,78.1311035156
63,309,81.2805175781
63,312,84.9060058594
63,315,89.1174316406
63,318,93.9880371094
63,321,99.5910644531
63,324,105.926513672
63,327,112.664794922
63,330,118.121337891
63,333,118.817138672
63,336,115.155029297
63,339,110.229492188
63,342,105.450439453
63,345,101.184082031
63,348,97.5036621094
63,351,94.3542480469
63,354,91.7175292969
63,357,89.5202636719
63,360,87.7258300781
64,0,86.4624023438
64,3,85.0524902344
64,6,83.9721679688
64,9,83.203125
64,12,82.7453613281
64,15,82.5805664062
64,18,82.7087402344
64,21,83.1298828125
64,24,83.8623046875
64,27,84.9060058594
64,30,86.2976074219
64,33,88.0737304688
64,36,90.2709960938
64,39,92.9443359375
64,42,96.1853027344
64,45,100.103759766
64,48,104.827880859
64,51,110.577392578
64,54,117.608642578
64,57,126.159667969
64,60,126.800537109
64,63,123.193359375
64,66,120.1171875
64,69,117.498779297
64,72,115.283203125
64,75,113.470458984
64,78,112.005615234
64,81,110.888671875
64,84,110.064697266
64,87,109.552001953
64,90,109.350585938
64,93,109.423828125
64,96,109.771728516
64,99,110.430908203
64,102,111.364746094
64,105,112.609863281
64,108,114.147949219
64,111,115.997314453
64,114,118.176269531
64,117,120.648193359
64,120,123.449707031
64,123,126.525878906
64,126,129.913330078
64,129,133.520507812
64,132,137.329101562
64,135,141.192626953
64,138,145.01953125
64,141,148.699951172
64,144,152.380371094
64,147,155.950927734
64,150,159.301757812
64,153,162.3046875
64,156,164.6484375
64,159,165.893554688
64,162,165.435791016
64,165,162.854003906
64,168,157.873535156
64,171,150.970458984
64,174,142.950439453
64,177,134.637451172
64,180,126.635742188
64,183,119.23828125
64,186,112.591552734
64,189,106.677246094
64,192,101.458740234
64,195,96.8627929688
64,198,92.8161621094
64,201,89.2822265625
64,204,86.1694335938
64,207,83.4777832031
64,210,81.1340332031
64,213,79.1015625
64,216,77.3620605469
64,219,75.8972167969
64,222,74.6704101562
64,225,73.6633300781
64,228,72.8759765625
64,231,72.2900390625
64,234,71.9055175781
64,237,71.7041015625
64,240,71.3195800781
64,243,69.3237304688
64,246,67.6025390625
64,249,66.1560058594
64,252,64.9291992188
64,255,63.9221191406
64,258,63.1164550781
64,261,62.4938964844
64,264,62.0727539062
64,267,61.7980957031
64,270,61.7065429688
64,273,61.7797851562
64,276,62.0361328125
64,279,62.4572753906
64,282,63.0432128906
64,285,63.8305664062
64,288,64.8193359375
64,291,66.0095214844
64,294,67.4377441406
64,297,69.1223144531
64,300,71.0998535156
64,303,73.388671875
64,306,76.025390625
64,309,79.0832519531
64,312,82.6354980469
64,315,86.7370605469
64,318,91.4794921875
64,321,96.9543457031
64,324,103.179931641
64,327,109.826660156
64,330,115.447998047
64,333,116.619873047
64,336,113.305664062
64,339,108.581542969
64,342,103.930664062
64,345,99.755859375
64,348,96.1303710938
64,351,93.0358886719
64,354,90.4174804688
64,357,88.2385253906
64,360,86.4624023438
65,0,85.2355957031
65,3,83.8256835938
65,6,82.7453613281
65,9,81.9763183594
65,12,81.5002441406
65,15,81.3171386719
65,18,81.4270019531
65,21,81.8115234375
65,24,82.5073242188
65,27,83.5144042969
65,30,84.8510742188
65,33,86.5539550781
65,36,88.6779785156
65,39,91.259765625
65,42,94.3908691406
65,45,98.1811523438
65,48,102.740478516
65,51,108.288574219
65,54,115.063476562
65,57,123.394775391
65,60,128.778076172
65,63,125.115966797
65,66,121.966552734
65,69,119.311523438
65,72,117.077636719
65,75,115.228271484
65,78,113.726806641
65,81,112.591552734
65,84,111.749267578
65,87,111.236572266
65,90,111.016845703
65,93,111.071777344
65,96,111.437988281
65,99,112.078857422
65,102,113.031005859
65,105,114.276123047
65,108,115.832519531
65,111,117.681884766
65,114,119.860839844
65,117,122.332763672
65,120,125.115966797
65,123,128.192138672
65,126,131.54296875
65,129,135.095214844
65,132,138.812255859
65,135,142.602539062
65,138,146.246337891
65,141,149.816894531
65,144,153.332519531
65,147,156.683349609
65,150,159.796142578
65,153,162.506103516
65,156,164.483642578
65,159,165.270996094
65,162,164.318847656
65,165,161.352539062
65,168,156.115722656
65,171,149.139404297
65,174,141.247558594
65,177,133.099365234
65,180,125.280761719
65,183,118.103027344
65,186,111.62109375
65,189,105.834960938
65,192,100.726318359
65,195,96.2219238281
65,198,92.2668457031
65,201,88.7878417969
65,204,85.7482910156
65,207,83.0932617188
65,210,80.7861328125
65,213,78.7902832031
65,216,77.0874023438
65,219,75.6408691406
65,222,74.4323730469
65,225,73.4619140625
65,228,72.6928710938
65,231,72.1252441406
65,234,71.7590332031
65,237,71.5759277344
65,240,69.3420410156
65,243,67.4011230469
65,246,65.7348632812
65,249,64.306640625
65,252,63.134765625
65,255,62.1459960938
65,258,61.376953125
65,261,60.7727050781
65,264,60.3515625
65,267,60.0952148438
65,270,60.0036621094
65,273,60.0769042969
65,276,60.3149414062
65,279,60.7177734375
65,282,61.3037109375
65,285,62.0727539062
65,288,63.0249023438
65,291,64.1967773438
65,294,65.5883789062
65,297,67.2180175781
65,300,69.140625
65,303,71.3562011719
65,306,73.9379882812
65,309,76.904296875
65,312,80.3649902344
65,315,84.3566894531
65,318,88.9709472656
65,321,94.3176269531
65,324,100.415039062
65,327,107.006835938
65,330,112.774658203
65,333,114.404296875
65,336,111.474609375
65,339,106.951904297
65,342,102.429199219
65,345,98.3459472656
65,348,94.775390625
65,351,91.7358398438
65,354,89.1357421875
65,357,86.9934082031
65,360,85.2355957031
66,0,84.0270996094
66,3,82.6354980469
66,6,81.5551757812
66,9,80.7861328125
66,12,80.3100585938
66,15,80.1086425781
66,18,80.1818847656
66,21,80.5480957031
66,24,81.2072753906
66,27,82.1594238281
66,30,83.4411621094
66,33,85.0891113281
66,36,87.1398925781
66,39,89.6301269531
66,42,92.6696777344
66,45,96.3134765625
66,48,100.726318359
66,51,106.072998047
66,54,112.609863281
66,57,120.684814453
66,60,130.572509766
66,63,127.020263672
66,66,123.834228516
66,69,121.124267578
66,72,118.853759766
66,75,116.967773438
66,78,115.466308594
66,81,114.294433594
66,84,113.433837891
66,87,112.902832031
66,90,112.664794922
66,93,112.738037109
66,96,113.0859375
66,99,113.745117188
66,102,114.697265625
66,105,115.942382812
66,108,117.498779297
66,111,119.348144531
66,114,121.527099609
66,117,123.999023438
66,120,126.782226562
66,123,129.858398438
66,126,133.154296875
66,129,136.669921875
66,132,140.295410156
66,135,143.975830078
66,138,147.454833984
66,141,150.915527344
66,144,154.284667969
66,147,157.452392578
66,150,160.345458984
66,153,162.744140625
66,156,164.318847656
66,159,164.703369141
66,162,163.330078125
66,165,159.979248047
66,168,154.467773438
66,171,147.473144531
66,174,139.654541016
66,177,131.707763672
66,180,124.072265625
66,183,117.059326172
66,186,110.723876953
66,189,105.065917969
66,192,100.067138672
66,195,95.6359863281
66,198,91.7358398438
66,201,88.330078125
66,204,85.3454589844
66,207,82.7270507812
66,210,80.4565429688
66,213,78.515625
66,216,76.8310546875
66,219,75.4028320312
66,222,74.2309570312
66,225,73.2788085938
66,228,72.5280761719
66,231,71.9787597656
66,234,71.6125488281
66,237,69.5617675781
66,240,67.3645019531
66,243,65.478515625
66,246,63.8488769531
66,249,62.4755859375
66,252,61.3220214844
66,255,60.3698730469
66,258,59.619140625
66,261,59.033203125
66,264,58.6303710938
66,267,58.3740234375
66,270,58.2824707031
66,273,58.3557128906
66,276,58.59375
66,279,58.9965820312
66,282,59.5642089844
66,285,60.2966308594
66,288,61.23046875
66,291,62.3657226562
66,294,63.720703125
66,297,65.3137207031
66,300,67.1630859375
66,303,69.3237304688
66,306,71.8322753906
66,309,74.7253417969
66,312,78.076171875
66,315,81.9580078125
66,318,86.4624023438
66,321,91.6809082031
66,324,97.6501464844
66,327,104.150390625
66,330,110.064697266
66,333,112.20703125
66,336,109.680175781
66,339,105.358886719
66,342,100.946044922
66,345,96.9543457031
66,348,93.45703125
66,351,90.4541015625
66,354,87.9089355469
66,357,85.7849121094
66,360,84.0270996094
67,0,82.8552246094
67,3,81.4636230469
67,6,80.4016113281
67,9,79.6142578125
67,12,79.1381835938
67,15,78.9184570312
67,18,78.9733886719
67,21,79.3212890625
67,24,79.9255371094
67,27,80.859375
67,30,82.0861816406
67,33,83.6791992188
67,36,85.6384277344
67,39,88.0554199219
67,42,90.9851074219
67,45,94.5190429688
67,48,98.7670898438
67,51,103.930664062
67,54,110.229492188
67,57,118.029785156
67,60,127.697753906
67,63,128.924560547
67,66,125.701904297
67,69,122.937011719
67,72,120.629882812
67,75,118.725585938
67,78,117.1875
67,81,115.979003906
67,84,115.118408203
67,87,114.569091797
67,90,114.331054688
67,93,114.385986328
67,96,114.733886719
67,99,115.393066406
67,102,116.345214844
67,105,117.590332031
67,108,119.146728516
67,111,121.014404297
67,114,123.193359375
67,117,125.665283203
67,120,128.430175781
67,123,131.488037109
67,126,134.747314453
67,129,138.226318359
67,132,141.778564453
67,135,145.3125
67,138,148.681640625
67,141,151.995849609
67,144,155.200195312
67,147,158.184814453
67,150,160.83984375
67,153,162.982177734
67,156,164.227294922
67,159,164.208984375
67,162,162.396240234
67,165,158.697509766
67,168,153.021240234
67,171,145.989990234
67,174,138.244628906
67,177,130.444335938
67,180,122.991943359
67,183,116.107177734
67,186,109.899902344
67,189,104.370117188
67,192,99.4445800781
67,195,95.1049804688
67,198,91.2780761719
67,201,87.9089355469
67,204,84.9792480469
67,207,82.3974609375
67,210,80.1818847656
67,213,78.2409667969
67,216,76.5930175781
67,219,75.2014160156
67,222,74.0478515625
67,225,73.095703125
67,228,72.36328125
67,231,71.8322753906
67,234,70.0012207031
67,237,67.529296875
67,240,65.3869628906
67,243,63.5559082031
67,246,61.9812011719
67,249,60.64453125
67,252,59.5275878906
67,255,58.6120605469
67,258,57.861328125
67,261,57.3120117188
67,264,56.9091796875
67,267,56.6711425781
67,270,56.5795898438
67,273,56.6528320312
67,276,56.8725585938
67,279,57.2570800781
67,282,57.8063964844
67,285,58.5388183594
67,288,59.4360351562
67,291,60.5346679688
67,294,61.8530273438
67,297,63.3911132812
67,300,65.2038574219
67,303,67.3095703125
67,306,69.7265625
67,309,72.5463867188
67,312,75.8056640625
67,315,79.5776367188
67,318,83.9538574219
67,321,89.0441894531
67,324,94.8852539062
67,327,101.312255859
67,330,107.354736328
67,333,109.973144531
67,336,107.867431641
67,339,103.784179688
67,342,99.5178222656
67,345,95.5993652344
67,348,92.1752929688
67,351,89.208984375
67,354,86.7004394531
67,357,84.5947265625
67,360,82.8552246094
68,0,81.7199707031
68,3,80.3283691406
68,6,79.2663574219
68,9,78.4790039062
68,12,77.9846191406
68,15,77.7648925781
68,18,77.8015136719
68,21,78.1127929688
68,24,78.6987304688
68,27,79.5776367188
68,30,80.7678222656
68,33,82.3059082031
68,36,84.2102050781
68,39,86.5356445312
68,42,89.3737792969
68,45,92.7795410156
68,48,96.8811035156
68,51,101.879882812
68,54,107.958984375
68,57,115.466308594
68,60,124.877929688
68,63,130.847167969
68,66,127.551269531
68,69,124.768066406
68,72,122.406005859
68,75,120.465087891
68,78,118.890380859
68,81,117.681884766
68,84,116.802978516
68,87,116.235351562
68,90,115.979003906
68,93,116.033935547
68,96,116.381835938
68,99,117.041015625
68,102,117.993164062
68,105,119.23828125
68,108,120.794677734
68,111,122.662353516
68,114,124.841308594
68,117,127.313232422
68,120,130.078125
68,123,133.099365234
68,126,136.322021484
68,129,139.74609375
68,132,143.225097656
68,135,146.594238281
68,138,149.908447266
68,141,153.131103516
68,144,156.15234375
68,147,158.935546875
68,150,161.389160156
68,153,163.275146484
68,156,164.154052734
68,159,163.696289062
68,162,161.572265625
68,165,157.580566406
68,168,151.7578125
68,171,144.671630859
68,174,136.999511719
68,177,129.309082031
68,180,122.003173828
68,183,115.264892578
68,186,109.167480469
68,189,103.7109375
68,192,98.876953125
68,195,94.6105957031
68,198,90.8386230469
68,201,87.5427246094
68,204,84.6313476562
68,207,82.1044921875
68,210,79.9072265625
68,213,78.0029296875
68,216,76.3916015625
68,219,75.0183105469
68,222,73.8647460938
68,225,72.94921875
68,228,72.2351074219
68,231,70.6787109375
68,234,67.8955078125
68,237,65.478515625
68,240,63.4094238281
68,243,61.6333007812
68,246,60.1135253906
68,249,58.8134765625
68,252,57.7331542969
68,255,56.8359375
68,258,56.1218261719
68,261,55.5725097656
68,264,55.1879882812
68,267,54.9499511719
68,270,54.8767089844
68,273,54.931640625
68,276,55.1513671875
68,279,55.5358886719
68,282,56.0668945312
68,285,56.7626953125
68,288,57.6416015625
68,291,58.7036132812
68,294,59.9853515625
68,297,61.4868164062
68,300,63.2446289062
68,303,65.2770996094
68,306,67.6391601562
68,309,70.3674316406
68,312,73.53515625
68,315,77.197265625
68,318,81.4636230469
68,321,86.3891601562
68,324,92.1020507812
68,327,98.4558105469
68,330,104.58984375
68,333,107.720947266
68,336,106.091308594
68,339,102.227783203
68,342,98.1079101562
68,345,94.2810058594
68,348,90.9118652344
68,351,88.0004882812
68,354,85.5102539062
68,357,83.4411621094
68,360,81.7199707031
69,0,80.6030273438
69,3,79.2297363281
69,6,78.1677246094
69,9,77.3803710938
69,12,76.8859863281
69,15,76.6296386719
69,18,76.6662597656
69,21,76.9409179688
69,24,77.5085449219
69,27,78.3508300781
69,30,79.4860839844
69,33,80.9692382812
69,36,82.8186035156
69,39,85.0708007812
69,42,87.7990722656
69,45,91.0949707031
69,48,95.068359375
69,51,99.8840332031
69,54,105.76171875
69,57,113.012695312
69,60,122.094726562
69,63,132.751464844
69,66,129.418945312
69,69,126.580810547
69,72,124.182128906
69,75,122.204589844
69,78,120.611572266
69,81,119.384765625
69,84,118.469238281
69,87,117.901611328
69,90,117.645263672
69,93,117.681884766
69,96,118.029785156
69,99,118.688964844
69,102,119.641113281
69,105,120.886230469
69,108,122.442626953
69,111,124.310302734
69,114,126.489257812
69,117,128.961181641
69,120,131.726074219
69,123,134.692382812
69,126,137.896728516
69,129,141.247558594
69,132,144.653320312
69,135,147.875976562
69,138,151.080322266
69,141,154.229736328
69,144,157.141113281
69,147,159.741210938
69,150,161.956787109
69,153,163.531494141
69,156,164.099121094
69,159,163.293457031
69,162,160.876464844
69,165,156.536865234
69,168,150.531005859
69,171,143.444824219
69,174,135.864257812
69,177,128.302001953
69,180,121.105957031
69,183,114.495849609
69,186,108.489990234
69,189,103.125
69,192,98.3642578125
69,195,94.1528320312
69,198,90.4541015625
69,201,87.1765136719
69,204,84.3200683594
69,207,81.8298339844
69,210,79.6691894531
69,213,77.8015136719
69,216,76.1901855469
69,219,74.8352050781
69,222,73.7182617188
69,225,72.802734375
69,228,71.6125488281
69,231,68.4814453125
69,234,65.771484375
69,237,63.4460449219
69,240,61.4318847656
69,243,59.7106933594
69,246,58.2275390625
69,249,56.982421875
69,252,55.9204101562
69,255,55.0598144531
69,258,54.3640136719
69,261,53.8330078125
69,264,53.466796875
69,267,53.2470703125
69,270,53.1555175781
69,273,53.2287597656
69,276,53.4484863281
69,279,53.7963867188
69,282,54.3273925781
69,285,55.0048828125
69,288,55.8471679688
69,291,56.8908691406
69,294,58.1176757812
69,297,59.5825195312
69,300,61.2670898438
69,303,63.2446289062
69,306,65.5334472656
69,309,68.1884765625
69,312,71.2646484375
69,315,74.8168945312
69,318,78.9367675781
69,321,83.7524414062
69,324,89.3188476562
69,327,95.5627441406
69,330,101.806640625
69,333,105.432128906
69,336,104.296875
69,339,100.708007812
69,342,96.6979980469
69,345,92.9809570312
69,348,89.6667480469
69,351,86.8103027344
69,354,84.375
69,357,82.3059082031
69,360,80.6030273438
70,0,79.1564941406
70,3,77.8015136719
70,6,76.7395019531
70,9,75.9521484375
70,12,75.439453125
70,15,75.1831054688
70,18,75.2014160156
70,21,75.4577636719
70,24,75.9704589844
70,27,76.7761230469
70,30,77.8747558594
70,33,79.2846679688
70,36,81.0424804688
70,39,83.203125
70,42,85.83984375
70,45,89.0075683594
70,48,92.8161621094
70,51,97.4304199219
70,54,103.051757812
70,57,109.973144531
70,60,118.65234375
70,63,129.638671875
70,66,131.268310547
70,69,128.375244141
70,72,125.958251953
70,75,123.944091797
70,78,122.332763672
70,81,121.069335938
70,84,120.135498047
70,87,119.549560547
70,90,119.274902344
70,93,119.311523438
70,96,119.659423828
70,99,120.300292969
70,102,121.252441406
70,105,122.497558594
70,108,124.053955078
70,111,125.903320312
70,114,128.063964844
70,117,130.517578125
70,120,133.227539062
70,123,136.157226562
70,126,139.324951172
70,129,142.547607422
70,132,145.806884766
70,135,148.901367188
70,138,151.922607422
70,141,154.833984375
70,144,157.525634766
70,147,159.887695312
70,150,161.828613281
70,153,163.037109375
70,156,163.256835938
70,159,161.975097656
70,162,159.118652344
70,165,154.522705078
70,168,148.425292969
70,171,141.375732422
70,174,133.923339844
70,177,126.580810547
70,180,119.567871094
70,183,113.122558594
70,186,107.281494141
70,189,102.062988281
70,192,97.412109375
70,195,93.310546875
70,198,89.6850585938
70,201,86.4990234375
70,204,83.6975097656
70,207,81.2622070312
70,210,79.1381835938
70,213,77.3071289062
70,216,75.7507324219
70,219,74.4140625
70,222,73.3337402344
70,225,72.4365234375
70,228,69.3054199219
70,231,66.2658691406
70,234,63.6474609375
70,237,61.3952636719
70,240,59.4543457031
70,243,57.7880859375
70,246,56.3598632812
70,249,55.1330566406
70,252,54.1259765625
70,255,53.2836914062
70,258,52.6245117188
70,261,52.1118164062
70,264,51.7456054688
70,267,51.5258789062
70,270,51.4526367188
70,273,51.5075683594
70,276,51.7272949219
70,279,52.0751953125
70,282,52.5695800781
70,285,53.2287597656
70,288,54.052734375
70,291,55.0598144531
70,294,56.25
70,297,57.6599121094
70,300,59.3078613281
70,303,61.2121582031
70,306,63.427734375
70,309,66.0095214844
70,312,68.9758300781
70,315,72.4182128906
70,318,76.4282226562
70,321,81.0791015625
70,324,86.4990234375
70,327,92.6147460938
70,330,98.8220214844
70,333,102.795410156
70,336,102.099609375
70,339,98.7670898438
70,342,94.921875
70,345,91.2963867188
70,348,88.0737304688
70,351,85.2722167969
70,354,82.8735351562
70,357,80.8410644531
70,360,79.1564941406
71,0,77.4169921875
71,3,76.0803222656
71,6,75.0183105469
71,9,74.2492675781
71,12,73.7365722656
71,15,73.4619140625
71,18,73.4436035156
71,21,73.681640625
71,24,74.1577148438
71,27,74.9084472656
71,30,75.9521484375
71,33,77.2888183594
71,36,78.9733886719
71,39,81.0241699219
71,42,83.5327148438
71,45,86.5539550781
71,48,90.1794433594
71,51,94.5739746094
71,54,99.90234375
71,57,106.475830078
71,60,114.697265625
71,63,125.189208984
71,66,133.099365234
71,69,130.169677734
71,72,127.716064453
71,75,125.68359375
71,78,124.035644531
71,81,122.735595703
71,84,121.801757812
71,87,121.179199219
71,90,120.904541016
71,93,120.922851562
71,96,121.252441406
71,99,121.875
71,102,122.827148438
71,105,124.053955078
71,108,125.592041016
71,111,127.44140625
71,114,129.583740234
71,117,131.982421875
71,120,134.619140625
71,123,137.512207031
71,126,140.533447266
71,129,143.646240234
71,132,146.667480469
71,135,149.597167969
71,138,152.453613281
71,141,155.126953125
71,144,157.525634766
71,147,159.594726562
71,150,161.187744141
71,153,161.938476562
71,156,161.608886719
71,159,159.887695312
71,162,156.683349609
71,165,151.812744141
71,168,145.660400391
71,171,138.684082031
71,174,131.414794922
71,177,124.291992188
71,180,117.535400391
71,183,111.309814453
71,186,105.670166016
71,189,100.616455078
71,192,96.1120605469
71,195,92.138671875
71,198,88.623046875
71,201,85.5102539062
71,204,82.8002929688
71,207,80.4382324219
71,210,78.369140625
71,213,76.5930175781
71,216,75.0732421875
71,219,73.7915039062
71,222,72.7294921875
71,225,70.4040527344
71,228,66.9982910156
71,231,64.0502929688
71,234,61.5234375
71,237,59.3444824219
71,240,57.4768066406
71,243,55.8654785156
71,246,54.4738769531
71,249,53.3020019531
71,252,52.3132324219
71,255,51.5075683594
71,258,50.8666992188
71,261,50.3723144531
71,264,50.0244140625
71,267,49.8046875
71,270,49.7314453125
71,273,49.8046875
71,276,49.9877929688
71,279,50.3356933594
71,282,50.830078125
71,285,51.4526367188
71,288,52.2583007812
71,291,53.2287597656
71,294,54.3823242188
71,297,55.7373046875
71,300,57.3303222656
71,303,59.1796875
71,306,61.3220214844
71,309,63.8122558594
71,312,66.6870117188
71,315,70.01953125
71,318,73.8830566406
71,321,78.4057617188
71,324,83.642578125
71,327,89.5935058594
71,330,95.7458496094
71,333,99.90234375
71,336,99.5361328125
71,339,96.4782714844
71,342,92.7978515625
71,345,89.2822265625
71,348,86.1511230469
71,351,83.4045410156
71,354,81.0607910156
71,357,79.0649414062
71,360,77.4169921875
72,0,75.6958007812
72,3,74.3774414062
72,6,73.3337402344
72,9,72.5646972656
72,12,72.0520019531
72,15,71.7590332031
72,18,71.7224121094
72,21,71.923828125
72,24,72.3815917969
72,27,73.095703125
72,30,74.0661621094
72,33,75.3479003906
72,36,76.9409179688
72,39,78.9001464844
72,42,81.298828125
72,45,84.1735839844
72,48,87.6159667969
72,51,91.7907714844
72,54,96.8627929688
72,57,103.106689453
72,60,110.870361328
72,63,120.812988281
72,66,133.575439453
72,69,131.982421875
72,72,129.473876953
72,75,127.404785156
72,78,125.720214844
72,81,124.401855469
72,84,123.449707031
72,87,122.808837891
72,90,122.515869141
72,93,122.515869141
72,96,122.827148438
72,99,123.449707031
72,102,124.383544922
72,105,125.610351562
72,108,127.130126953
72,111,128.942871094
72,114,131.048583984
72,117,133.410644531
72,120,136.010742188
72,123,138.812255859
72,126,141.723632812
72,129,144.708251953
72,132,147.528076172
72,135,150.29296875
72,138,152.9296875
72,141,155.383300781
72,144,157.525634766
72,147,159.320068359
72,150,160.510253906
72,153,160.83984375
72,156,160.089111328
72,159,157.946777344
72,162,154.357910156
72,165,149.249267578
72,168,143.060302734
72,171,136.193847656
72,174,129.125976562
72,177,122.186279297
72,180,115.649414062
72,183,109.625244141
72,186,104.150390625
72,189,99.2614746094
72,192,94.8852539062
72,195,91.0217285156
72,198,87.59765625
72,201,84.5947265625
72,204,81.9580078125
72,207,79.6508789062
72,210,77.63671875
72,213,75.8972167969
72,216,74.4323730469
72,219,73.1689453125
72,222,71.8505859375
72,225,67.9870605469
72,228,64.6728515625
72,231,61.8530273438
72,234,59.3994140625
72,237,57.3120117188
72,240,55.4809570312
72,243,53.9245605469
72,246,52.587890625
72,249,51.4709472656
72,252,50.5187988281
72,255,49.7314453125
72,258,49.1088867188
72,261,48.6328125
72,264,48.2849121094
72,267,48.0834960938
72,270,48.0102539062
72,273,48.0834960938
72,276,48.2666015625
72,279,48.5961914062
72,282,49.072265625
72,285,49.6765136719
72,288,50.4455566406
72,291,51.3977050781
72,294,52.5146484375
72,297,53.8146972656
72,300,55.3527832031
72,303,57.1472167969
72,306,59.2163085938
72,309,61.6149902344
72,312,64.3798828125
72,315,67.6025390625
72,318,71.3562011719
72,321,75.7141113281
72,324,80.7861328125
72,327,86.5905761719
72,330,92.6330566406
72,333,96.9909667969
72,336,97.0275878906
72,339,94.2077636719
72,342,90.6921386719
72,345,87.2863769531
72,348,84.228515625
72,351,81.5734863281
72,354,79.2663574219
72,357,77.3254394531
72,360,75.6958007812
73,0,74.0112304688
73,3,72.7111816406
73,6,71.6857910156
73,9,70.9167480469
73,12,70.3857421875
73,15,70.0927734375
73,18,70.0378417969
73,21,70.2209472656
73,24,70.6420898438
73,27,71.3012695312
73,30,72.2351074219
73,33,73.4436035156
73,36,74.9633789062
73,39,76.8310546875
73,42,79.1198730469
73,45,81.8481445312
73,48,85.1440429688
73,51,89.1174316406
73,54,93.9331054688
73,57,99.8474121094
73,60,107.189941406
73,63,116.564941406
73,66,128.778076172
73,69,133.776855469
73,72,131.231689453
73,75,129.125976562
73,78,127.423095703
73,81,126.068115234
73,84,125.09765625
73,87,124.438476562
73,90,124.108886719
73,93,124.108886719
73,96,124.401855469
73,99,125.024414062
73,102,125.921630859
73,105,127.130126953
73,108,128.649902344
73,111,130.426025391
73,114,132.495117188
73,117,134.820556641
73,120,137.365722656
73,123,140.075683594
73,126,142.895507812
73,129,145.715332031
73,132,148.352050781
73,135,150.970458984
73,138,153.442382812
73,141,155.639648438
73,144,157.543945312
73,147,159.027099609
73,150,159.869384766
73,153,159.814453125
73,156,158.605957031
73,159,156.097412109
73,162,152.178955078
73,165,146.923828125
73,168,140.698242188
73,171,133.905029297
73,174,126.983642578
73,177,120.263671875
73,180,113.891601562
73,183,108.050537109
73,186,102.740478516
73,189,97.9797363281
73,192,93.7316894531
73,195,89.9780273438
73,198,86.6455078125
73,201,83.7158203125
73,204,81.1340332031
73,207,78.9001464844
73,210,76.9409179688
73,213,75.2563476562
73,216,73.8098144531
73,219,72.6013183594
73,222,69.2687988281
73,225,65.5517578125
73,228,62.3657226562
73,231,59.6374511719
73,234,57.275390625
73,237,55.2612304688
73,240,53.5034179688
73,243,52.001953125
73,246,50.7202148438
73,249,49.6215820312
73,252,48.7060546875
73,255,47.9553222656
73,258,47.3510742188
73,261,46.8933105469
73,264,46.5637207031
73,267,46.3623046875
73,270,46.3073730469
73,273,46.3623046875
73,276,46.5454101562
73,279,46.875
73,282,47.314453125
73,285,47.9187011719
73,288,48.6511230469
73,291,49.5483398438
73,294,50.6286621094
73,297,51.9104003906
73,300,53.3935546875
73,303,55.1147460938
73,306,57.1105957031
73,309,59.4177246094
73,312,62.0910644531
73,315,65.2038574219
73,318,68.8110351562
73,321,73.0407714844
73,324,77.9479980469
73,327,83.5693359375
73,330,89.5385742188
73,333,94.0612792969
73,336,94.482421875
73,339,91.9372558594
73,342,88.5864257812
73,345,85.3088378906
73,348,82.3608398438
73,351,79.7607421875
73,354,77.5085449219
73,357,75.6042480469
73,360,74.0112304688
74,0,72.36328125
74,3,71.0815429688
74,6,70.0561523438
74,9,69.3054199219
74,12,68.7744140625
74,15,68.4631347656
74,18,68.3898925781
74,21,68.5546875
74,24,68.9392089844
74,27,69.5617675781
74,30,70.4406738281
74,33,71.5942382812
74,36,73.0407714844
74,39,74.8168945312
74,42,76.9958496094
74,45,79.5959472656
74,48,82.7453613281
74,51,86.5173339844
74,54,91.0949707031
74,57,96.6979980469
74,60,103.656005859
74,63,112.481689453
74,66,124.035644531
74,69,135.552978516
74,72,132.989501953
74,75,130.847167969
74,78,129.107666016
74,81,127.734375
74,84,126.727294922
74,87,126.049804688
74,90,125.720214844
74,93,125.701904297
74,96,125.9765625
74,99,126.5625
74,102,127.459716797
74,105,128.649902344
74,108,130.133056641
74,111,131.909179688
74,114,133.941650391
74,117,136.212158203
74,120,138.702392578
74,123,141.320800781
74,126,144.049072266
74,129,146.649169922
74,132,149.194335938
74,135,151.629638672
74,138,153.881835938
74,141,155.895996094
74,144,157.562255859
74,147,158.734130859
74,150,159.228515625
74,153,158.807373047
74,156,157.214355469
74,159,154.39453125
74,162,150.201416016
74,165,144.781494141
74,168,138.537597656
74,171,131.817626953
74,174,125.024414062
74,177,118.450927734
74,180,112.280273438
74,183,106.585693359
74,186,101.422119141
74,189,96.7895507812
74,192,92.6513671875
74,195,88.9892578125
74,198,85.7482910156
74,201,82.8735351562
74,204,80.3649902344
74,207,78.1860351562
74,210,76.2634277344
74,213,74.6337890625
74,216,73.2238769531
74,219,70.9350585938
74,222,66.7053222656
74,225,63.1164550781
74,228,60.05859375
74,231,57.421875
74,234,55.1513671875
74,237,53.2104492188
74,240,51.5258789062
74,243,50.0793457031
74,246,48.8342285156
74,249,47.7905273438
74,252,46.9116210938
74,255,46.1791992188
74,258,45.5932617188
74,261,45.1538085938
74,264,44.8425292969
74,267,44.6594238281
74,270,44.5861816406
74,273,44.6411132812
74,276,44.82421875
74,279,45.1354980469
74,282,45.5749511719
74,285,46.142578125
74,288,46.8566894531
74,291,47.7172851562
74,294,48.7609863281
74,297,49.9877929688
74,300,51.416015625
74,303,53.0822753906
74,306,55.0048828125
74,309,57.2204589844
74,312,59.8022460938
74,315,62.8051757812
74,318,66.2841796875
74,321,70.3491210938
74,324,75.0915527344
74,327,80.56640625
74,330,86.42578125
74,333,91.1315917969
74,336,91.9555664062
74,339,89.7033691406
74,342,86.5356445312
74,345,83.3679199219
74,348,80.4931640625
74,351,77.9663085938
74,354,75.7873535156
74,357,73.9196777344
74,360,72.36328125
75,0,70.7153320312
75,3,69.4702148438
75,6,68.4631347656
75,9,67.7124023438
75,12,67.1813964844
75,15,66.8701171875
75,18,66.7785644531
75,21,66.9067382812
75,24,67.2729492188
75,27,67.8588867188
75,30,68.6828613281
75,33,69.7814941406
75,36,71.1547851562
75,39,72.8576660156
75,42,74.9267578125
75,45,77.4169921875
75,48,80.4016113281
75,51,84.0087890625
75,54,88.3483886719
75,57,93.6584472656
75,60,100.250244141
75,63,108.563232422
75,66,119.421386719
75,69,133.905029297
75,72,134.747314453
75,75,132.568359375
75,78,130.792236328
75,81,129.400634766
75,84,128.356933594
75,87,127.661132812
75,90,127.313232422
75,93,127.276611328
75,96,127.551269531
75,99,128.118896484
75,102,128.997802734
75,105,130.169677734
75,108,131.634521484
75,111,133.374023438
75,114,135.369873047
75,117,137.585449219
75,120,139.984130859
75,123,142.547607422
75,126,145.129394531
75,129,147.583007812
75,132,149.981689453
75,135,152.307128906
75,138,154.357910156
75,141,156.134033203
75,144,157.562255859
75,147,158.477783203
75,150,158.660888672
75,153,157.891845703
75,156,155.895996094
75,159,152.746582031
75,162,148.278808594
75,165,142.749023438
75,168,136.486816406
75,171,129.858398438
75,174,123.229980469
75,177,116.784667969
75,180,110.760498047
75,183,105.212402344
75,186,100.177001953
75,189,95.654296875
75,192,91.6259765625
75,195,88.0554199219
75,198,84.8876953125
75,201,82.0861816406
75,204,79.6508789062
75,207,77.490234375
75,210,75.6408691406
75,213,74.0295410156
75,216,72.65625
75,219,68.2067871094
75,222,64.1418457031
75,225,60.6811523438
75,228,57.7514648438
75,231,55.2062988281
75,234,53.02734375
75,237,51.1596679688
75,240,49.5300292969
75,243,48.1384277344
75,246,46.9482421875
75,249,45.9411621094
75,252,45.0988769531
75,255,44.4030761719
75,258,43.8354492188
75,261,43.4143066406
75,264,43.1213378906
75,267,42.9382324219
75,270,42.8649902344
75,273,42.919921875
75,276,43.1030273438
75,279,43.3959960938
75,282,43.8171386719
75,285,44.3664550781
75,288,45.0439453125
75,291,45.8862304688
75,294,46.8933105469
75,297,48.0651855469
75,300,49.4384765625
75,303,51.0314941406
75,306,52.880859375
75,309,55.0415039062
75,312,57.5134277344
75,315,60.4064941406
75,318,63.7573242188
75,321,67.67578125
75,324,72.2351074219
75,327,77.5268554688
75,330,83.2946777344
75,333,88.1652832031
75,336,89.4104003906
75,339,87.4694824219
75,342,84.4848632812
75,345,81.4636230469
75,348,78.662109375
75,351,76.2084960938
75,354,74.0661621094
75,357,72.2534179688
75,360,70.7153320312
76,0,69.1040039062
76,3,67.8771972656
76,6,66.8884277344
76,9,66.1376953125
76,12,65.6066894531
76,15,65.2954101562
76,18,65.2038574219
76,21,65.3137207031
76,24,65.6433105469
76,27,66.1926269531
76,30,66.9799804688
76,33,68.0053710938
76,36,69.3237304688
76,39,70.9533691406
76,42,72.9125976562
76,45,75.29296875
76,48,78.1494140625
76,51,81.5734863281
76,54,85.693359375
76,57,90.7287597656
76,60,96.9543457031
76,63,104.809570312
76,66,114.990234375
76,69,128.704833984
76,72,136.505126953
76,75,134.271240234
76,78,132.476806641
76,81,131.048583984
76,84,129.986572266
76,87,129.272460938
76,90,128.887939453
76,93,128.833007812
76,96,129.089355469
76,99,129.656982422
76,102,130.517578125
76,105,131.671142578
76,108,133.117675781
76,111,134.820556641
76,114,136.779785156
76,117,138.940429688
76,120,141.265869141
76,123,143.756103516
76,126,146.173095703
76,129,148.553466797
76,132,150.787353516
76,135,152.9296875
76,138,154.833984375
76,141,156.4453125
76,144,157.635498047
76,147,158.258056641
76,150,158.056640625
76,153,156.903076172
76,156,154.632568359
76,159,151.208496094
76,162,146.539306641
76,165,140.899658203
76,168,134.619140625
76,171,128.045654297
76,174,121.527099609
76,177,115.228271484
76,180,109.332275391
76,183,103.930664062
76,186,99.0051269531
76,189,94.6105957031
76,192,90.6555175781
76,195,87.158203125
76,198,84.08203125
76,201,81.3537597656
76,204,78.955078125
76,207,76.8493652344
76,210,75.0366210938
76,213,73.4619140625
76,216,70.0927734375
76,219,65.4602050781
76,222,61.5600585938
76,225,58.2641601562
76,228,55.4260253906
76,231,53.0090332031
76,234,50.9033203125
76,237,49.1088867188
76,240,47.5524902344
76,243,46.2158203125
76,246,45.0805664062
76,249,44.1101074219
76,252,43.2861328125
76,255,42.626953125
76,258,42.0959472656
76,261,41.6748046875
76,264,41.3818359375
76,267,41.2170410156
76,270,41.162109375
76,273,41.2170410156
76,276,41.3818359375
76,279,41.6564941406
76,282,42.0593261719
76,285,42.5903320312
76,288,43.2495117188
76,291,44.0551757812
76,294,45.0073242188
76,297,46.142578125
76,300,47.4609375
76,303,48.9990234375
76,306,50.7751464844
76,309,52.8442382812
76,312,55.224609375
76,315,57.9895019531
76,318,61.2121582031
76,321,64.9841308594
76,324,69.3969726562
76,327,74.5056152344
76,330,80.1635742188
76,333,85.1623535156
76,336,86.865234375
76,339,85.25390625
76,342,82.4523925781
76,345,79.5593261719
76,348,76.8493652344
76,351,74.4689941406
76,354,72.3815917969
76,357,70.60546875
76,360,69.1040039062
77,0,66.9982910156
77,3,65.8081054688
77,6,64.8376464844
77,9,64.1052246094
77,12,63.57421875
77,15,63.2629394531
77,18,63.1530761719
77,21,63.2263183594
77,24,63.5192871094
77,27,64.0319824219
77,30,64.7644042969
77,33,65.7348632812
77,36,66.9799804688
77,39,68.4997558594
77,42,70.3674316406
77,45,72.6013183594
77,48,75.2746582031
77,51,78.4973144531
77,54,82.3608398438
77,57,87.0666503906
77,60,92.87109375
77,63,100.158691406
77,66,109.552001953
77,69,122.16796875
77,72,138.189697266
77,75,135.9375
77,78,134.106445312
77,81,132.659912109
77,84,131.579589844
77,87,130.828857422
77,90,130.426025391
77,93,130.334472656
77,96,130.554199219
77,99,131.085205078
77,102,131.909179688
77,105,133.0078125
77,108,134.399414062
77,111,136.029052734
77,114,137.896728516
77,117,139.965820312
77,120,142.199707031
77,123,144.451904297
77,126,146.667480469
77,129,148.773193359
77,132,150.87890625
77,135,152.709960938
77,138,154.284667969
77,141,155.529785156
77,144,156.335449219
77,147,156.536865234
77,150,155.950927734
77,153,154.321289062
77,156,151.629638672
77,159,147.839355469
77,162,142.950439453
77,165,137.274169922
77,168,131.085205078
77,171,124.694824219
77,174,118.395996094
77,177,112.353515625
77,180,106.713867188
77,183,101.513671875
77,186,96.826171875
77,189,92.5964355469
77,192,88.8244628906
77,195,85.4736328125
77,198,82.4890136719
77,201,79.8706054688
77,204,77.5634765625
77,207,75.5493164062
77,210,73.8098144531
77,213,72.2900390625
77,216,67.1630859375
77,219,62.7319335938
77,222,58.9965820312
77,225,55.8288574219
77,228,53.1188964844
77,231,50.7934570312
77,234,48.779296875
77,237,47.0581054688
77,240,45.5749511719
77,243,44.2932128906
77,246,43.1945800781
77,249,42.2607421875
77,252,41.4916992188
77,255,40.8508300781
77,258,40.3381347656
77,261,39.9353027344
77,264,39.6606445312
77,267,39.4958496094
77,270,39.4409179688
77,273,39.4958496094
77,276,39.6423339844
77,279,39.9169921875
77,282,40.3015136719
77,285,40.8142089844
77,288,41.455078125
77,291,42.2241210938
77,294,43.1396484375
77,297,44.2199707031
77,300,45.4833984375
77,303,46.9482421875
77,306,48.6694335938
77,309,50.6286621094
77,312,52.9174804688
77,315,55.5725097656
77,318,58.6669921875
77,321,62.2924804688
77,324,66.50390625
77,327,71.4294433594
77,330,76.904296875
77,333,81.8664550781
77,336,83.8073730469
77,339,82.470703125
77,342,79.8706054688
77,345,77.0874023438
77,348,74.5056152344
77,351,72.1984863281
77,354,70.1843261719
77,357,68.4631347656
77,360,66.9982910156
78,0,64.892578125
78,3,63.720703125
78,6,62.7868652344
78,9,62.0544433594
78,12,61.5234375
78,15,61.2121582031
78,18,61.083984375
78,21,61.1572265625
78,24,61.4135742188
78,27,61.8896484375
78,30,62.5671386719
78,33,63.4826660156
78,36,64.6362304688
78,39,66.0827636719
78,42,67.822265625
78,45,69.9096679688
78,48,72.4365234375
78,51,75.4577636719
78,54,79.0832519531
78,57,83.4777832031
78,60,88.8793945312
78,63,95.6176757812
78,66,104.278564453
78,69,115.814208984
78,72,131.982421875
78,75,137.585449219
78,78,135.736083984
78,81,134.271240234
78,84,133.135986328
78,87,132.366943359
78,90,131.927490234
78,93,131.799316406
78,96,132.000732422
78,99,132.476806641
78,102,133.264160156
78,105,134.307861328
78,108,135.626220703
78,111,137.200927734
78,114,138.977050781
78,117,140.954589844
78,120,142.987060547
78,123,145.074462891
78,126,147.052001953
78,129,148.992919922
78,132,150.787353516
78,135,152.362060547
78,138,153.680419922
78,141,154.614257812
78,144,155.035400391
78,147,154.779052734
78,150,153.717041016
78,153,151.629638672
78,156,148.590087891
78,159,144.506835938
78,162,139.453125
78,165,133.740234375
78,168,127.642822266
78,171,121.453857422
78,174,115.374755859
78,177,109.552001953
78,180,104.150390625
78,183,99.169921875
78,186,94.6655273438
78,189,90.6188964844
78,192,86.9934082031
78,195,83.7707519531
78,198,80.9326171875
78,201,78.4057617188
78,204,76.1901855469
78,207,74.267578125
78,210,72.5830078125
78,213,69.3420410156
78,216,64.2333984375
78,219,60.0036621094
78,222,56.4331054688
78,225,53.3935546875
78,228,50.7934570312
78,231,48.5778808594
78,234,46.6552734375
78,237,45.0073242188
78,240,43.5791015625
78,243,42.3522949219
78,246,41.30859375
78,249,40.4296875
78,252,39.6789550781
78,255,39.0563964844
78,258,38.5803222656
78,261,38.1958007812
78,264,37.939453125
78,267,37.7746582031
78,270,37.7197265625
78,273,37.7746582031
78,276,37.9211425781
78,279,38.1774902344
78,282,38.5437011719
78,285,39.0380859375
78,288,39.6423339844
78,291,40.3747558594
78,294,41.2536621094
78,297,42.2973632812
78,300,43.505859375
78,303,44.9157714844
78,306,46.5454101562
78,309,48.4313964844
78,312,50.6286621094
78,315,53.173828125
78,318,56.1218261719
78,321,59.5825195312
78,324,63.6291503906
78,327,68.3349609375
78,330,73.6267089844
78,333,78.5339355469
78,336,80.712890625
78,339,79.6325683594
78,342,77.2338867188
78,345,74.6154785156
78,348,72.1435546875
78,351,69.9096679688
78,354,67.96875
78,357,66.3024902344
78,360,64.892578125
79,0,62.7868652344
79,3,61.6516113281
79,6,60.7360839844
79,9,60.0219726562
79,12,59.5092773438
79,15,59.1979980469
79,18,59.0515136719
79,21,59.1064453125
79,24,59.3444824219
79,27,59.765625
79,30,60.4064941406
79,33,61.2487792969
79,36,62.3474121094
79,39,63.7023925781
79,42,65.33203125
79,45,67.3095703125
79,48,69.6716308594
79,51,72.509765625
79,54,75.8972167969
79,57,80.0170898438
79,60,85.0341796875
79,63,91.2780761719
79,66,99.2614746094
79,69,109.790039062
79,72,124.475097656
79,75,139.233398438
79,78,137.365722656
79,81,135.864257812
79,84,134.692382812
79,87,133.88671875
79,90,133.410644531
79,93,133.264160156
79,96,133.410644531
79,99,133.850097656
79,102,134.582519531
79,105,135.589599609
79,108,136.853027344
79,111,138.336181641
79,114,140.0390625
79,117,141.851806641
79,120,143.756103516
79,123,145.623779297
79,126,147.418212891
79,129,149.157714844
79,132,150.714111328
79,135,152.032470703
79,138,153.039550781
79,141,153.643798828
79,144,153.735351562
79,147,153.057861328
79,150,151.574707031
79,153,149.102783203
79,156,145.715332031
79,159,141.357421875
79,162,136.193847656
79,165,130.480957031
79,168,124.475097656
79,171,118.432617188
79,174,112.554931641
79,177,106.951904297
79,180,101.733398438
79,183,96.97265625
79,186,92.6330566406
79,189,88.7329101562
79,192,85.25390625
79,195,82.1594238281
79,198,79.4311523438
79,201,76.9958496094
79,204,74.8718261719
79,207,73.0041503906
79,210,71.3928222656
79,213,66.1743164062
79,216,61.3220214844
79,219,57.2570800781
79,222,53.8513183594
79,225,50.9582519531
79,228,48.486328125
79,231,46.3623046875
79,234,44.53125
79,237,42.9565429688
79,240,41.6015625
79,243,40.4296875
79,246,39.4226074219
79,249,38.5803222656
79,252,37.8662109375
79,255,37.2802734375
79,258,36.8225097656
79,261,36.4562988281
79,264,36.1999511719
79,267,36.0534667969
79,270,35.9985351562
79,273,36.0534667969
79,276,36.1999511719
79,279,36.4379882812
79,282,36.8041992188
79,285,37.2619628906
79,288,37.8295898438
79,291,38.5437011719
79,294,39.3859863281
79,297,40.3747558594
79,300,41.5283203125
79,303,42.8649902344
79,306,44.4213867188
79,309,46.2341308594
79,312,48.3215332031
79,315,50.7568359375
79,318,53.5766601562
79,321,56.8725585938
79,324,60.7360839844
79,327,65.2587890625
79,330,70.3491210938
79,333,75.2197265625
79,336,77.6184082031
79,339,76.8310546875
79,342,74.6337890625
79,345,72.1435546875
79,348,69.7814941406
79,351,67.6574707031
79,354,65.771484375
79,357,64.16015625
79,360,62.7868652344
80,0,60.7177734375
80,3,59.619140625
80,6,58.7219238281
80,9,58.0261230469
80,12,57.5317382812
80,15,57.2021484375
80,18,57.0556640625
80,21,57.0739746094
80,24,57.2937011719
80,27,57.6965332031
80,30,58.2824707031
80,33,59.0881347656
80,36,60.0952148438
80,39,61.376953125
80,42,62.9150390625
80,45,64.7644042969
80,48,66.9799804688
80,51,69.6350097656
80,54,72.8210449219
80,57,76.6662597656
80,60,81.3354492188
80,63,87.1215820312
80,66,94.4641113281
80,69,104.077148438
80,72,117.370605469
80,75,136.962890625
80,78,138.995361328
80,81,137.438964844
80,84,136.248779297
80,87,135.388183594
80,90,134.875488281
80,93,134.692382812
80,96,134.802246094
80,99,135.205078125
80,102,135.900878906
80,105,136.834716797
80,108,138.024902344
80,111,139.434814453
80,114,141.009521484
80,117,142.712402344
80,120,144.470214844
80,123,146.099853516
80,126,147.747802734
80,129,149.285888672
80,132,150.640869141
80,135,151.666259766
80,138,152.380371094
80,141,152.673339844
80,144,152.380371094
80,147,151.318359375
80,150,149.450683594
80,153,146.630859375
80,156,142.96875
80,159,138.391113281
80,162,133.117675781
80,165,127.404785156
80,168,121.490478516
80,171,115.631103516
80,174,109.918212891
80,177,104.498291016
80,180,99.4812011719
80,183,94.8669433594
80,186,90.7104492188
80,189,86.9567871094
80,192,83.6059570312
80,195,80.6213378906
80,198,77.9846191406
80,201,75.6591796875
80,204,73.6083984375
80,207,71.8139648438
80,210,68.6462402344
80,213,63.0065917969
80,216,58.3923339844
80,219,54.5288085938
80,222,51.2878417969
80,225,48.5229492188
80,228,46.1608886719
80,231,44.1467285156
80,234,42.4072265625
80,237,40.9057617188
80,240,39.6057128906
80,243,38.4887695312
80,246,37.5549316406
80,249,36.7309570312
80,252,36.0534667969
80,255,35.5041503906
80,258,35.0646972656
80,261,34.716796875
80,264,34.4787597656
80,267,34.3322753906
80,270,34.27734375
80,273,34.3322753906
80,276,34.4787597656
80,279,34.6984863281
80,282,35.0463867188
80,285,35.4858398438
80,288,36.03515625
80,291,36.6943359375
80,294,37.5
80,297,38.4521484375
80,300,39.55078125
80,303,40.8325195312
80,306,42.3156738281
80,309,44.0368652344
80,312,46.0144042969
80,315,48.33984375
80,318,51.0314941406
80,321,54.1809082031
80,324,57.861328125
80,327,62.1826171875
80,330,67.08984375
80,333,71.8872070312
80,336,74.5056152344
80,339,74.0112304688
80,342,72.0336914062
80,345,69.6899414062
80,348,67.4560546875
80,351,65.4052734375
80,354,63.6108398438
80,357,62.0544433594
80,360,60.7177734375
81,0,58.6669921875
81,3,57.6049804688
81,6,56.7443847656
81,9,56.0485839844
81,12,55.5541992188
81,15,55.2429199219
81,18,55.078125
81,21,55.0964355469
81,24,55.2795410156
81,27,55.6457519531
81,30,56.1950683594
81,33,56.9458007812
81,36,57.8979492188
81,39,59.0881347656
81,42,60.5346679688
81,45,62.2924804688
81,48,64.3615722656
81,51,66.8518066406
81,54,69.8364257812
81,57,73.4252929688
81,60,77.7648925781
81,63,83.1298828125
81,66,89.8864746094
81,69,98.6755371094
81,72,110.668945312
81,75,128.283691406
81,78,140.606689453
81,81,139.013671875
81,84,137.768554688
81,87,136.889648438
81,90,136.340332031
81,93,136.102294922
81,96,136.175537109
81,99,136.5234375
81,102,137.164306641
81,105,138.043212891
81,108,139.16015625
81,111,140.478515625
81,114,141.961669922
81,117,143.5546875
81,120,145.074462891
81,123,146.575927734
81,126,148.095703125
81,129,149.395751953
81,132,150.476074219
81,135,151.318359375
81,138,151.794433594
81,141,151.7578125
81,144,151.080322266
81,147,149.670410156
81,150,147.381591797
81,153,144.268798828
81,156,140.33203125
81,159,135.571289062
81,162,130.242919922
81,165,124.530029297
81,168,118.707275391
81,171,112.976074219
81,174,107.446289062
81,177,102.191162109
81,180,97.3388671875
81,183,92.8894042969
81,186,88.8793945312
81,189,85.25390625
81,192,82.03125
81,195,79.1564941406
81,198,76.611328125
81,201,74.3591308594
81,204,72.3815917969
81,207,70.6420898438
81,210,65.2038574219
81,213,59.8571777344
81,216,55.4626464844
81,219,51.8005371094
81,222,48.7060546875
81,225,46.0876464844
81,228,43.8537597656
81,231,41.9311523438
81,234,40.283203125
81,237,38.8549804688
81,240,37.6281738281
81,243,36.5661621094
81,246,35.6689453125
81,249,34.8999023438
81,252,34.2590332031
81,255,33.7280273438
81,258,33.3068847656
81,261,32.9772949219
81,264,32.7575683594
81,267,32.6110839844
81,270,32.5744628906
81,273,32.6110839844
81,276,32.7392578125
81,279,32.958984375
81,282,33.2885742188
81,285,33.7097167969
81,288,34.2224121094
81,291,34.86328125
81,294,35.6323242188
81,297,36.5295410156
81,300,37.5732421875
81,303,38.7817382812
81,306,40.1916503906
81,309,41.8212890625
81,312,43.7255859375
81,315,45.9228515625
81,318,48.486328125
81,321,51.4709472656
81,324,54.9865722656
81,327,59.0881347656
81,330,63.7939453125
81,333,68.5363769531
81,336,71.3928222656
81,339,71.2097167969
81,342,69.43359375
81,345,67.2729492188
81,348,65.1306152344
81,351,63.1713867188
81,354,61.4501953125
81,357,59.9487304688
81,360,58.6669921875
82,0,56.5612792969
82,3,55.5358886719
82,6,54.6936035156
82,9,54.0344238281
82,12,53.5400390625
82,15,53.2104492188
82,18,53.0639648438
82,21,53.0639648438
82,24,53.2287597656
82,27,53.5766601562
82,30,54.0710449219
82,33,54.7668457031
82,36,55.6640625
82,39,56.7810058594
82,42,58.1359863281
82,45,59.765625
82,48,61.7248535156
82,51,64.0502929688
82,54,66.8334960938
82,57,70.166015625
82,60,74.2126464844
82,63,79.1748046875
82,66,85.3820800781
82,69,93.3837890625
82,72,104.168701172
82,75,119.769287109
82,78,142.181396484
82,81,140.533447266
82,84,139.270019531
82,87,138.354492188
82,90,137.750244141
82,93,137.493896484
82,96,137.493896484
82,99,137.805175781
82,102,138.372802734
82,105,139.178466797
82,108,140.222167969
82,111,141.448974609
82,114,142.822265625
82,117,144.195556641
82,120,145.532226562
82,123,146.960449219
82,126,148.187255859
82,129,149.304199219
82,132,150.146484375
82,135,150.677490234
82,138,150.823974609
82,141,150.457763672
82,144,149.4140625
82,147,147.637939453
82,150,145.001220703
82,153,141.595458984
82,156,137.40234375
82,159,132.476806641
82,162,127.093505859
82,165,121.453857422
82,168,115.759277344
82,171,110.15625
82,174,104.772949219
82,177,99.7192382812
82,180,95.0317382812
82,183,90.7653808594
82,186,86.9018554688
82,189,83.4228515625
82,192,80.3283691406
82,195,77.5634765625
82,198,75.1098632812
82,201,72.9309082031
82,204,71.0266113281
82,207,68.0236816406
82,210,61.7614746094
82,213,56.689453125
82,216,52.5329589844
82,219,49.0539550781
82,222,46.142578125
82,225,43.65234375
82,228,41.5466308594
82,231,39.7155761719
82,234,38.1591796875
82,237,36.8041992188
82,240,35.6323242188
82,243,34.6435546875
82,246,33.7829589844
82,249,33.0505371094
82,252,32.4462890625
82,255,31.9519042969
82,258,31.5490722656
82,261,31.2377929688
82,264,31.0180664062
82,267,30.8898925781
82,270,30.8532714844
82,273,30.8898925781
82,276,31.0180664062
82,279,31.2194824219
82,282,31.5307617188
82,285,31.93359375
82,288,32.4279785156
82,291,33.0322265625
82,294,33.7463378906
82,297,34.5886230469
82,300,35.595703125
82,303,36.7492675781
82,306,38.0859375
82,309,39.6240234375
82,312,41.4184570312
82,315,43.505859375
82,318,45.9411621094
82,321,48.779296875
82,324,52.1118164062
82,327,56.0119628906
82,330,60.498046875
82,333,65.1489257812
82,336,68.1884765625
82,339,68.3166503906
82,342,66.7785644531
82,345,64.7644042969
82,348,62.7502441406
82,351,60.8825683594
82,354,59.2346191406
82,357,57.7880859375
82,360,56.5612792969
83,0,54.0710449219
83,3,53.0822753906
83,6,52.2766113281
83,9,51.6357421875
83,12,51.1596679688
83,15,50.830078125
83,18,50.6652832031
83,21,50.6652832031
83,24,50.8117675781
83,27,51.1047363281
83,30,51.5808105469
83,33,52.2216796875
83,36,53.0456542969
83,39,54.0710449219
83,42,55.3344726562
83,45,56.8359375
83,48,58.6486816406
83,51,60.8093261719
83,54,63.3728027344
83,57,66.4306640625
83,60,70.1293945312
83,63,74.6520996094
83,66,80.2734375
83,69,87.451171875
83,72,96.9909667969
83,75,110.504150391
83,78,131.854248047
83,81,141.906738281
83,84,140.625
83,87,139.691162109
83,90,139.050292969
83,93,138.702392578
83,96,138.647460938
83,99,138.8671875
83,102,139.324951172
83,105,140.0390625
83,108,140.91796875
83,111,141.961669922
83,114,143.096923828
83,117,144.213867188
83,120,145.330810547
83,123,146.447753906
83,126,147.399902344
83,129,148.187255859
83,132,148.626708984
83,135,148.773193359
83,138,148.498535156
83,141,147.637939453
83,144,146.081542969
83,147,143.811035156
83,150,140.753173828
83,153,136.981201172
83,156,132.550048828
83,159,127.532958984
83,162,122.16796875
83,165,116.638183594
83,168,111.145019531
83,171,105.798339844
83,174,100.689697266
83,177,95.9106445312
83,180,91.4978027344
83,183,87.4694824219
83,186,83.8256835938
83,189,80.56640625
83,192,77.63671875
83,195,75.0366210938
83,198,72.7294921875
83,201,70.6970214844
83,204,68.9025878906
83,207,64.2333984375
83,210,58.3190917969
83,213,53.5217285156
83,216,49.6032714844
83,219,46.3256835938
83,222,43.5607910156
83,225,41.2170410156
83,228,39.2211914062
83,231,37.5
83,234,36.0168457031
83,237,34.7534179688
83,240,33.6547851562
83,243,32.7026367188
83,246,31.8969726562
83,249,31.2194824219
83,252,30.6335449219
83,255,30.1574707031
83,258,29.7912597656
83,261,29.4982910156
83,264,29.296875
83,267,29.1687011719
83,270,29.1320800781
83,273,29.1687011719
83,276,29.2785644531
83,279,29.4799804688
83,282,29.7729492188
83,285,30.1391601562
83,288,30.615234375
83,291,31.1828613281
83,294,31.8603515625
83,297,32.666015625
83,300,33.5998535156
83,303,34.6984863281
83,306,35.9619140625
83,309,37.4267578125
83,312,39.111328125
83,315,41.0888671875
83,318,43.3776855469
83,321,46.0510253906
83,324,49.2004394531
83,327,52.8991699219
83,330,57.1472167969
83,333,61.5966796875
83,336,64.6728515625
83,339,65.0024414062
83,342,63.6657714844
83,345,61.81640625
83,348,59.9304199219
83,351,58.1726074219
83,354,56.6162109375
83,357,55.2429199219
83,360,54.0710449219
84,0,51.5808105469
84,3,50.6286621094
84,6,49.8596191406
84,9,49.2553710938
84,12,48.7976074219
84,15,48.4680175781
84,18,48.3032226562
84,21,48.2849121094
84,24,48.4130859375
84,27,48.6877441406
84,30,49.1088867188
84,33,49.6948242188
84,36,50.4638671875
84,39,51.416015625
84,42,52.587890625
84,45,53.9794921875
84,48,55.6457519531
84,51,57.6416015625
84,54,60.0036621094
84,57,62.8234863281
84,60,66.2109375
84,63,70.3308105469
84,66,75.4028320312
84,69,81.8481445312
84,72,90.2893066406
84,75,102.026367188
84,78,119.952392578
84,81,143.280029297
84,84,141.979980469
84,87,141.009521484
84,90,140.295410156
84,93,139.874267578
84,96,139.74609375
84,99,139.855957031
84,102,140.222167969
84,105,140.789794922
84,108,141.522216797
84,111,142.3828125
84,114,143.280029297
84,117,144.140625
84,120,145.056152344
84,123,145.8984375
84,126,146.539306641
84,129,146.960449219
84,132,147.106933594
84,135,146.868896484
84,138,146.136474609
84,141,144.799804688
84,144,142.803955078
84,147,140.057373047
84,150,136.651611328
84,153,132.604980469
84,156,127.935791016
84,159,122.845458984
84,162,117.535400391
84,165,112.152099609
84,168,106.823730469
84,171,101.696777344
84,174,96.8444824219
84,177,92.3034667969
84,180,88.1469726562
84,183,84.3566894531
84,186,80.9143066406
84,189,77.8381347656
84,192,75.0915527344
84,195,72.6379394531
84,198,70.458984375
84,201,68.5363769531
84,204,66.8518066406
84,207,60.4248046875
84,210,54.8767089844
84,213,50.3723144531
84,216,46.6735839844
84,219,43.5791015625
84,222,40.9973144531
84,225,38.7817382812
84,228,36.8957519531
84,231,35.2844238281
84,234,33.8928222656
84,237,32.7026367188
84,240,31.6589355469
84,243,30.7800292969
84,246,30.0109863281
84,249,29.3701171875
84,252,28.8208007812
84,255,28.3813476562
84,258,28.0334472656
84,261,27.7587890625
84,264,27.5573730469
84,267,27.4475097656
84,270,27.4108886719
84,273,27.4475097656
84,276,27.5573730469
84,279,27.7404785156
84,282,28.0151367188
84,285,28.3630371094
84,288,28.8024902344
84,291,29.3518066406
84,294,29.9926757812
84,297,30.7434082031
84,300,31.6223144531
84,303,32.6477050781
84,306,33.837890625
84,309,35.2111816406
84,312,36.8041992188
84,315,38.6535644531
84,318,40.8142089844
84,321,43.3410644531
84,324,46.3073730469
84,327,49.7863769531
84,330,53.7963867188
84,333,58.0627441406
84,336,61.1572265625
84,339,61.7065429688
84,342,60.5712890625
84,345,58.88671875
84,348,57.12890625
84,351,55.4809570312
84,354,53.9978027344
84,357,52.6977539062
84,360,51.5808105469
85,0,49.1088867188
85,3,48.2116699219
85,6,47.4792480469
85,9,46.8933105469
85,12,46.435546875
85,15,46.142578125
85,18,45.9777832031
85,21,45.9411621094
85,24,46.0510253906
85,27,46.2890625
85,30,46.6918945312
85,33,47.2229003906
85,36,47.9370117188
85,39,48.8159179688
85,42,49.8779296875
85,45,51.1779785156
85,48,52.7160644531
85,51,54.5471191406
85,54,56.7260742188
85,57,59.326171875
85,60,62.4206542969
85,63,66.1743164062
85,66,70.7702636719
85,69,76.5563964844
85,72,84.0454101562
85,75,94.2260742188
85,78,109.332275391
85,81,135.791015625
85,84,143.334960938
85,87,142.309570312
85,90,141.50390625
85,93,141.009521484
85,96,140.789794922
85,99,140.808105469
85,102,141.046142578
85,105,141.50390625
85,108,142.071533203
85,111,142.694091797
85,114,143.334960938
85,117,144.049072266
85,120,144.7265625
85,123,145.257568359
85,126,145.623779297
85,129,145.733642578
85,132,145.495605469
85,135,144.891357422
85,138,143.756103516
85,141,141.961669922
85,144,139.544677734
85,147,136.413574219
85,150,132.678222656
85,153,128.338623047
85,156,123.541259766
85,159,118.432617188
85,162,113.195800781
85,165,107.922363281
85,168,102.777099609
85,171,97.8698730469
85,174,93.2373046875
85,177,88.9343261719
85,180,84.9792480469
85,183,81.3903808594
85,186,78.1494140625
85,189,75.2380371094
85,192,72.6379394531
85,195,70.3125
85,198,68.26171875
85,201,66.4489746094
85,204,63.2263183594
85,207,56.6345214844
85,210,51.416015625
85,213,47.2045898438
85,216,43.7438964844
85,219,40.8508300781
85,222,38.4155273438
85,225,36.3464355469
85,228,34.5886230469
85,231,33.0688476562
85,234,31.7687988281
85,237,30.6518554688
85,240,29.6813964844
85,243,28.8391113281
85,246,28.125
85,249,27.5207519531
85,252,27.0080566406
85,255,26.6052246094
85,258,26.2756347656
85,261,26.0192871094
85,264,25.8361816406
85,267,25.7263183594
85,270,25.6896972656
85,273,25.7263183594
85,276,25.8361816406
85,279,26.0009765625
85,282,26.2573242188
85,285,26.5869140625
85,288,27.0080566406
85,291,27.5024414062
85,294,28.1066894531
85,297,28.8024902344
85,300,29.6447753906
85,303,30.5969238281
85,306,31.7138671875
85,309,32.9956054688
85,312,34.4970703125
85,315,36.2365722656
85,318,38.2690429688
85,321,40.6311035156
85,324,43.4143066406
85,327,46.6735839844
85,330,50.4455566406
85,333,54.5288085938
85,336,57.6232910156
85,339,58.3923339844
85,342,57.4768066406
85,345,55.95703125
85,348,54.3273925781
85,351,52.7893066406
85,354,51.3977050781
85,357,50.1708984375
85,360,49.1088867188
86,0,46.6552734375
86,3,45.8129882812
86,6,45.0988769531
86,9,44.5495605469
86,12,44.1284179688
86,15,43.8354492188
86,18,43.6706542969
86,21,43.6340332031
86,24,43.7072753906
86,27,43.9453125
86,30,44.2932128906
86,33,44.7875976562
86,36,45.4284667969
86,39,46.2524414062
86,42,47.2412109375
86,45,48.4313964844
86,48,49.8596191406
86,51,51.5441894531
86,54,53.5583496094
86,57,55.9387207031
86,60,58.7585449219
86,63,62.1826171875
86,66,66.357421875
86,69,71.5393066406
86,72,78.1860351562
86,75,87.0849609375
86,78,99.8474121094
86,81,120.99609375
86,84,144.671630859
86,87,143.536376953
86,90,142.657470703
86,93,142.071533203
86,96,141.760253906
86,99,141.668701172
86,102,141.796875
86,105,142.071533203
86,108,142.474365234
86,111,142.895507812
86,114,143.408203125
86,117,143.902587891
86,120,144.305419922
86,123,144.616699219
86,126,144.653320312
86,129,144.43359375
86,132,143.920898438
86,135,142.913818359
86,138,141.320800781
86,141,139.141845703
86,144,136.285400391
86,147,132.824707031
86,150,128.778076172
86,153,124.255371094
86,156,119.366455078
86,159,114.2578125
86,162,109.057617188
86,165,103.930664062
86,168,98.9685058594
86,171,94.2443847656
86,174,89.8132324219
86,177,85.7116699219
86,180,81.9763183594
86,183,78.5705566406
86,186,75.4943847656
86,189,72.7478027344
86,192,70.2941894531
86,195,68.0969238281
86,198,66.1560058594
86,201,64.4348144531
86,204,58.9965820312
86,207,52.8442382812
86,210,47.9736328125
86,213,44.0368652344
86,216,40.8142089844
86,219,38.1042480469
86,222,35.8520507812
86,225,33.9111328125
86,228,32.2631835938
86,231,30.8532714844
86,234,29.6447753906
86,237,28.5827636719
86,240,27.685546875
86,243,26.9165039062
86,246,26.2390136719
86,249,25.6713867188
86,252,25.2136230469
86,255,24.8107910156
86,258,24.4995117188
86,261,24.2614746094
86,264,24.0966796875
86,267,24.0051269531
86,270,23.9685058594
86,273,24.0051269531
86,276,24.0966796875
86,279,24.2614746094
86,282,24.4995117188
86,285,24.8107910156
86,288,25.1953125
86,291,25.6713867188
86,294,26.220703125
86,297,26.8798828125
86,300,27.6489257812
86,303,28.5461425781
86,306,29.58984375
86,309,30.7983398438
86,312,32.1899414062
86,315,33.8195800781
86,318,35.7055664062
86,321,37.9211425781
86,324,40.5212402344
86,327,43.5607910156
86,330,47.1130371094
86,333,50.9765625
86,336,54.0893554688
86,339,55.078125
86,342,54.3823242188
86,345,53.02734375
86,348,51.5441894531
86,351,50.1159667969
86,354,48.8159179688
86,357,47.6623535156
86,360,46.6552734375
87,0,44.2199707031
87,3,43.4143066406
87,6,42.7551269531
87,9,42.2241210938
87,12,41.8212890625
87,15,41.5283203125
87,18,41.3635253906
87,21,41.3269042969
87,24,41.4001464844
87,27,41.6015625
87,30,41.9311523438
87,33,42.3889160156
87,36,42.9748535156
87,39,43.7255859375
87,42,44.6411132812
87,45,45.7580566406
87,48,47.0581054688
87,51,48.6145019531
87,54,50.4638671875
87,57,52.6428222656
87,60,55.224609375
87,63,58.3374023438
87,66,62.1276855469
87,69,66.7785644531
87,72,72.6928710938
87,75,80.4748535156
87,78,91.3513183594
87,81,108.416748047
87,84,143.756103516
87,87,144.763183594
87,90,143.792724609
87,93,143.115234375
87,96,142.694091797
87,99,142.492675781
87,102,142.492675781
87,105,142.620849609
87,108,142.840576172
87,111,143.096923828
87,114,143.389892578
87,117,143.682861328
87,120,143.884277344
87,123,143.84765625
87,126,143.646240234
87,129,143.170166016
87,132,142.254638672
87,135,140.844726562
87,138,138.848876953
87,141,136.267089844
87,144,133.044433594
87,147,129.309082031
87,150,125.024414062
87,153,120.336914062
87,156,115.356445312
87,159,110.266113281
87,162,105.17578125
87,165,100.158691406
87,168,95.3430175781
87,171,90.8020019531
87,174,86.572265625
87,177,82.6721191406
87,180,79.1015625
87,183,75.87890625
87,186,72.9675292969
87,189,70.3491210938
87,192,68.0236816406
87,195,65.9545898438
87,198,64.1052246094
87,201,62.1459960938
87,204,54.7485351562
87,207,49.0539550781
87,210,44.53125
87,213,40.8874511719
87,216,37.8845214844
87,219,35.3759765625
87,222,33.2702636719
87,225,31.4758300781
87,228,29.9560546875
87,231,28.6376953125
87,234,27.5207519531
87,237,26.5319824219
87,240,25.7080078125
87,243,24.9755859375
87,246,24.3530273438
87,249,23.8403320312
87,252,23.4008789062
87,255,23.0346679688
87,258,22.7416992188
87,261,22.5219726562
87,264,22.3754882812
87,267,22.2839355469
87,270,22.2473144531
87,273,22.2839355469
87,276,22.3754882812
87,279,22.5219726562
87,282,22.7416992188
87,285,23.0346679688
87,288,23.3825683594
87,291,23.8220214844
87,294,24.3347167969
87,297,24.9572753906
87,300,25.6713867188
87,303,26.513671875
87,306,27.4658203125
87,309,28.5827636719
87,312,29.8828125
87,315,31.4025878906
87,318,33.1604003906
87,321,35.2111816406
87,324,37.6281738281
87,327,40.4479980469
87,330,43.7622070312
87,333,47.4243164062
87,336,50.537109375
87,339,51.7456054688
87,342,51.26953125
87,345,50.1159667969
87,348,48.7609863281
87,351,47.4609375
87,354,46.2341308594
87,357,45.1538085938
87,360,44.2199707031
88,0,41.30859375
88,3,40.5578613281
88,6,39.9353027344
88,9,39.4409179688
88,12,39.0563964844
88,15,38.8000488281
88,18,38.6352539062
88,21,38.5803222656
88,24,38.6535644531
88,27,38.818359375
88,30,39.111328125
88,33,39.5324707031
88,36,40.0634765625
88,39,40.7409667969
88,42,41.5649414062
88,45,42.5720214844
88,48,43.7622070312
88,51,45.1721191406
88,54,46.8200683594
88,57,48.779296875
88,60,51.1047363281
88,63,53.8879394531
88,66,57.2387695312
88,69,61.3403320312
88,72,66.4672851562
88,75,73.1140136719
88,78,82.1594238281
88,81,95.6176757812
88,84,120.098876953
88,87,145.367431641
88,90,144.415283203
88,93,143.719482422
88,96,143.170166016
88,99,142.803955078
88,102,142.547607422
88,105,142.364501953
88,108,142.291259766
88,111,142.272949219
88,114,142.236328125
88,117,142.126464844
88,120,141.888427734
88,123,141.430664062
88,126,140.716552734
88,129,139.709472656
88,132,138.226318359
88,135,136.212158203
88,138,133.630371094
88,141,130.462646484
88,144,126.800537109
88,147,122.680664062
88,150,118.121337891
88,153,113.305664062
88,156,108.343505859
88,159,103.381347656
88,162,98.4741210938
88,165,93.7316894531
88,168,89.2272949219
88,171,85.0158691406
88,174,81.0974121094
88,177,77.5268554688
88,180,74.2492675781
88,183,71.3012695312
88,186,68.6645507812
88,189,66.2841796875
88,192,64.16015625
88,195,62.2741699219
88,198,60.5895996094
88,201,57.3486328125
88,204,50.5187988281
88,207,45.263671875
88,210,41.0888671875
88,213,37.7197265625
88,216,34.9548339844
88,219,32.6477050781
88,222,30.6884765625
88,225,29.0405273438
88,228,27.6306152344
88,231,26.4221191406
88,234,25.3784179688
88,237,24.4812011719
88,240,23.7121582031
88,243,23.0529785156
88,246,22.4670410156
88,249,21.9909667969
88,252,21.5881347656
88,255,21.2585449219
88,258,20.9838867188
88,261,20.7824707031
88,264,20.6359863281
88,267,20.5627441406
88,270,20.5261230469
88,273,20.5627441406
88,276,20.6359863281
88,279,20.7824707031
88,282,20.9838867188
88,285,21.240234375
88,288,21.5698242188
88,291,21.97265625
88,294,22.4670410156
88,297,23.0163574219
88,300,23.6938476562
88,303,24.462890625
88,306,25.341796875
88,309,26.3854980469
88,312,27.5756835938
88,315,28.9672851562
88,318,30.5969238281
88,321,32.4829101562
88,324,34.716796875
88,327,37.3352050781
88,330,40.3747558594
88,333,43.7805175781
88,336,46.7468261719
88,339,48.0285644531
88,342,47.6989746094
88,345,46.6918945312
88,348,45.4833984375
88,351,44.2932128906
88,354,43.1762695312
88,357,42.1875
88,360,41.30859375
89,0,38.4155273438
89,3,37.7197265625
89,6,37.1520996094
89,9,36.6760253906
89,12,36.328125
89,15,36.0717773438
89,18,35.9252929688
89,21,35.8703613281
89,24,35.9252929688
89,27,36.0717773438
89,30,36.328125
89,33,36.6943359375
89,36,37.1887207031
89,39,37.79296875
89,42,38.5437011719
89,45,39.4409179688
89,48,40.5212402344
89,51,41.7846679688
89,54,43.2861328125
89,57,45.0439453125
89,60,47.1130371094
89,63,49.5849609375
89,66,52.5512695312
89,69,56.1584472656
89,72,60.6262207031
89,75,66.3208007812
89,78,73.9013671875
89,81,84.6862792969
89,84,102.392578125
89,87,145.953369141
89,90,145.01953125
89,93,144.250488281
89,96,143.572998047
89,99,142.950439453
89,102,142.401123047
89,105,141.961669922
89,108,141.613769531
89,111,141.284179688
89,114,140.899658203
89,117,140.386962891
89,120,139.727783203
89,123,138.848876953
89,126,137.658691406
89,129,136.102294922
89,132,134.051513672
89,135,131.433105469
89,138,128.338623047
89,141,124.694824219
89,144,120.648193359
89,147,116.198730469
89,150,111.474609375
89,153,106.604003906
89,156,101.715087891
89,159,96.8811035156
89,162,92.1936035156
89,165,87.7075195312
89,168,83.49609375
89,171,79.5776367188
89,174,75.9704589844
89,177,72.65625
89,180,69.6716308594
89,183,66.9799804688
89,186,64.5446777344
89,189,62.3840332031
89,192,60.4431152344
89,195,58.740234375
89,198,57.2204589844
89,201,52.5329589844
89,204,46.2890625
89,207,41.455078125
89,210,37.646484375
89,213,34.5520019531
89,216,32.0251464844
89,219,29.9011230469
89,222,28.125
89,225,26.6052246094
89,228,25.3234863281
89,231,24.2065429688
89,234,23.2543945312
89,237,22.4304199219
89,240,21.7163085938
89,243,21.1120605469
89,246,20.5993652344
89,249,20.1416015625
89,252,19.775390625
89,255,19.4641113281
89,258,19.2260742188
89,261,19.04296875
89,264,18.9147949219
89,267,18.8415527344
89,270,18.8049316406
89,273,18.8232421875
89,276,18.9147949219
89,279,19.04296875
89,282,19.2260742188
89,285,19.4641113281
89,288,19.775390625
89,291,20.1416015625
89,294,20.5810546875
89,297,21.09375
89,300,21.6979980469
89,303,22.412109375
89,306,23.2177734375
89,309,24.169921875
89,312,25.2685546875
89,315,26.5319824219
89,318,28.0334472656
89,321,29.7729492188
89,324,31.8054199219
89,327,34.2041015625
89,330,37.0056152344
89,333,40.13671875
89,336,42.9565429688
89,339,44.2749023438
89,342,44.1284179688
89,345,43.2861328125
89,348,42.2058105469
89,351,41.1254882812
89,354,40.1184082031
89,357,39.2028808594
89,360,38.4155273438
90,0,35.5224609375
90,3,34.8815917969
90,6,34.3688964844
90,9,33.9294433594
90,12,33.5998535156
90,15,33.3618164062
90,18,33.2153320312
90,21,33.1787109375
90,24,33.2153320312
90,27,33.3435058594
90,30,33.5815429688
90,33,33.9111328125
90,36,34.3505859375
90,39,34.8999023438
90,42,35.5773925781
90,45,36.3830566406
90,48,37.353515625
90,51,38.4887695312
90,54,39.8254394531
90,57,41.4001464844
90,60,43.2678222656
90,63,45.4467773438
90,66,48.0834960938
90,69,51.2512207031
90,72,55.1330566406
90,75,60.0219726562
90,78,66.3940429688
90,81,75.146484375
90,84,88.5131835938
90,87,115.13671875
90,90,145.60546875
90,93,144.744873047
90,96,143.774414062
90,99,142.877197266
90,102,142.08984375
90,105,141.430664062
90,108,140.808105469
90,111,140.130615234
90,114,139.361572266
90,117,138.500976562
90,120,137.438964844
90,123,136.102294922
90,126,134.454345703
90,129,132.330322266
90,132,129.711914062
90,135,126.580810547
90,138,122.991943359
90,141,118.963623047
90,144,114.605712891
90,147,109.899902344
90,150,105.084228516
90,153,100.213623047
90,156,95.4162597656
90,159,90.7470703125
90,162,86.2609863281
90,165,82.03125
90,168,78.0944824219
90,171,74.4506835938
90,174,71.0998535156
90,177,68.0603027344
90,180,65.33203125
90,183,62.8601074219
90,186,60.64453125
90,189,58.6486816406
90,192,56.8908691406
90,195,55.3344726562
90,198,53.9428710938
90,201,47.7355957031
90,204,42.0593261719
90,207,37.6647949219
90,210,34.2041015625
90,213,31.4025878906
90,216,29.0954589844
90,219,27.1728515625
90,222,25.5432128906
90,225,24.169921875
90,228,22.998046875
90,231,21.9909667969
90,234,21.1303710938
90,237,20.3796386719
90,240,19.7387695312
90,243,19.189453125
90,246,18.7133789062
90,249,18.310546875
90,252,17.9626464844
90,255,17.6879882812
90,258,17.4682617188
90,261,17.3034667969
90,264,17.1752929688
90,267,17.1020507812
90,270,17.0837402344
90,273,17.1020507812
90,276,17.1752929688
90,279,17.3034667969
90,282,17.4682617188
90,285,17.6879882812
90,288,17.9626464844
90,291,18.2922363281
90,294,18.6950683594
90,297,19.1711425781
90,300,19.7204589844
90,303,20.361328125
90,306,21.09375
90,309,21.9543457031
90,312,22.9614257812
90,315,24.1149902344
90,318,25.4699707031
90,321,27.0446777344
90,324,28.8940429688
90,327,31.0729980469
90,330,33.6181640625
90,333,36.4929199219
90,336,39.1662597656
90,339,40.5578613281
90,342,40.5578613281
90,345,39.8620605469
90,348,38.9282226562
90,351,37.9760742188
90,354,37.060546875
90,357,36.2365722656
90,360,35.5224609375
91,0,32.6293945312
91,3,32.0617675781
91,6,31.5856933594
91,9,31.201171875
91,12,30.8898925781
91,15,30.6701660156
91,18,30.5419921875
91,21,30.4870605469
91,24,30.5236816406
91,27,30.6518554688
91,30,30.8532714844
91,33,31.1462402344
91,36,31.5490722656
91,39,32.0434570312
91,42,32.6477050781
91,45,33.3801269531
91,48,34.2407226562
91,51,35.2661132812
91,54,36.4562988281
91,57,37.8662109375
91,60,39.5141601562
91,63,41.455078125
91,66,43.7805175781
91,69,46.5454101562
91,72,49.9328613281
91,75,54.1259765625
91,78,59.4909667969
91,81,66.6870117188
91,84,77.0874023438
91,87,94.7937011719
91,90,146.154785156
91,93,145.074462891
91,96,143.829345703
91,99,142.712402344
91,102,141.687011719
91,105,140.734863281
91,108,139.819335938
91,111,138.848876953
91,114,137.6953125
91,117,136.505126953
91,120,135.003662109
91,123,133.209228516
91,126,131.066894531
91,129,128.411865234
91,132,125.262451172
91,135,121.655273438
91,138,117.645263672
91,141,113.305664062
91,144,108.618164062
91,147,103.784179688
91,150,98.9318847656
91,153,94.1162109375
91,156,89.4287109375
91,159,84.9243164062
91,162,80.6579589844
91,165,76.6662597656
91,168,72.9858398438
91,171,69.5983886719
91,174,66.50390625
91,177,63.7023925781
91,180,61.1938476562
91,183,58.9233398438
91,186,56.8908691406
91,189,55.078125
91,192,53.466796875
91,195,52.0385742188
91,198,49.7863769531
91,201,42.919921875
91,204,37.8112792969
91,207,33.8745117188
91,210,30.76171875
91,213,28.2348632812
91,216,26.1657714844
91,219,24.4262695312
91,222,22.9797363281
91,225,21.7346191406
91,228,20.6909179688
91,231,19.775390625
91,234,19.0063476562
91,237,18.3288574219
91,240,17.7429199219
91,243,17.2485351562
91,246,16.8273925781
91,249,16.4611816406
91,252,16.1499023438
91,255,15.9118652344
91,258,15.7104492188
91,261,15.5639648438
91,264,15.4541015625
91,267,15.380859375
91,270,15.3625488281
91,273,15.380859375
91,276,15.4541015625
91,279,15.5456542969
91,282,15.7104492188
91,285,15.9118652344
91,288,16.1499023438
91,291,16.4611816406
91,294,16.8090820312
91,297,17.2302246094
91,300,17.724609375
91,303,18.310546875
91,306,18.9697265625
91,309,19.7570800781
91,312,20.6359863281
91,315,21.6796875
91,318,22.9064941406
91,321,24.31640625
91,324,26.0009765625
91,327,27.9602050781
91,330,30.2490234375
91,333,32.8491210938
91,336,35.3576660156
91,339,36.8041992188
91,342,36.9689941406
91,345,36.4379882812
91,348,35.6689453125
91,351,34.8266601562
91,354,34.0209960938
91,357,33.2885742188
91,360,32.6293945312
92,0,29.5715332031
92,3,29.0588378906
92,6,28.6376953125
92,9,28.2897949219
92,12,28.0151367188
92,15,27.83203125
92,18,27.7038574219
92,21,27.6489257812
92,24,27.685546875
92,27,27.7954101562
92,30,27.9602050781
92,33,28.2348632812
92,36,28.5827636719
92,39,29.0222167969
92,42,29.5532226562
92,45,30.2124023438
92,48,30.9631347656
92,51,31.8786621094
92,54,32.9406738281
92,57,34.1674804688
92,60,35.6140136719
92,63,37.3168945312
92,66,39.3493652344
92,69,41.748046875
92,72,44.6411132812
92,75,48.2116699219
92,78,52.6977539062
92,81,58.5754394531
92,84,66.6870117188
92,87,79.2114257812
92,90,105.578613281
92,93,143.994140625
92,96,142.749023438
92,99,141.632080078
92,102,140.588378906
92,105,139.453125
92,108,138.208007812
92,111,136.853027344
92,114,135.296630859
92,117,133.612060547
92,120,131.634521484
92,123,129.235839844
92,126,126.434326172
92,129,123.193359375
92,132,119.476318359
92,135,115.319824219
92,138,110.870361328
92,141,106.219482422
92,144,101.293945312
92,147,96.38671875
92,150,91.552734375
92,153,86.865234375
92,156,82.3425292969
92,159,78.076171875
92,162,74.0844726562
92,165,70.4040527344
92,168,66.9982910156
92,171,63.9221191406
92,174,61.1206054688
92,177,58.59375
92,180,56.3049316406
92,183,54.2724609375
92,186,52.4597167969
92,189,50.8483886719
92,192,49.4018554688
92,195,48.1384277344
92,198,44.2199707031
92,201,38.1225585938
92,204,33.5815429688
92,207,30.0842285156
92,210,27.3193359375
92,213,25.0671386719
92,216,23.2360839844
92,219,21.6979980469
92,222,20.3979492188
92,225,19.2993164062
92,228,18.3654785156
92,231,17.5598144531
92,234,16.8640136719
92,237,16.2780761719
92,240,15.7653808594
92,243,15.3076171875
92,246,14.94140625
92,249,14.6118164062
92,252,14.35546875
92,255,14.1174316406
92,258,13.9526367188
92,261,13.8061523438
92,264,13.7145996094
92,267,13.6596679688
92,270,13.6413574219
92,273,13.6596679688
92,276,13.7145996094
92,279,13.8061523438
92,282,13.9526367188
92,285,14.1174316406
92,288,14.3371582031
92,291,14.6118164062
92,294,14.9230957031
92,297,15.3076171875
92,300,15.7470703125
92,303,16.259765625
92,306,16.845703125
92,309,17.5415039062
92,312,18.3288574219
92,315,19.2626953125
92,318,20.3430175781
92,321,21.6064453125
92,324,23.0895996094
92,327,24.8291015625
92,330,26.8798828125
92,333,29.1870117188
92,336,31.5124511719
92,339,32.9406738281
92,342,33.2336425781
92,345,32.8491210938
92,348,32.2082519531
92,351,31.494140625
92,354,30.7983398438
92,357,30.1391601562
92,360,29.5715332031
93,0,26.1291503906
93,3,25.6896972656
93,6,25.3234863281
93,9,25.0122070312
93,12,24.7924804688
93,15,24.609375
93,18,24.4995117188
93,21,24.4445800781
93,24,24.4812011719
93,27,24.5544433594
93,30,24.7192382812
93,33,24.9389648438
93,36,25.2502441406
93,39,25.6164550781
93,42,26.0925292969
93,45,26.6418457031
93,48,27.3010253906
93,51,28.0700683594
93,54,28.9855957031
93,57,30.0476074219
93,60,31.2927246094
93,63,32.7392578125
93,66,34.4421386719
93,69,36.474609375
93,72,38.8916015625
93,75,41.8395996094
93,78,45.5017089844
93,81,50.1708984375
93,84,56.396484375
93,87,65.3137207031
93,90,80.2368164062
93,93,140.899658203
93,96,140.112304688
93,99,139.343261719
93,102,138.391113281
93,105,137.072753906
93,108,135.314941406
93,111,133.337402344
93,114,131.213378906
93,117,128.778076172
93,120,125.958251953
93,123,122.75390625
93,126,119.110107422
93,129,115.045166016
93,132,110.614013672
93,135,105.908203125
93,138,101.019287109
93,141,95.9838867188
93,144,90.9851074219
93,147,86.0961914062
93,150,81.4453125
93,153,76.9592285156
93,156,72.7661132812
93,159,68.8659667969
93,162,65.2770996094
93,165,61.9995117188
93,168,59.0148925781
93,171,56.3049316406
93,174,53.8879394531
93,177,51.6906738281
93,180,49.7497558594
93,183,48.0102539062
93,186,46.4538574219
93,189,45.0805664062
93,192,43.8720703125
93,195,42.7917480469
93,198,38.6352539062
93,201,33.3068847656
93,204,29.3518066406
93,207,26.2939453125
93,210,23.8586425781
93,213,21.8994140625
93,216,20.3063964844
93,219,18.9514160156
93,222,17.8344726562
93,225,16.8640136719
93,228,16.0583496094
93,231,15.3442382812
93,234,14.7399902344
93,237,14.2272949219
93,240,13.76953125
93,243,13.3850097656
93,246,13.0554199219
93,249,12.7807617188
93,252,12.5427246094
93,255,12.3413085938
93,258,12.1948242188
93,261,12.0666503906
93,264,11.9934082031
93,267,11.9384765625
93,270,11.9201660156
93,273,11.9384765625
93,276,11.9934082031
93,279,12.0666503906
93,282,12.1948242188
93,285,12.3413085938
93,288,12.5244140625
93,291,12.7624511719
93,294,13.037109375
93,297,13.3666992188
93,300,13.7512207031
93,303,14.208984375
93,306,14.7216796875
93,309,15.3259277344
93,312,16.0217285156
93,315,16.8273925781
93,318,17.7795410156
93,321,18.8781738281
93,324,20.1782226562
93,327,21.6979980469
93,330,23.4741210938
93,333,25.5065917969
93,336,27.5573730469
93,339,28.8757324219
93,342,29.2053222656
93,345,28.9123535156
93,348,28.3813476562
93,351,27.7770996094
93,354,27.1911621094
93,357,26.6235351562
93,360,26.1291503906
94,0,22.6867675781
94,3,22.3205566406
94,6,22.0092773438
94,9,21.7529296875
94,12,21.5515136719
94,15,21.4050292969
94,18,21.3134765625
94,21,21.2768554688
94,24,21.2768554688
94,27,21.3500976562
94,30,21.4965820312
94,33,21.6796875
94,36,21.9360351562
94,39,22.265625
94,42,22.6501464844
94,45,23.1262207031
94,48,23.6938476562
94,51,24.3530273438
94,54,25.1220703125
94,57,26.0192871094
94,60,27.0629882812
94,63,28.2897949219
94,66,29.7180175781
94,69,31.4208984375
94,72,33.4167480469
94,75,35.8520507812
94,78,38.818359375
94,81,42.5354003906
94,84,47.3510742188
94,87,53.9245605469
94,90,63.7573242188
94,93,82.2875976562
94,96,138.024902344
94,99,137.512207031
94,102,136.413574219
94,105,134.307861328
94,108,131.945800781
94,111,129.364013672
94,114,126.525878906
94,117,123.284912109
94,120,119.659423828
94,123,115.612792969
94,126,111.181640625
94,129,106.402587891
94,132,101.403808594
94,135,96.240234375
94,138,91.0217285156
94,141,85.8764648438
94,144,80.8959960938
94,147,76.1901855469
94,150,71.7224121094
94,153,67.5476074219
94,156,63.720703125
94,159,60.1867675781
94,162,56.982421875
94,165,54.0893554688
94,168,51.4892578125
94,171,49.1638183594
94,174,47.0581054688
94,177,45.1904296875
94,180,43.5241699219
94,183,42.0593261719
94,186,40.7409667969
94,189,39.5690917969
94,192,38.5620117188
94,195,37.6647949219
94,198,33.0688476562
94,201,28.5095214844
94,204,25.1037597656
94,207,22.4853515625
94,210,20.4162597656
94,213,18.75
94,216,17.3767089844
94,219,16.2231445312
94,222,15.2526855469
94,225,14.4287109375
94,228,13.7329101562
94,231,13.1286621094
94,234,12.6159667969
94,237,12.158203125
94,240,11.7736816406
94,243,11.4440917969
94,246,11.1694335938
94,249,10.9313964844
94,252,10.7299804688
94,255,10.5651855469
94,258,10.4370117188
94,261,10.3271484375
94,264,10.25390625
94,267,10.2172851562
94,270,10.1989746094
94,273,10.2172851562
94,276,10.25390625
94,279,10.3271484375
94,282,10.4187011719
94,285,10.5651855469
94,288,10.7299804688
94,291,10.9313964844
94,294,11.1694335938
94,297,11.4440917969
94,300,11.7736816406
94,303,12.158203125
94,306,12.59765625
94,309,13.1103515625
94,312,13.7145996094
94,315,14.3920898438
94,318,15.1977539062
94,321,16.1499023438
94,324,17.2668457031
94,327,18.5668945312
94,330,20.0866699219
94,333,21.826171875
94,336,23.6022949219
94,339,24.8107910156
94,342,25.1770019531
94,345,24.9755859375
94,348,24.5544433594
94,351,24.0783691406
94,354,23.5656738281
94,357,23.1079101562
94,360,22.6867675781
95,0,19.2443847656
95,3,18.9514160156
95,6,18.6950683594
95,9,18.4753417969
95,12,18.310546875
95,15,18.2006835938
95,18,18.1274414062
95,21,18.0908203125
95,24,18.1091308594
95,27,18.1823730469
95,30,18.2922363281
95,33,18.4387207031
95,36,18.6584472656
95,39,18.9331054688
95,42,19.2626953125
95,45,19.6655273438
95,48,20.1416015625
95,51,20.6909179688
95,54,21.3317871094
95,57,22.0825195312
95,60,22.9431152344
95,63,23.9685058594
95,66,25.1403808594
95,69,26.5319824219
95,72,28.1799316406
95,75,30.1391601562
95,78,32.5378417969
95,81,35.4858398438
95,84,39.2211914062
95,87,44.1467285156
95,90,51.0314941406
95,93,61.8713378906
95,96,87.0483398438
95,99,135.992431641
95,102,133.88671875
95,105,131.085205078
95,108,128.082275391
95,111,124.841308594
95,114,121.179199219
95,117,117.095947266
95,120,112.628173828
95,123,107.8125
95,126,102.685546875
95,129,97.2839355469
95,132,91.8090820312
95,135,86.3708496094
95,138,80.9875488281
95,141,75.87890625
95,144,71.0632324219
95,147,66.5771484375
95,150,62.3840332031
95,153,58.5754394531
95,156,55.1147460938
95,159,51.9836425781
95,162,49.1638183594
95,165,46.6369628906
95,168,44.4030761719
95,171,42.3889160156
95,174,40.6127929688
95,177,39.0380859375
95,180,37.6281738281
95,183,36.3830566406
95,186,35.2844238281
95,189,34.3139648438
95,192,33.4533691406
95,195,32.7209472656
95,198,27.4841308594
95,201,23.6938476562
95,204,20.8740234375
95,207,18.6950683594
95,210,16.9738769531
95,213,15.5822753906
95,216,14.4470214844
95,219,13.4765625
95,222,12.6892089844
95,225,11.9934082031
95,228,11.4074707031
95,231,10.9130859375
95,234,10.4919433594
95,237,10.107421875
95,240,9.79614257812
95,243,9.521484375
95,246,9.28344726562
95,249,9.08203125
95,252,8.91723632812
95,255,8.77075195312
95,258,8.66088867188
95,261,8.58764648438
95,264,8.53271484375
95,267,8.49609375
95,270,8.47778320312
95,273,8.49609375
95,276,8.53271484375
95,279,8.58764648438
95,282,8.66088867188
95,285,8.77075195312
95,288,8.91723632812
95,291,9.08203125
95,294,9.28344726562
95,297,9.521484375
95,300,9.77783203125
95,303,10.107421875
95,306,10.4736328125
95,309,10.8947753906
95,312,11.3891601562
95,315,11.9750976562
95,318,12.6342773438
95,321,13.4216308594
95,324,14.35546875
95,327,15.4357910156
95,330,16.69921875
95,333,18.1457519531
95,336,19.6655273438
95,339,20.7641601562
95,342,21.1303710938
95,345,21.0388183594
95,348,20.7275390625
95,351,20.361328125
95,354,19.9584960938
95,357,19.5922851562
95,360,19.2443847656
96,0,15.8020019531
96,3,15.5639648438
96,6,15.3625488281
96,9,15.2160644531
96,12,15.087890625
96,15,14.9963378906
96,18,14.94140625
96,21,14.9230957031
96,24,14.94140625
96,27,14.9963378906
96,30,15.087890625
96,33,15.234375
96,36,15.3991699219
96,39,15.6372070312
96,42,15.9118652344
96,45,16.2231445312
96,48,16.6076660156
96,51,17.0654296875
96,54,17.5964355469
96,57,18.2006835938
96,60,18.9147949219
96,63,19.7387695312
96,66,20.6909179688
96,69,21.8078613281
96,72,23.1262207031
96,75,24.7009277344
96,78,26.5869140625
96,81,28.8757324219
96,84,31.7504882812
96,87,35.44921875
96,90,40.3930664062
96,93,47.5158691406
96,96,59.4360351562
96,99,134.014892578
96,102,130.755615234
96,105,127.368164062
96,108,123.706054688
96,111,119.586181641
96,114,115.081787109
96,117,110.15625
96,120,104.901123047
96,123,99.3347167969
96,126,93.5119628906
96,129,87.6525878906
96,132,81.9030761719
96,135,76.2451171875
96,138,70.9533691406
96,141,65.9912109375
96,144,61.4135742188
96,147,57.2021484375
96,150,53.3935546875
96,153,49.9694824219
96,156,46.8933105469
96,159,44.1650390625
96,162,41.7297363281
96,165,39.5874023438
96,168,37.6647949219
96,171,35.9802246094
96,174,34.4787597656
96,177,33.1604003906
96,180,31.9885253906
96,183,30.9448242188
96,186,30.0476074219
96,189,29.2419433594
96,192,28.5461425781
96,195,26.1657714844
96,198,21.9177246094
96,201,18.896484375
96,204,16.6442871094
96,207,14.9047851562
96,210,13.5314941406
96,213,12.4145507812
96,216,11.4990234375
96,219,10.7482910156
96,222,10.107421875
96,225,9.55810546875
96,228,9.10034179688
96,231,8.69750976562
96,234,8.349609375
96,237,8.056640625
96,240,7.80029296875
96,243,7.58056640625
96,246,7.3974609375
96,249,7.23266601562
96,252,7.1044921875
96,255,6.99462890625
96,258,6.90307617188
96,261,6.84814453125
96,264,6.79321289062
96,267,6.77490234375
96,270,6.75659179688
96,273,6.77490234375
96,276,6.79321289062
96,279,6.84814453125
96,282,6.90307617188
96,285,6.99462890625
96,288,7.1044921875
96,291,7.23266601562
96,294,7.3974609375
96,297,7.58056640625
96,300,7.80029296875
96,303,8.056640625
96,306,8.349609375
96,309,8.67919921875
96,312,9.08203125
96,315,9.53979492188
96,318,10.0708007812
96,321,10.7116699219
96,324,11.4440917969
96,327,12.3046875
96,330,13.3117675781
96,333,14.4836425781
96,336,15.7104492188
96,339,16.69921875
96,342,17.1020507812
96,345,17.1020507812
96,348,16.9006347656
96,351,16.6259765625
96,354,16.3330078125
96,357,16.0583496094
96,360,15.8020019531
97,0,11.9018554688
97,3,11.7370605469
97,6,11.5905761719
97,9,11.4807128906
97,12,11.3891601562
97,15,11.3159179688
97,18,11.279296875
97,21,11.2609863281
97,24,11.279296875
97,27,11.3159179688
97,30,11.3891601562
97,33,11.4990234375
97,36,11.6271972656
97,39,11.8103027344
97,42,12.01171875
97,45,12.2497558594
97,48,12.5427246094
97,51,12.8723144531
97,54,13.2751464844
97,57,13.7145996094
97,60,14.2456054688
97,63,14.8498535156
97,66,15.5456542969
97,69,16.3696289062
97,72,17.3400878906
97,75,18.4753417969
97,78,19.8120117188
97,81,21.4599609375
97,84,23.4558105469
97,87,25.9826660156
97,90,29.2602539062
97,93,33.69140625
97,96,40.13671875
97,99,51.1047363281
97,102,122.222900391
97,105,120.007324219
97,108,115.924072266
97,111,110.577392578
97,114,104.772949219
97,117,98.6022949219
97,120,92.1569824219
97,123,85.6018066406
97,126,79.0832519531
97,129,72.7661132812
97,132,66.8151855469
97,135,61.3220214844
97,138,56.2683105469
97,141,51.7272949219
97,144,47.6257324219
97,147,44.0185546875
97,150,40.8325195312
97,153,38.0310058594
97,156,35.5773925781
97,159,33.4350585938
97,162,31.5673828125
97,165,29.9194335938
97,168,28.4729003906
97,171,27.1911621094
97,174,26.07421875
97,177,25.0854492188
97,180,24.2248535156
97,183,23.4741210938
97,186,22.8149414062
97,189,22.2290039062
97,192,21.7346191406
97,195,19.5007324219
97,198,16.3330078125
97,201,14.0808105469
97,204,12.3962402344
97,207,11.1145019531
97,210,10.0891113281
97,213,9.26513671875
97,216,8.5693359375
97,219,8.00170898438
97,222,7.52563476562
97,225,7.12280273438
97,228,6.77490234375
97,231,6.48193359375
97,234,6.2255859375
97,237,6.005859375
97,240,5.82275390625
97,243,5.65795898438
97,246,5.51147460938
97,249,5.40161132812
97,252,5.29174804688
97,255,5.21850585938
97,258,5.14526367188
97,261,5.09033203125
97,264,5.07202148438
97,267,5.03540039062
97,270,5.03540039062
97,273,5.03540039062
97,276,5.07202148438
97,279,5.09033203125
97,282,5.14526367188
97,285,5.21850585938
97,288,5.29174804688
97,291,5.40161132812
97,294,5.51147460938
97,297,5.65795898438
97,300,5.80444335938
97,303,6.005859375
97,306,6.2255859375
97,309,6.48193359375
97,312,6.77490234375
97,315,7.1044921875
97,318,7.50732421875
97,321,7.9833984375
97,324,8.53271484375
97,327,9.17358398438
97,330,9.92431640625
97,333,10.7849121094
97,336,11.71875
97,339,12.4694824219
97,342,12.7990722656
97,345,12.8173828125
97,348,12.6892089844
97,351,12.5061035156
97,354,12.2863769531
97,357,12.0849609375
97,360,11.9018554688
98,0,8.00170898438
98,3,7.89184570312
98,6,7.80029296875
98,9,7.72705078125
98,12,7.6904296875
98,15,7.63549804688
98,18,7.6171875
98,21,7.6171875
98,24,7.63549804688
98,27,7.67211914062
98,30,7.72705078125
98,33,7.80029296875
98,36,7.89184570312
98,39,8.00170898438
98,42,8.14819335938
98,45,8.31298828125
98,48,8.51440429688
98,51,8.73413085938
98,54,9.0087890625
98,57,9.32006835938
98,60,9.66796875
98,63,10.0708007812
98,66,10.546875
98,69,11.0961914062
98,72,11.7370605469
98,75,12.5061035156
98,78,13.3850097656
98,81,14.4653320312
98,84,15.7653808594
98,87,17.3767089844
98,90,19.4274902344
98,93,22.1008300781
98,96,25.7629394531
98,99,31.1645507812
98,102,40.283203125
98,105,112.518310547
98,108,106.201171875
98,111,99.3713378906
98,114,92.138671875
98,117,84.6496582031
98,120,77.1057128906
98,123,69.7631835938
98,126,62.8601074219
98,129,56.5063476562
98,132,50.7385253906
98,135,45.6665039062
98,138,41.1804199219
98,141,37.2985839844
98,144,33.984375
98,147,31.1462402344
98,150,28.7109375
98,153,26.6235351562
98,156,24.8291015625
98,159,23.2727050781
98,162,21.9543457031
98,165,20.7824707031
98,168,19.775390625
98,171,18.896484375
98,174,18.1274414062
98,177,17.4499511719
98,180,16.8640136719
98,183,16.3513183594
98,186,15.9118652344
98,189,15.52734375
98,192,15.1977539062
98,195,12.8540039062
98,198,10.7666015625
98,201,9.26513671875
98,204,8.16650390625
98,207,7.32421875
98,210,6.64672851562
98,213,6.09741210938
98,216,5.6396484375
98,219,5.2734375
98,222,4.96215820312
98,225,4.6875
98,228,4.4677734375
98,231,4.26635742188
98,234,4.1015625
98,237,3.955078125
98,240,3.82690429688
98,243,3.71704101562
98,246,3.62548828125
98,249,3.55224609375
98,252,3.47900390625
98,255,3.42407226562
98,258,3.38745117188
98,261,3.35083007812
98,264,3.33251953125
98,267,3.31420898438
98,270,3.31420898438
98,273,3.31420898438
98,276,3.33251953125
98,279,3.35083007812
98,282,3.38745117188
98,285,3.42407226562
98,288,3.47900390625
98,291,3.55224609375
98,294,3.62548828125
98,297,3.71704101562
98,300,3.82690429688
98,303,3.955078125
98,306,4.1015625
98,309,4.26635742188
98,312,4.44946289062
98,315,4.6875
98,318,4.94384765625
98,321,5.25512695312
98,324,5.62133789062
98,327,6.04248046875
98,330,6.53686523438
98,333,7.1044921875
98,336,7.70874023438
98,339,8.25805664062
98,342,8.49609375
98,345,8.53271484375
98,348,8.47778320312
98,351,8.36791992188
98,354,8.23974609375
98,357,8.11157226562
98,360,8.00170898438
99,0,3.90014648438
99,3,3.86352539062
99,6,3.80859375
99,9,3.77197265625
99,12,3.75366210938
99,15,3.7353515625
99,18,3.71704101562
99,21,3.71704101562
99,24,3.7353515625
99,27,3.7353515625
99,30,3.77197265625
99,33,3.80859375
99,36,3.84521484375
99,39,3.90014648438
99,42,3.97338867188
99,45,4.04663085938
99,48,4.13818359375
99,51,4.248046875
99,54,4.37622070312
99,57,4.50439453125
99,60,4.66918945312
99,63,4.87060546875
99,66,5.09033203125
99,69,5.3466796875
99,72,5.6396484375
99,75,5.98754882812
99,78,6.3720703125
99,81,6.86645507812
99,84,7.43408203125
99,87,8.1298828125
99,90,8.99047851562
99,93,10.0891113281
99,96,11.4990234375
99,99,13.3850097656
99,102,16.0400390625
99,105,20.1232910156
99,108,27.4475097656
99,111,39.1479492188
99,114,38.7084960938
99,117,37.8662109375
99,120,36.4013671875
99,123,34.2224121094
99,126,31.4758300781
99,129,28.4912109375
99,132,25.5615234375
99,135,22.8881835938
99,138,20.5261230469
99,141,18.4936523438
99,144,16.7724609375
99,147,15.3259277344
99,150,14.0991210938
99,153,13.0554199219
99,156,12.1765136719
99,159,11.4074707031
99,162,10.7482910156
99,165,10.1989746094
99,168,9.70458984375
99,171,9.28344726562
99,174,8.91723632812
99,177,8.58764648438
99,180,8.31298828125
99,183,8.056640625
99,186,7.85522460938
99,189,7.67211914062
99,192,7.52563476562
99,195,6.18896484375
99,198,5.18188476562
99,201,4.4677734375
99,204,3.93676757812
99,207,3.515625
99,210,3.20434570312
99,213,2.9296875
99,216,2.7099609375
99,219,2.54516601562
99,222,2.38037109375
99,225,2.25219726562
99,228,2.14233398438
99,231,2.05078125
99,234,1.9775390625
99,237,1.904296875
99,240,1.84936523438
99,243,1.79443359375
99,246,1.73950195312
99,249,1.70288085938
99,252,1.66625976562
99,255,1.64794921875
99,258,1.62963867188
99,261,1.611328125
99,264,1.59301757812
99,267,1.59301757812
99,270,1.59301757812
99,273,1.59301757812
99,276,1.59301757812
99,279,1.611328125
99,282,1.62963867188
99,285,1.64794921875
99,288,1.66625976562
99,291,1.70288085938
99,294,1.73950195312
99,297,1.79443359375
99,300,1.8310546875
99,303,1.904296875
99,306,1.9775390625
99,309,2.05078125
99,312,2.14233398438
99,315,2.25219726562
99,318,2.38037109375
99,321,2.52685546875
99,324,2.69165039062
99,327,2.91137695312
99,330,3.1494140625
99,333,3.40576171875
99,336,3.71704101562
99,339,3.97338867188
99,342,4.11987304688
99,345,4.15649414062
99,348,4.11987304688
99,351,4.08325195312
99,354,4.0283203125
99,357,3.955078125
99,360,3.90014648438
100,0,0
100,3,0
100,6,0
100,9,0
100,12,0
100,15,0
100,18,0
100,21,0
100,24,0
100,27,0
100,30,0
100,33,0
100,36,0
100,39,0
100,42,0
100,45,0
100,48,0
100,51,0
100,54,0
100,57,0
100,60,0
100,63,0
100,66,0
100,69,0
100,72,0
100,75,0
100,78,0
100,81,0
100,84,0
100,87,0
100,90,0
100,93,0
100,96,0
100,99,0
100,102,0
100,105,0
100,108,0
100,111,0
100,114,0
100,117,0
100,120,0
100,123,0
100,126,0
100,129,0
100,132,0
100,135,0
100,138,0
100,141,0
100,144,0
100,147,0
100,150,0
100,153,0
100,156,0
100,159,0
100,162,0
100,165,0
100,168,0
100,171,0
100,174,0
100,177,0
100,180,0
100,183,0
100,186,0
100,189,0
100,192,0
100,195,0
100,198,0
100,201,0
100,204,0
100,207,0
100,210,0
100,213,0
100,216,0
100,219,0
100,222,0
100,225,0
100,228,0
100,231,0
100,234,0
100,237,0
100,240,0
100,243,0
100,246,0
100,249,0
100,252,0
100,255,0
100,258,0
100,261,0
100,264,0
100,267,0
100,270,0
100,273,0
100,276,0
100,279,0
100,282,0
100,285,0
100,288,0
100,291,0
100,294,0
100,297,0
100,300,0
100,303,0
100,306,0
100,309,0
100,312,0
100,315,0
100,318,0
100,321,0
100,324,0
100,327,0
100,330,0
100,333,0
100,336,0
100,339,0
100,342,0
100,345,0
100,348,0
100,351,0
100,354,0
100,357,0
100,360,0
