L,h,C_max
0,0,0
0,3,0
0,6,0
0,9,0
0,12,0
0,15,0
0,18,0
0,21,0
0,24,0
0,27,0
0,30,0
0,33,0
0,36,0
0,39,0
0,42,0
0,45,0
0,48,0
0,51,0
0,54,0
0,57,0
0,60,0
0,63,0
0,66,0
0,69,0
0,72,0
0,75,0
0,78,0
0,81,0
0,84,0
0,87,0
0,90,0
0,93,0
0,96,0
0,99,0
0,102,0
0,105,0
0,108,0
0,111,0
0,114,0
0,117,0
0,120,0
0,123,0
0,126,0
0,129,0
0,132,0
0,135,0
0,138,0
0,141,0
0,144,0
0,147,0
0,150,0
0,153,0
0,156,0
0,159,0
0,162,0
0,165,0
0,168,0
0,171,0
0,174,0
0,177,0
0,180,0
0,183,0
0,186,0
0,189,0
0,192,0
0,195,0
0,198,0
0,201,0
0,204,0
0,207,0
0,210,0
0,213,0
0,216,0
0,219,0
0,222,0
0,225,0
0,228,0
0,231,0
0,234,0
0,237,0
0,240,0
0,243,0
0,246,0
0,249,0
0,252,0
0,255,0
0,258,0
0,261,0
0,264,0
0,267,0
0,270,0
0,273,0
0,276,0
0,279,0
0,282,0
0,285,0
0,288,0
0,291,0
0,294,0
0,297,0
0,300,0
0,303,0
0,306,0
0,309,0
0,312,0
0,315,0
0,318,0
0,321,0
0,324,0
0,327,0
0,330,0
0,333,0
0,336,0
0,339,0
0,342,0
0,345,0
0,348,0
0,351,0
0,354,0
0,357,0
0,360,0
1,0,8.95385742188
1,3,8.7158203125
1,6,8.51440429688
1,9,8.33129882812
1,12,8.18481445312
1,15,6.64672851562
1,18,5.56640625
1,21,4.79736328125
1,24,4.22973632812
1,27,3.79028320312
1,30,3.4423828125
1,33,3.1494140625
1,36,2.9296875
1,39,2.72827148438
1,42,2.5634765625
1,45,2.4169921875
1,48,2.30712890625
1,51,2.197265625
1,54,2.1240234375
1,57,2.05078125
1,60,1.9775390625
1,63,1.92260742188
1,66,1.86767578125
1,69,1.8310546875
1,72,1.79443359375
1,75,1.77612304688
1,78,1.7578125
1,81,1.73950195312
1,84,1.72119140625
1,87,1.72119140625
1,90,1.70288085938
1,93,1.72119140625
1,96,1.72119140625
1,99,1.73950195312
1,102,1.7578125
1,105,1.77612304688
1,108,1.79443359375
1,111,1.8310546875
1,114,1.86767578125
1,117,1.92260742188
1,120,1.9775390625
1,123,2.03247070312
1,126,2.1240234375
1,129,2.197265625
1,132,2.30712890625
1,135,2.4169921875
1,138,2.5634765625
1,141,2.7099609375
1,144,2.89306640625
1,147,3.11279296875
1,150,3.369140625
1,153,3.662109375
1,156,3.97338867188
1,159,4.22973632812
1,162,4.35791015625
1,165,4.39453125
1,168,4.35791015625
1,171,4.3212890625
1,174,4.26635742188
1,177,4.21142578125
1,180,4.15649414062
1,183,4.1015625
1,186,4.06494140625
1,189,4.0283203125
1,192,4.01000976562
1,195,3.99169921875
1,198,3.99169921875
1,201,3.99169921875
1,204,4.01000976562
1,207,4.0283203125
1,210,4.06494140625
1,213,4.1015625
1,216,4.15649414062
1,219,4.22973632812
1,222,4.30297851562
1,225,4.39453125
1,228,4.50439453125
1,231,4.63256835938
1,234,4.77905273438
1,237,4.94384765625
1,240,5.126953125
1,243,5.3466796875
1,246,5.58471679688
1,249,5.87768554688
1,252,6.20727539062
1,255,6.591796875
1,258,7.04956054688
1,261,7.59887695312
1,264,8.23974609375
1,267,9.02709960938
1,270,9.99755859375
1,273,11.2060546875
1,276,12.7624511719
1,279,14.6301269531
1,282,16.8090820312
1,285,19.3359375
1,288,22.1923828125
1,291,25.3967285156
1,294,28.9489746094
1,297,32.8857421875
1,300,37.2802734375
1,303,42.1875
1,306,47.7905273438
1,309,54.4372558594
1,312,63.5009765625
1,315,31.8786621094
1,318,24.1882324219
1,321,20.7092285156
1,324,18.4020996094
1,327,16.6259765625
1,330,15.1794433594
1,333,13.9892578125
1,336,13.0187988281
1,339,12.1948242188
1,342,11.4990234375
1,345,10.8947753906
1,348,10.3820800781
1,351,9.94262695312
1,354,9.57641601562
1,357,9.24682617188
1,360,8.95385742188
2,0,17.9260253906
2,3,17.4499511719
2,6,17.0288085938
2,9,16.6809082031
2,12,16.3879394531
2,15,13.3117675781
2,18,11.1511230469
2,21,9.61303710938
2,24,8.45947265625
2,27,7.58056640625
2,30,6.884765625
2,33,6.31713867188
2,36,5.859375
2,39,5.45654296875
2,42,5.14526367188
2,45,4.85229492188
2,48,4.63256835938
2,51,4.41284179688
2,54,4.248046875
2,57,4.1015625
2,60,3.97338867188
2,63,3.86352539062
2,66,3.75366210938
2,69,3.68041992188
2,72,3.60717773438
2,75,3.55224609375
2,78,3.515625
2,81,3.47900390625
2,84,3.46069335938
2,87,3.4423828125
2,90,3.42407226562
2,93,3.4423828125
2,96,3.46069335938
2,99,3.47900390625
2,102,3.515625
2,105,3.55224609375
2,108,3.60717773438
2,111,3.68041992188
2,114,3.75366210938
2,117,3.84521484375
2,120,3.955078125
2,123,4.08325195312
2,126,4.248046875
2,129,4.41284179688
2,132,4.6142578125
2,135,4.85229492188
2,138,5.126953125
2,141,5.43823242188
2,144,5.80444335938
2,147,6.24389648438
2,150,6.75659179688
2,153,7.32421875
2,156,7.94677734375
2,159,8.47778320312
2,162,8.73413085938
2,165,8.7890625
2,168,8.73413085938
2,171,8.642578125
2,174,8.53271484375
2,177,8.4228515625
2,180,8.31298828125
2,183,8.22143554688
2,186,8.1298828125
2,189,8.07495117188
2,192,8.02001953125
2,195,8.00170898438
2,198,7.9833984375
2,201,8.00170898438
2,204,8.02001953125
2,207,8.07495117188
2,210,8.1298828125
2,213,8.22143554688
2,216,8.33129882812
2,219,8.45947265625
2,222,8.62426757812
2,225,8.80737304688
2,228,9.02709960938
2,231,9.26513671875
2,234,9.55810546875
2,237,9.8876953125
2,240,10.2722167969
2,243,10.693359375
2,246,11.1877441406
2,249,11.7553710938
2,252,12.3962402344
2,255,13.1286621094
2,258,13.9343261719
2,261,14.8315429688
2,264,15.8752441406
2,267,17.0288085938
2,270,18.3471679688
2,273,19.8303222656
2,276,21.4782714844
2,279,23.3459472656
2,282,25.4150390625
2,285,27.7404785156
2,288,30.3588867188
2,291,33.251953125
2,294,36.5112304688
2,297,40.1733398438
2,300,44.2749023438
2,303,48.9440917969
2,306,54.638671875
2,309,62.0178222656
2,312,71.9787597656
2,315,86.3708496094
2,318,95.9289550781
2,321,54.345703125
2,324,41.3269042969
2,327,34.9731445312
2,330,30.9448242188
2,333,28.125
2,336,26.0375976562
2,339,24.3896484375
2,342,22.998046875
2,345,21.8078613281
2,348,20.7824707031
2,351,19.9035644531
2,354,19.1528320312
2,357,18.4936523438
2,360,17.9260253906
3,0,26.6418457031
3,3,25.9826660156
3,6,25.4333496094
3,9,24.9389648438
3,12,24.5361328125
3,15,19.9768066406
3,18,16.7175292969
3,21,14.4104003906
3,24,12.6892089844
3,27,11.3708496094
3,30,10.3271484375
3,33,9.48486328125
3,36,8.7890625
3,39,8.203125
3,42,7.70874023438
3,45,7.28759765625
3,48,6.93969726562
3,51,6.62841796875
3,54,6.3720703125
3,57,6.15234375
3,60,5.95092773438
3,63,5.7861328125
3,66,5.6396484375
3,69,5.52978515625
3,72,5.419921875
3,75,5.32836914062
3,78,5.2734375
3,81,5.21850585938
3,84,5.18188476562
3,87,5.16357421875
3,90,5.14526367188
3,93,5.16357421875
3,96,5.18188476562
3,99,5.21850585938
3,102,5.2734375
3,105,5.32836914062
3,108,5.419921875
3,111,5.51147460938
3,114,5.6396484375
3,117,5.7861328125
3,120,5.95092773438
3,123,6.13403320312
3,126,6.3720703125
3,129,6.62841796875
3,132,6.92138671875
3,135,7.26928710938
3,138,7.6904296875
3,141,8.16650390625
3,144,8.7158203125
3,147,9.375
3,150,10.1257324219
3,153,10.986328125
3,156,11.9201660156
3,159,12.7258300781
3,162,13.1103515625
3,165,13.18359375
3,168,13.1103515625
3,171,12.9638671875
3,174,12.7990722656
3,177,12.6342773438
3,180,12.4694824219
3,183,12.3229980469
3,186,12.2131347656
3,189,12.1215820312
3,192,12.0483398438
3,195,12.01171875
3,198,11.9934082031
3,201,11.9934082031
3,204,12.0483398438
3,207,12.1032714844
3,210,12.2131347656
3,213,12.3413085938
3,216,12.5061035156
3,219,12.7075195312
3,222,12.9455566406
3,225,13.2202148438
3,228,13.5131835938
3,231,13.8610839844
3,234,14.2456054688
3,237,14.6850585938
3,240,15.1428222656
3,243,15.673828125
3,246,16.259765625
3,249,16.9006347656
3,252,17.6147460938
3,255,18.4020996094
3,258,19.2626953125
3,261,20.21484375
3,264,21.2768554688
3,267,22.4670410156
3,270,23.7670898438
3,273,25.2136230469
3,276,26.8249511719
3,279,28.6010742188
3,282,30.5969238281
3,285,32.7941894531
3,288,35.2661132812
3,291,38.0310058594
3,294,41.1254882812
3,297,44.6411132812
3,300,48.6694335938
3,303,53.6499023438
3,306,59.912109375
3,309,68.0419921875
3,312,78.9001464844
3,315,94.3725585938
3,318,118.817138672
3,321,88.5864257812
3,324,62.2741699219
3,327,51.416015625
3,330,45.0439453125
3,333,40.7409667969
3,336,37.5732421875
3,339,35.15625
3,342,33.251953125
3,345,31.7138671875
3,348,30.4138183594
3,351,29.2602539062
3,354,28.271484375
3,357,27.4108886719
3,360,26.6418457031
4,0,33.251953125
4,3,32.5927734375
4,6,32.0251464844
4,9,31.5490722656
4,12,31.1645507812
4,15,26.6235351562
4,18,22.3022460938
4,21,19.2260742188
4,24,16.9372558594
4,27,15.1611328125
4,30,13.76953125
4,33,12.6342773438
4,36,11.71875
4,39,10.9313964844
4,42,10.2905273438
4,45,9.72290039062
4,48,9.26513671875
4,51,8.84399414062
4,54,8.49609375
4,57,8.203125
4,60,7.94677734375
4,63,7.72705078125
4,66,7.52563476562
4,69,7.36083984375
4,72,7.23266601562
4,75,7.12280273438
4,78,7.03125
4,81,6.9580078125
4,84,6.92138671875
4,87,6.884765625
4,90,6.86645507812
4,93,6.884765625
4,96,6.92138671875
4,99,6.9580078125
4,102,7.03125
4,105,7.12280273438
4,108,7.23266601562
4,111,7.36083984375
4,114,7.52563476562
4,117,7.70874023438
4,120,7.92846679688
4,123,8.18481445312
4,126,8.49609375
4,129,8.84399414062
4,132,9.24682617188
4,135,9.70458984375
4,138,10.25390625
4,141,10.8764648438
4,144,11.6271972656
4,147,12.5061035156
4,150,13.5131835938
4,153,14.6667480469
4,156,15.8935546875
4,159,16.9738769531
4,162,17.4865722656
4,165,17.5964355469
4,168,17.4865722656
4,171,17.28515625
4,174,17.0654296875
4,177,16.845703125
4,180,16.6259765625
4,183,16.4428710938
4,186,16.2780761719
4,189,16.1682128906
4,192,16.0583496094
4,195,16.0034179688
4,198,15.9851074219
4,201,16.0034179688
4,204,16.0583496094
4,207,16.1499023438
4,210,16.259765625
4,213,16.4245605469
4,216,16.6076660156
4,219,16.8090820312
4,222,17.0654296875
4,225,17.3400878906
4,228,17.6513671875
4,231,17.9992675781
4,234,18.4020996094
4,237,18.8232421875
4,240,19.2993164062
4,243,19.8303222656
4,246,20.3979492188
4,249,21.0388183594
4,252,21.7346191406
4,255,22.5219726562
4,258,23.3642578125
4,261,24.2980957031
4,264,25.341796875
4,267,26.4770507812
4,270,27.7404785156
4,273,29.1320800781
4,276,30.6884765625
4,279,32.373046875
4,282,34.2956542969
4,285,36.4013671875
4,288,38.7817382812
4,291,41.4367675781
4,294,44.4396972656
4,297,47.9919433594
4,300,52.3132324219
4,303,57.6782226562
4,306,64.4348144531
4,309,73.1872558594
4,312,84.8876953125
4,315,101.440429688
4,318,127.349853516
4,321,113.543701172
4,324,77.6916503906
4,327,63.2263183594
4,330,55.1147460938
4,333,49.7131347656
4,336,45.8129882812
4,339,42.8649902344
4,342,40.5395507812
4,345,38.7084960938
4,348,37.2253417969
4,351,35.9985351562
4,354,34.9548339844
4,357,34.0393066406
4,360,33.251953125
5,0,38.1774902344
5,3,37.5183105469
5,6,36.9689941406
5,9,36.5295410156
5,12,36.1999511719
5,15,33.2885742188
5,18,27.8686523438
5,21,24.0234375
5,24,21.1669921875
5,27,18.9697265625
5,30,17.2119140625
5,33,15.8020019531
5,36,14.6484375
5,39,13.6779785156
5,42,12.8540039062
5,45,12.158203125
5,48,11.572265625
5,51,11.0595703125
5,54,10.6384277344
5,57,10.25390625
5,60,9.92431640625
5,63,9.64965820312
5,66,9.41162109375
5,69,9.21020507812
5,72,9.04541015625
5,75,8.89892578125
5,78,8.7890625
5,81,8.69750976562
5,84,8.642578125
5,87,8.60595703125
5,90,8.58764648438
5,93,8.60595703125
5,96,8.642578125
5,99,8.69750976562
5,102,8.7890625
5,105,8.89892578125
5,108,9.04541015625
5,111,9.21020507812
5,114,9.41162109375
5,117,9.64965820312
5,120,9.92431640625
5,123,10.2355957031
5,126,10.6201171875
5,129,11.0412597656
5,132,11.5539550781
5,135,12.1398925781
5,138,12.8173828125
5,141,13.6047363281
5,144,14.5385742188
5,147,15.6188964844
5,150,16.9006347656
5,153,18.3288574219
5,156,19.8852539062
5,159,21.2219238281
5,162,21.8444824219
5,165,21.9909667969
5,168,21.8627929688
5,171,21.6247558594
5,174,21.3317871094
5,177,21.0571289062
5,180,20.7824707031
5,183,20.5627441406
5,186,20.361328125
5,189,20.1965332031
5,192,20.0866699219
5,195,20.0134277344
5,198,19.9768066406
5,201,19.9768066406
5,204,20.0134277344
5,207,20.0500488281
5,210,20.1416015625
5,213,20.2697753906
5,216,20.3979492188
5,219,20.5810546875
5,222,20.80078125
5,225,21.0388183594
5,228,21.3134765625
5,231,21.6430664062
5,234,21.9909667969
5,237,22.3754882812
5,240,22.8332519531
5,243,23.3093261719
5,246,23.8403320312
5,249,24.4445800781
5,252,25.1037597656
5,255,25.8361816406
5,258,26.6418457031
5,261,27.5390625
5,264,28.5278320312
5,267,29.6081542969
5,270,30.8166503906
5,273,32.1533203125
5,276,33.6364746094
5,279,35.2844238281
5,282,37.1154785156
5,285,39.1662597656
5,288,41.455078125
5,291,44.1101074219
5,294,47.2412109375
5,297,51.0131835938
5,300,55.6274414062
5,303,61.3220214844
5,306,68.5180664062
5,309,77.8198242188
5,312,90.2709960938
5,315,107.830810547
5,318,135.186767578
5,321,131.213378906
5,324,89.3371582031
5,327,72.1252441406
5,330,62.6770019531
5,333,56.4697265625
5,336,52.0202636719
5,339,48.6511230469
5,342,46.0327148438
5,345,43.9636230469
5,348,42.2973632812
5,351,40.9606933594
5,354,39.8803710938
5,357,38.96484375
5,360,38.1774902344
6,0,41.9311523438
6,3,41.2902832031
6,6,40.7775878906
6,9,40.3747558594
6,12,40.1000976562
6,15,39.9169921875
6,18,33.4533691406
6,21,28.8391113281
6,24,25.3967285156
6,27,22.7600097656
6,30,20.654296875
6,33,18.9697265625
6,36,17.578125
6,39,16.40625
6,42,15.4357910156
6,45,14.5935058594
6,48,13.8977050781
6,51,13.2751464844
6,54,12.7624511719
6,57,12.3046875
6,60,11.9201660156
6,63,11.5905761719
6,66,11.2976074219
6,69,11.0595703125
6,72,10.8581542969
6,75,10.6750488281
6,78,10.546875
6,81,10.4553222656
6,84,10.3820800781
6,87,10.3271484375
6,90,10.3088378906
6,93,10.3271484375
6,96,10.3820800781
6,99,10.4370117188
6,102,10.546875
6,105,10.6750488281
6,108,10.83984375
6,111,11.0412597656
6,114,11.2976074219
6,117,11.572265625
6,120,11.9018554688
6,123,12.2863769531
6,126,12.744140625
6,129,13.2568359375
6,132,13.8610839844
6,135,14.5568847656
6,138,15.380859375
6,141,16.3330078125
6,144,17.4499511719
6,147,18.75
6,150,20.2697753906
6,153,21.9909667969
6,156,23.8586425781
6,159,25.4516601562
6,162,26.220703125
6,165,26.3854980469
6,168,26.2390136719
6,171,25.9460449219
6,174,25.5981445312
6,177,25.2685546875
6,180,24.9389648438
6,183,24.6643066406
6,186,24.4262695312
6,189,24.2431640625
6,192,24.0783691406
6,195,23.9685058594
6,198,23.8586425781
6,201,23.8037109375
6,204,23.7670898438
6,207,23.7487792969
6,210,23.7854003906
6,213,23.8403320312
6,216,23.9135742188
6,219,24.0417480469
6,222,24.1882324219
6,225,24.3713378906
6,228,24.5910644531
6,231,24.8474121094
6,234,25.1220703125
6,237,25.4699707031
6,240,25.8544921875
6,243,26.2756347656
6,246,26.7517089844
6,249,27.3010253906
6,252,27.9052734375
6,255,28.5827636719
6,258,29.3334960938
6,261,30.17578125
6,264,31.1096191406
6,267,32.1350097656
6,270,33.2885742188
6,273,34.5703125
6,276,35.9985351562
6,279,37.5915527344
6,282,39.3493652344
6,285,41.3818359375
6,288,43.7255859375
6,291,46.5270996094
6,294,49.8229980469
6,297,53.8146972656
6,300,58.6669921875
6,303,64.6728515625
6,306,72.2717285156
6,309,82.1044921875
6,312,95.2514648438
6,315,113.763427734
6,318,142.492675781
6,321,144.250488281
6,324,98.3276367188
6,327,79.0100097656
6,330,68.5180664062
6,333,61.7065429688
6,336,56.8176269531
6,339,53.1372070312
6,342,50.2807617188
6,345,48.0285644531
6,348,46.2158203125
6,351,44.7692871094
6,354,43.6157226562
6,357,42.7001953125
6,360,41.9311523438
7,0,44.82421875
7,3,44.2199707031
7,6,43.7438964844
7,9,43.3776855469
7,12,43.1396484375
7,15,43.0114746094
7,18,39.0380859375
7,21,33.6547851562
7,24,29.6447753906
7,27,26.5502929688
7,30,24.1149902344
7,33,22.119140625
7,36,20.5078125
7,39,19.1528320312
7,42,17.9992675781
7,45,17.0288085938
7,48,16.2048339844
7,51,15.4907226562
7,54,14.8864746094
7,57,14.35546875
7,60,13.8977050781
7,63,13.5131835938
7,66,13.18359375
7,69,12.890625
7,72,12.6525878906
7,75,12.4694824219
7,78,12.3046875
7,81,12.1948242188
7,84,12.1032714844
7,87,12.0483398438
7,90,12.0300292969
7,93,12.0483398438
7,96,12.1032714844
7,99,12.1948242188
7,102,12.3046875
7,105,12.4694824219
7,108,12.6525878906
7,111,12.890625
7,114,13.1652832031
7,117,13.5131835938
7,120,13.8977050781
7,123,14.3371582031
7,126,14.8681640625
7,129,15.4724121094
7,132,16.1682128906
7,135,16.9921875
7,138,17.9443359375
7,141,19.04296875
7,144,20.361328125
7,147,21.8811035156
7,150,23.6572265625
7,153,25.6713867188
7,156,27.83203125
7,159,29.6997070312
7,162,30.5969238281
7,165,30.7800292969
7,168,30.615234375
7,171,30.2673339844
7,174,29.8645019531
7,177,29.4799804688
7,180,29.1137695312
7,183,28.7841796875
7,186,28.4912109375
7,189,28.2348632812
7,192,27.9968261719
7,195,27.7954101562
7,198,27.6123046875
7,201,27.4658203125
7,204,27.3376464844
7,207,27.24609375
7,210,27.1911621094
7,213,27.1545410156
7,216,27.1545410156
7,219,27.1911621094
7,222,27.24609375
7,225,27.3559570312
7,228,27.4841308594
7,231,27.6489257812
7,234,27.8686523438
7,237,28.1433105469
7,240,28.4545898438
7,243,28.8024902344
7,246,29.2419433594
7,249,29.7180175781
7,252,30.2673339844
7,255,30.8715820312
7,258,31.5856933594
7,261,32.3547363281
7,264,33.2336425781
7,267,34.2224121094
7,270,35.3210449219
7,273,36.5478515625
7,276,37.9211425781
7,279,39.4958496094
7,282,41.2902832031
7,285,43.4143066406
7,288,45.8862304688
7,291,48.7976074219
7,294,52.2766113281
7,297,56.4514160156
7,300,61.5417480469
7,303,67.8405761719
7,306,75.8056640625
7,309,86.1328125
7,312,99.9389648438
7,315,119.348144531
7,318,149.432373047
7,321,154.193115234
7,324,105.230712891
7,327,84.3933105469
7,330,73.1140136719
7,333,65.8081054688
7,336,60.5895996094
7,339,56.6711425781
7,342,53.6315917969
7,345,51.2329101562
7,348,49.3103027344
7,351,47.75390625
7,354,46.5454101562
7,357,45.5749511719
7,360,44.82421875
8,0,47.0764160156
8,3,46.4904785156
8,6,46.0510253906
8,9,45.7397460938
8,12,45.5383300781
8,15,45.4650878906
8,18,44.6228027344
8,21,38.4704589844
8,24,33.8928222656
8,27,30.3588867188
8,30,27.5573730469
8,33,25.2868652344
8,36,23.4375
8,39,21.8811035156
8,42,20.5810546875
8,45,19.4641113281
8,48,18.5302734375
8,51,17.7062988281
8,54,17.0104980469
8,57,16.40625
8,60,15.8935546875
8,63,15.4541015625
8,66,15.0695800781
8,69,14.7399902344
8,72,14.4653320312
8,75,14.2456054688
8,78,14.0625
8,81,13.9343261719
8,84,13.8427734375
8,87,13.76953125
8,90,13.7512207031
8,93,13.76953125
8,96,13.8427734375
8,99,13.9343261719
8,102,14.0625
8,105,14.2456054688
8,108,14.4653320312
8,111,14.7399902344
8,114,15.0512695312
8,117,15.4357910156
8,120,15.8752441406
8,123,16.3879394531
8,126,16.9921875
8,129,17.6879882812
8,132,18.4936523438
8,135,19.4274902344
8,138,20.5078125
8,141,21.7712402344
8,144,23.2543945312
8,147,25.0122070312
8,150,27.0263671875
8,153,29.3334960938
8,156,31.8054199219
8,159,33.9477539062
8,162,34.9731445312
8,165,35.1928710938
8,168,34.9914550781
8,171,34.5886230469
8,174,34.1491699219
8,177,33.69140625
8,180,33.2702636719
8,183,32.8857421875
8,186,32.5012207031
8,189,32.1533203125
8,192,31.8054199219
8,195,31.494140625
8,198,31.2194824219
8,201,30.9631347656
8,204,30.7250976562
8,207,30.5419921875
8,210,30.3588867188
8,213,30.2307128906
8,216,30.1208496094
8,219,30.0476074219
8,222,30.0109863281
8,225,30.029296875
8,228,30.0659179688
8,231,30.1391601562
8,234,30.3039550781
8,237,30.46875
8,240,30.7067871094
8,243,30.9997558594
8,246,31.3659667969
8,249,31.7687988281
8,252,32.2631835938
8,255,32.8308105469
8,258,33.4716796875
8,261,34.2041015625
8,264,35.0280761719
8,267,35.9619140625
8,270,37.0239257812
8,273,38.2141113281
8,276,39.6057128906
8,279,41.2536621094
8,282,43.1213378906
8,285,45.3369140625
8,288,47.9187011719
8,291,50.9582519531
8,294,54.6020507812
8,297,58.9599609375
8,300,64.2700195312
8,303,70.8618164062
8,306,79.1748046875
8,309,89.9780273438
8,312,104.388427734
8,315,124.658203125
8,318,156.060791016
8,321,161.901855469
8,324,110.522460938
8,327,88.5864257812
8,330,76.7395019531
8,333,69.0673828125
8,336,63.5925292969
8,339,59.47265625
8,342,56.2866210938
8,345,53.759765625
8,348,51.7456054688
8,351,50.1159667969
8,354,48.8342285156
8,357,47.8271484375
8,360,47.0764160156
9,0,49.0356445312
9,3,48.4680175781
9,6,48.046875
9,9,47.7722167969
9,12,47.607421875
9,15,47.5891113281
9,18,47.6806640625
9,21,43.2861328125
9,24,38.1225585938
9,27,34.1491699219
9,30,30.9997558594
9,33,28.4545898438
9,36,26.3671875
9,39,24.6276855469
9,42,23.14453125
9,45,21.8994140625
9,48,20.8374023438
9,51,19.921875
9,54,19.1528320312
9,57,18.45703125
9,60,17.8894042969
9,63,17.3767089844
9,66,16.9555664062
9,69,16.5893554688
9,72,16.2780761719
9,75,16.0217285156
9,78,15.8203125
9,81,15.673828125
9,84,15.5639648438
9,87,15.5090332031
9,90,15.4724121094
9,93,15.5090332031
9,96,15.5639648438
9,99,15.673828125
9,102,15.8203125
9,105,16.0217285156
9,108,16.2780761719
9,111,16.5710449219
9,114,16.9372558594
9,117,17.3583984375
9,120,17.87109375
9,123,18.4387207031
9,126,19.1162109375
9,129,19.9035644531
9,132,20.80078125
9,135,21.8444824219
9,138,23.0712890625
9,141,24.4995117188
9,144,26.1657714844
9,147,28.125
9,150,30.4138183594
9,153,32.9956054688
9,156,35.7788085938
9,159,38.1774902344
9,162,39.3310546875
9,165,39.5690917969
9,168,39.3676757812
9,171,38.9282226562
9,174,38.4155273438
9,177,37.9028320312
9,180,37.4267578125
9,183,36.9323730469
9,186,36.4562988281
9,189,35.9802246094
9,192,35.5407714844
9,195,35.1013183594
9,198,34.6984863281
9,201,34.2956542969
9,204,33.9477539062
9,207,33.6181640625
9,210,33.3251953125
9,213,33.0871582031
9,216,32.8491210938
9,219,32.666015625
9,222,32.5378417969
9,225,32.4279785156
9,228,32.373046875
9,231,32.373046875
9,234,32.4279785156
9,237,32.5378417969
9,240,32.7026367188
9,243,32.9223632812
9,246,33.2153320312
9,249,33.5632324219
9,252,34.0026855469
9,255,34.5153808594
9,258,35.1013183594
9,261,35.7788085938
9,264,36.5661621094
9,267,37.4816894531
9,270,38.5620117188
9,273,39.8071289062
9,276,41.2719726562
9,279,42.9748535156
9,282,44.9157714844
9,285,47.2229003906
9,288,49.9145507812
9,291,53.0822753906
9,294,56.8725585938
9,297,61.4135742188
9,300,66.943359375
9,303,73.8098144531
9,306,82.470703125
9,309,93.7133789062
9,312,108.728027344
9,315,129.840087891
9,318,162.561035156
9,321,168.566894531
9,324,115.118408203
9,327,92.2668457031
9,330,79.9255371094
9,333,71.923828125
9,336,66.2292480469
9,339,61.9445800781
9,342,58.6120605469
9,345,55.9936523438
9,348,53.8879394531
9,351,52.2033691406
9,354,50.8666992188
9,357,49.8229980469
9,360,49.0356445312
10,0,50.5737304688
10,3,49.9877929688
10,6,49.6032714844
10,9,49.3469238281
10,12,49.2370605469
10,15,49.2553710938
10,18,49.4018554688
10,21,48.1018066406
10,24,42.3706054688
10,27,37.939453125
10,30,34.4421386719
10,33,31.6223144531
10,36,29.296875
10,39,27.3559570312
10,42,25.7263183594
10,45,24.3347167969
10,48,23.1628417969
10,51,22.1374511719
10,54,21.2768554688
10,57,20.5261230469
10,60,19.8669433594
10,63,19.3176269531
10,66,18.8415527344
10,69,18.4204101562
10,72,18.0908203125
10,75,17.8161621094
10,78,17.5964355469
10,81,17.4133300781
10,84,17.3034667969
10,87,17.2302246094
10,90,17.1936035156
10,93,17.2302246094
10,96,17.3034667969
10,99,17.4133300781
10,102,17.578125
10,105,17.7978515625
10,108,18.0908203125
10,111,18.4204101562
10,114,18.8232421875
10,117,19.2993164062
10,120,19.8486328125
10,123,20.4895019531
10,126,21.240234375
10,129,22.1008300781
10,132,23.1079101562
10,135,24.2614746094
10,138,25.6164550781
10,141,27.2094726562
10,144,29.0588378906
10,147,31.2377929688
10,150,33.7646484375
10,153,36.62109375
10,156,39.697265625
10,159,42.3522949219
10,162,43.6340332031
10,165,43.9270019531
10,168,43.7072753906
10,171,43.212890625
10,174,42.6635742188
10,177,42.0776367188
10,180,41.5100097656
10,183,40.9240722656
10,186,40.3015136719
10,189,39.697265625
10,192,39.111328125
10,195,38.5070800781
10,198,37.9577636719
10,201,37.4084472656
10,204,36.9140625
10,207,36.4379882812
10,210,36.0168457031
10,213,35.595703125
10,216,35.2478027344
10,219,34.9548339844
10,222,34.6984863281
10,225,34.4970703125
10,228,34.3505859375
10,231,34.2590332031
10,234,34.2224121094
10,237,34.2407226562
10,240,34.3322753906
10,243,34.4970703125
10,246,34.716796875
10,249,35.009765625
10,252,35.3942871094
10,255,35.8520507812
10,258,36.3830566406
10,261,37.0422363281
10,264,37.8479003906
10,267,38.8000488281
10,270,39.9169921875
10,273,41.1987304688
10,276,42.7185058594
10,279,44.4580078125
10,282,46.4904785156
10,285,48.8708496094
10,288,51.6357421875
10,291,54.931640625
10,294,58.8317871094
10,297,63.5192871094
10,300,69.2321777344
10,303,76.3000488281
10,306,85.2355957031
10,309,96.7712402344
10,312,112.225341797
10,315,134.014892578
10,318,167.87109375
10,321,167.120361328
10,324,117.645263672
10,327,94.9035644531
10,330,82.3608398438
10,333,74.1577148438
10,336,68.2983398438
10,339,63.9038085938
10,342,60.4797363281
10,345,57.7514648438
10,348,55.5908203125
10,351,53.8513183594
10,354,52.4780273438
10,357,51.3793945312
10,360,50.5737304688
11,0,52.1301269531
11,3,51.5258789062
11,6,51.1413574219
11,9,50.9216308594
11,12,50.8483886719
11,15,50.9033203125
11,18,51.1047363281
11,21,51.4343261719
11,24,46.6186523438
11,27,41.748046875
11,30,37.9028320312
11,33,34.7900390625
11,36,32.2265625
11,39,30.1025390625
11,42,28.3081054688
11,45,26.7883300781
11,48,25.4699707031
11,51,24.3530273438
11,54,23.4008789062
11,57,22.5769042969
11,60,21.8627929688
11,63,21.240234375
11,66,20.7092285156
11,69,20.2697753906
11,72,19.9035644531
11,75,19.5922851562
11,78,19.3542480469
11,81,19.1528320312
11,84,19.0246582031
11,87,18.9514160156
11,90,18.9147949219
11,93,18.9514160156
11,96,19.0246582031
11,99,19.1528320312
11,102,19.3359375
11,105,19.5922851562
11,108,19.8852539062
11,111,20.2697753906
11,114,20.7092285156
11,117,21.2219238281
11,120,21.826171875
11,123,22.5402832031
11,126,23.3642578125
11,129,24.31640625
11,132,25.4150390625
11,135,26.6967773438
11,138,28.1799316406
11,141,29.9194335938
11,144,31.9519042969
11,147,34.3322753906
11,150,37.0971679688
11,153,40.2282714844
11,156,43.5974121094
11,159,46.4904785156
11,162,47.9187011719
11,165,48.2482910156
11,168,48.0285644531
11,171,47.5158691406
11,174,46.9116210938
11,177,46.2524414062
11,180,45.5749511719
11,183,44.8608398438
11,186,44.1101074219
11,189,43.3410644531
11,192,42.5720214844
11,195,41.8395996094
11,198,41.0888671875
11,201,40.3930664062
11,204,39.7155761719
11,207,39.0930175781
11,210,38.5070800781
11,213,37.9577636719
11,216,37.5
11,219,37.0422363281
11,222,36.6760253906
11,225,36.3830566406
11,228,36.1267089844
11,231,35.9436035156
11,234,35.8337402344
11,237,35.7788085938
11,240,35.7971191406
11,243,35.888671875
11,246,36.0534667969
11,249,36.2915039062
11,252,36.6394042969
11,255,37.0788574219
11,258,37.6281738281
11,261,38.3239746094
11,264,39.1479492188
11,267,40.1184082031
11,270,41.2719726562
11,273,42.626953125
11,276,44.1650390625
11,279,45.9777832031
11,282,48.0834960938
11,285,50.5187988281
11,288,53.3935546875
11,291,56.7626953125
11,294,60.791015625
11,297,65.625
11,300,71.5209960938
11,303,78.7902832031
11,306,87.9821777344
11,309,99.8657226562
11,312,115.777587891
11,315,138.226318359
11,318,173.217773438
11,321,166.131591797
11,324,120.245361328
11,327,97.5952148438
11,330,84.8327636719
11,333,76.4465332031
11,336,70.4223632812
11,339,65.8813476562
11,342,62.3474121094
11,345,59.5642089844
11,348,57.3120117188
11,351,55.5358886719
11,354,54.1076660156
11,357,52.9724121094
11,360,52.1301269531
12,0,53.7231445312
12,3,53.1005859375
12,6,52.6977539062
12,9,52.4963378906
12,12,52.4597167969
12,15,52.5695800781
12,18,52.8076171875
12,21,53.1921386719
12,24,50.8483886719
12,27,45.5383300781
12,30,41.3452148438
12,33,37.9577636719
12,36,35.15625
12,39,32.8308105469
12,42,30.8715820312
12,45,29.2236328125
12,48,27.7954101562
12,51,26.5686035156
12,54,25.5249023438
12,57,24.6276855469
12,60,23.8403320312
12,63,23.1811523438
12,66,22.5952148438
12,69,22.119140625
12,72,21.7163085938
12,75,21.3684082031
12,78,21.1120605469
12,81,20.8923339844
12,84,20.7641601562
12,87,20.6726074219
12,90,20.6359863281
12,93,20.6726074219
12,96,20.7458496094
12,99,20.8923339844
12,102,21.09375
12,105,21.3684082031
12,108,21.6979980469
12,111,22.1008300781
12,114,22.5769042969
12,117,23.14453125
12,120,23.8220214844
12,123,24.5910644531
12,126,25.48828125
12,129,26.513671875
12,132,27.7221679688
12,135,29.1137695312
12,138,30.7250976562
12,141,32.6110839844
12,144,34.8266601562
12,147,37.4084472656
12,150,40.4113769531
12,153,43.798828125
12,156,47.4426269531
12,159,50.5737304688
12,162,52.1484375
12,165,52.5695800781
12,168,52.3315429688
12,171,51.8188476562
12,174,51.1596679688
12,177,50.4272460938
12,180,49.6215820312
12,183,48.7609863281
12,186,47.8637695312
12,189,46.9116210938
12,192,45.9594726562
12,195,45.0256347656
12,198,44.1101074219
12,201,43.2312011719
12,204,42.3706054688
12,207,41.5832519531
12,210,40.8325195312
12,213,40.1550292969
12,216,39.5324707031
12,219,38.9831542969
12,222,38.5070800781
12,225,38.1042480469
12,228,37.7563476562
12,231,37.4816894531
12,234,37.2802734375
12,237,37.1704101562
12,240,37.1154785156
12,243,37.1520996094
12,246,37.2802734375
12,249,37.5183105469
12,252,37.8479003906
12,255,38.3056640625
12,258,38.8916015625
12,261,39.6057128906
12,264,40.4479980469
12,267,41.455078125
12,270,42.6452636719
12,273,44.0368652344
12,276,45.6298828125
12,279,47.4975585938
12,282,49.658203125
12,285,52.1667480469
12,288,55.1330566406
12,291,58.6120605469
12,294,62.7868652344
12,297,67.7490234375
12,300,73.8098144531
12,303,81.298828125
12,306,90.7470703125
12,309,102.960205078
12,312,119.348144531
12,315,142.456054688
12,318,178.582763672
12,321,165.435791016
12,324,122.808837891
12,327,100.268554688
12,330,87.3229980469
12,333,78.7353515625
12,336,72.5646972656
12,339,67.8955078125
12,342,64.2700195312
12,345,61.376953125
12,348,59.0698242188
12,351,57.2204589844
12,354,55.7556152344
12,357,54.6020507812
12,360,53.7231445312
13,0,55.3344726562
13,3,54.6752929688
13,6,54.2724609375
13,9,54.0710449219
13,12,54.0710449219
13,15,54.2175292969
13,18,54.4921875
13,21,54.931640625
13,24,55.0964355469
13,27,49.3469238281
13,30,44.7875976562
13,33,41.1071777344
13,36,38.0859375
13,39,35.5773925781
13,42,33.4533691406
13,45,31.6589355469
13,48,30.1208496094
13,51,28.7841796875
13,54,27.6489257812
13,57,26.6784667969
13,60,25.8361816406
13,63,25.1037597656
13,66,24.4812011719
13,69,23.9501953125
13,72,23.5107421875
13,75,23.1628417969
13,78,22.8698730469
13,81,22.6501464844
13,84,22.4853515625
13,87,22.3937988281
13,90,22.3571777344
13,93,22.3937988281
13,96,22.4853515625
13,99,22.6318359375
13,102,22.8515625
13,105,23.14453125
13,108,23.5107421875
13,111,23.9501953125
13,114,24.462890625
13,117,25.0854492188
13,120,25.7995605469
13,123,26.6235351562
13,126,27.5939941406
13,129,28.7109375
13,132,30.0109863281
13,135,31.5124511719
13,138,33.2702636719
13,141,35.302734375
13,144,37.7014160156
13,147,40.4846191406
13,150,43.7072753906
13,153,47.3327636719
13,156,51.2512207031
13,159,54.6203613281
13,162,56.3415527344
13,165,56.8359375
13,168,56.6345214844
13,171,56.103515625
13,174,55.4077148438
13,177,54.5837402344
13,180,53.6499023438
13,183,52.6245117188
13,186,51.5441894531
13,189,50.4272460938
13,192,49.2736816406
13,195,48.1201171875
13,198,47.021484375
13,201,45.9228515625
13,204,44.8974609375
13,207,43.9086914062
13,210,43.0114746094
13,213,42.1875
13,216,41.4367675781
13,219,40.7592773438
13,222,40.1733398438
13,225,39.6606445312
13,228,39.2211914062
13,231,38.8732910156
13,234,38.5986328125
13,237,38.4155273438
13,240,38.3239746094
13,243,38.3605957031
13,246,38.4887695312
13,249,38.7268066406
13,252,39.0747070312
13,255,39.55078125
13,258,40.1550292969
13,261,40.8874511719
13,264,41.7663574219
13,267,42.8100585938
13,270,44.0185546875
13,273,45.4467773438
13,276,47.0947265625
13,279,49.0173339844
13,282,51.2329101562
13,285,53.8330078125
13,288,56.8908691406
13,291,60.4797363281
13,294,64.74609375
13,297,69.8913574219
13,300,76.1169433594
13,303,83.8256835938
13,306,93.5302734375
13,309,106.091308594
13,312,122.937011719
13,315,146.740722656
13,318,180.596923828
13,321,165.106201172
13,324,125.354003906
13,327,102.978515625
13,330,89.8315429688
13,333,81.0607910156
13,336,74.7253417969
13,339,69.9279785156
13,342,66.1926269531
13,345,63.2263183594
13,348,60.8459472656
13,351,58.9416503906
13,354,57.421875
13,357,56.2316894531
13,360,55.3344726562
14,0,56.9641113281
14,3,56.2866210938
14,6,55.8654785156
14,9,55.6640625
14,12,55.6823730469
14,15,55.8471679688
14,18,56.1767578125
14,21,56.6711425781
14,24,57.3120117188
14,27,53.1555175781
14,30,48.2482910156
14,33,44.2749023438
14,36,41.015625
14,39,38.3056640625
14,42,36.0168457031
14,45,34.0942382812
14,48,32.4279785156
14,51,30.9997558594
14,54,29.7912597656
14,57,28.7292480469
14,60,27.8137207031
14,63,27.0446777344
14,66,26.3671875
14,69,25.7995605469
14,72,25.3234863281
14,75,24.9389648438
14,78,24.6276855469
14,81,24.3896484375
14,84,24.2065429688
14,87,24.1149902344
14,90,24.0783691406
14,93,24.1149902344
14,96,24.2065429688
14,99,24.3713378906
14,102,24.609375
14,105,24.9206542969
14,108,25.3051757812
14,111,25.78125
14,114,26.3488769531
14,117,27.0080566406
14,120,27.7770996094
14,123,28.6743164062
14,126,29.7180175781
14,129,30.908203125
14,132,32.3181152344
14,135,33.9294433594
14,138,35.7971191406
14,141,37.9943847656
14,144,40.5578613281
14,147,43.5241699219
14,150,46.9665527344
14,153,50.830078125
14,156,55.0231933594
14,159,58.6120605469
14,162,60.498046875
14,165,61.083984375
14,168,60.9191894531
14,171,60.3881835938
14,174,59.6557617188
14,177,58.7219238281
14,180,57.6599121094
14,183,56.4697265625
14,186,55.1879882812
14,189,53.8513183594
14,192,52.4780273438
14,195,51.123046875
14,198,49.7863769531
14,201,48.486328125
14,204,47.2778320312
14,207,46.1059570312
14,210,45.0622558594
14,213,44.0734863281
14,216,43.1945800781
14,219,42.4072265625
14,222,41.7114257812
14,225,41.0888671875
14,228,40.576171875
14,231,40.1550292969
14,234,39.84375
14,237,39.6240234375
14,240,39.55078125
14,243,39.5690917969
14,246,39.697265625
14,249,39.9536132812
14,252,40.3198242188
14,255,40.7958984375
14,258,41.4184570312
14,261,42.1691894531
14,264,43.0847167969
14,267,44.1467285156
14,270,45.41015625
14,273,46.875
14,276,48.5778808594
14,279,50.537109375
14,282,52.8259277344
14,285,55.517578125
14,288,58.6486816406
14,291,62.3657226562
14,294,66.7419433594
14,297,72.0153808594
14,300,78.4240722656
14,303,86.3525390625
14,306,96.3134765625
14,309,109.240722656
14,312,126.5625
14,315,151.062011719
14,318,179.479980469
14,321,165.051269531
14,324,127.899169922
14,327,105.670166016
14,330,92.3583984375
14,333,83.3862304688
14,336,76.904296875
14,339,71.9787597656
14,342,68.1518554688
14,345,65.0939941406
14,348,62.6586914062
14,351,60.6994628906
14,354,59.1247558594
14,357,57.8979492188
14,360,56.9641113281
15,0,58.6120605469
15,3,57.9162597656
15,6,57.4768066406
15,9,57.275390625
15,12,57.2937011719
15,15,57.4951171875
15,18,57.861328125
15,21,58.4106445312
15,24,59.1064453125
15,27,56.9458007812
15,30,51.6906738281
15,33,47.4426269531
15,36,43.9453125
15,39,41.0522460938
15,42,38.5986328125
15,45,36.5295410156
15,48,34.7534179688
15,51,33.2153320312
15,54,31.9152832031
15,57,30.7800292969
15,60,29.8095703125
15,63,28.9672851562
15,66,28.2531738281
15,69,27.6489257812
15,72,27.1362304688
15,75,26.7150878906
15,78,26.3854980469
15,81,26.1291503906
15,84,25.9460449219
15,87,25.8361816406
15,90,25.7995605469
15,93,25.8361816406
15,96,25.9460449219
15,99,26.1108398438
15,102,26.3671875
15,105,26.6967773438
15,108,27.1179199219
15,111,27.6306152344
15,114,28.2165527344
15,117,28.9306640625
15,120,29.7546386719
15,123,30.7250976562
15,126,31.8237304688
15,129,33.10546875
15,132,34.6069335938
15,135,36.328125
15,138,38.3239746094
15,141,40.6677246094
15,144,43.3959960938
15,147,46.5637207031
15,150,50.2075195312
15,153,54.3090820312
15,156,58.7585449219
15,159,62.548828125
15,162,64.6179199219
15,165,65.2954101562
15,168,65.185546875
15,171,64.6728515625
15,174,63.8854980469
15,177,62.8601074219
15,180,61.6516113281
15,183,60.2600097656
15,186,58.7768554688
15,189,57.2021484375
15,192,55.6091308594
15,195,53.9978027344
15,198,52.44140625
15,201,50.9399414062
15,204,49.51171875
15,207,48.1750488281
15,210,46.9665527344
15,213,45.8312988281
15,216,44.82421875
15,219,43.9270019531
15,222,43.1213378906
15,225,42.4072265625
15,228,41.8395996094
15,231,41.3818359375
15,234,41.0705566406
15,237,40.8508300781
15,240,40.7592773438
15,243,40.7775878906
15,246,40.9240722656
15,249,41.1804199219
15,252,41.5466308594
15,255,42.0593261719
15,258,42.6818847656
15,261,43.4692382812
15,264,44.4030761719
15,267,45.5017089844
15,270,46.7834472656
15,273,48.3032226562
15,276,50.0427246094
15,279,52.0751953125
15,282,54.4372558594
15,285,57.2021484375
15,288,60.4248046875
15,291,64.2333984375
15,294,68.7377929688
15,297,74.1577148438
15,300,80.7312011719
15,303,88.8793945312
15,306,99.1333007812
15,309,112.408447266
15,312,130.206298828
15,315,155.401611328
15,318,178.363037109
15,321,165.032958984
15,324,130.352783203
15,327,108.380126953
15,330,94.9035644531
15,333,85.7482910156
15,336,79.1015625
15,339,74.0661621094
15,342,70.1110839844
15,345,66.9799804688
15,348,64.4714355469
15,351,62.4572753906
15,354,60.8459472656
15,357,59.5642089844
15,360,58.6120605469
16,0,60.2783203125
16,3,59.5642089844
16,6,59.1064453125
16,9,58.88671875
16,12,58.9050292969
16,15,59.1430664062
16,18,59.5458984375
16,21,60.1318359375
16,24,60.8825683594
16,27,60.7543945312
16,30,55.1513671875
16,33,50.6103515625
16,36,46.8933105469
16,39,43.7805175781
16,42,41.1804199219
16,45,38.96484375
16,48,37.060546875
16,51,35.4309082031
16,54,34.0393066406
16,57,32.8308105469
16,60,31.787109375
16,63,30.908203125
16,66,30.1391601562
16,69,29.4799804688
16,72,28.9489746094
16,75,28.4912109375
16,78,28.1433105469
16,81,27.8686523438
16,84,27.6672363281
16,87,27.5573730469
16,90,27.5207519531
16,93,27.5573730469
16,96,27.6672363281
16,99,27.8503417969
16,102,28.125
16,105,28.4729003906
16,108,28.9306640625
16,111,29.4616699219
16,114,30.1025390625
16,117,30.8532714844
16,120,31.7321777344
16,123,32.7575683594
16,126,33.9477539062
16,129,35.302734375
16,132,36.8957519531
16,135,38.7268066406
16,138,40.8508300781
16,141,43.3227539062
16,144,46.2158203125
16,147,49.5666503906
16,150,53.4118652344
16,153,57.7514648438
16,156,62.4206542969
16,159,66.4489746094
16,162,68.701171875
16,165,69.4885253906
16,168,69.43359375
16,171,68.9392089844
16,174,68.115234375
16,177,66.9799804688
16,180,65.625
16,183,64.0319824219
16,186,62.3107910156
16,189,60.4797363281
16,192,58.6303710938
16,195,56.7810058594
16,198,54.9682617188
16,201,53.2653808594
16,204,51.6357421875
16,207,50.1342773438
16,210,48.7426757812
16,213,47.4792480469
16,216,46.3439941406
16,219,45.3186035156
16,222,44.4396972656
16,225,43.6889648438
16,228,43.0847167969
16,231,42.626953125
16,234,42.2973632812
16,237,42.0776367188
16,240,41.9860839844
16,243,42.0043945312
16,246,42.1508789062
16,249,42.4072265625
16,252,42.7917480469
16,255,43.3044433594
16,258,43.9636230469
16,261,44.7692871094
16,264,45.7214355469
16,267,46.8566894531
16,270,48.1750488281
16,273,49.7314453125
16,276,51.5258789062
16,279,53.61328125
16,282,56.0485839844
16,285,58.8684082031
16,288,62.2009277344
16,291,66.1010742188
16,294,70.751953125
16,297,76.3000488281
16,300,83.0749511719
16,303,91.4245605469
16,306,101.953125
16,309,115.576171875
16,312,133.868408203
16,315,159.777832031
16,318,177.264404297
16,321,165.252685547
16,324,132.843017578
16,327,111.053466797
16,330,97.4304199219
16,333,88.1103515625
16,336,81.3171386719
16,339,76.1535644531
16,342,72.1069335938
16,345,68.8842773438
16,348,66.3024902344
16,351,64.2150878906
16,354,62.5671386719
16,357,61.2670898438
16,360,60.2783203125
17,0,61.9445800781
17,3,61.2121582031
17,6,60.7360839844
17,9,60.5163574219
17,12,60.5346679688
17,15,60.791015625
17,18,61.23046875
17,21,61.8713378906
17,24,62.6770019531
17,27,63.6840820312
17,30,58.59375
17,33,53.7780761719
17,36,49.8229980469
17,39,46.5270996094
17,42,43.7438964844
17,45,41.4001464844
17,48,39.3859863281
17,51,37.646484375
17,54,36.1633300781
17,57,34.8815917969
17,60,33.7829589844
17,63,32.8308105469
17,66,32.0251464844
17,69,31.3293457031
17,72,30.7434082031
17,75,30.2673339844
17,78,29.9011230469
17,81,29.6081542969
17,84,29.4067382812
17,87,29.2785644531
17,90,29.2419433594
17,93,29.2785644531
17,96,29.3884277344
17,99,29.58984375
17,102,29.8828125
17,105,30.2673339844
17,108,30.7250976562
17,111,31.2927246094
17,114,31.9702148438
17,117,32.7758789062
17,120,33.7097167969
17,123,34.7900390625
17,126,36.0534667969
17,129,37.5
17,132,39.1845703125
17,135,41.1254882812
17,138,43.359375
17,141,45.9777832031
17,144,49.0173339844
17,147,52.5512695312
17,150,56.5979003906
17,153,61.1572265625
17,156,66.0461425781
17,159,70.2941894531
17,162,72.7294921875
17,165,73.6267089844
17,168,73.6633300781
17,171,73.1872558594
17,174,72.3266601562
17,177,71.0998535156
17,180,69.5617675781
17,183,67.7490234375
17,186,65.771484375
17,189,63.6840820312
17,192,61.5600585938
17,195,59.4543457031
17,198,57.4035644531
17,201,55.4626464844
17,204,53.6315917969
17,207,51.9653320312
17,210,50.4089355469
17,213,48.9990234375
17,216,47.75390625
17,219,46.6552734375
17,222,45.7214355469
17,225,44.970703125
17,228,44.3481445312
17,231,43.8720703125
17,234,43.5241699219
17,237,43.3044433594
17,240,43.212890625
17,243,43.2312011719
17,246,43.3776855469
17,249,43.65234375
17,252,44.0368652344
17,255,44.5678710938
17,258,45.2453613281
17,261,46.0693359375
17,264,47.0581054688
17,267,48.2116699219
17,270,49.5849609375
17,273,51.1596679688
17,276,53.0090332031
17,279,55.1513671875
17,282,57.6599121094
17,285,60.5712890625
17,288,63.9770507812
17,291,67.9870605469
17,294,72.7478027344
17,297,78.4606933594
17,300,85.4187011719
17,303,93.9880371094
17,306,104.772949219
17,309,118.762207031
17,312,137.548828125
17,315,164.154052734
17,318,176.239013672
17,321,165.435791016
17,324,135.186767578
17,327,113.726806641
17,330,99.9755859375
17,333,90.4907226562
17,336,83.5510253906
17,339,78.2409667969
17,342,74.1027832031
17,345,70.7885742188
17,348,68.1518554688
17,351,66.0095214844
17,354,64.306640625
17,357,62.9699707031
17,360,61.9445800781
18,0,63.6291503906
18,3,62.8784179688
18,6,62.3840332031
18,9,62.1643066406
18,12,62.1643066406
18,15,62.4206542969
18,18,62.9150390625
18,21,63.5925292969
18,24,64.453125
18,27,65.5151367188
18,30,62.0361328125
18,33,56.9458007812
18,36,52.7526855469
18,39,49.2553710938
18,42,46.3256835938
18,45,43.8171386719
18,48,41.6931152344
18,51,39.8620605469
18,54,38.2873535156
18,57,36.9323730469
18,60,35.7604980469
18,63,34.7534179688
18,66,33.8928222656
18,69,33.1787109375
18,72,32.5561523438
18,75,32.0617675781
18,78,31.6589355469
18,81,31.34765625
18,84,31.1279296875
18,87,30.9997558594
18,90,30.9631347656
18,93,30.9997558594
18,96,31.1279296875
18,99,31.3293457031
18,102,31.640625
18,105,32.0434570312
18,108,32.5378417969
18,111,33.1420898438
18,114,33.8562011719
18,117,34.6984863281
18,120,35.6872558594
18,123,36.8408203125
18,126,38.1591796875
18,129,39.697265625
18,132,41.455078125
18,135,43.505859375
18,138,45.8679199219
18,141,48.6145019531
18,144,51.8005371094
18,147,55.4992675781
18,150,59.7473144531
18,153,64.5080566406
18,156,69.6350097656
18,159,74.0844726562
18,162,76.7028808594
18,165,77.7465820312
18,168,77.8747558594
18,171,77.4353027344
18,174,76.5380859375
18,177,75.2014160156
18,180,73.4985351562
18,183,71.4294433594
18,186,69.1955566406
18,189,66.8151855469
18,192,64.4165039062
18,195,62.0361328125
18,198,59.7106933594
18,201,57.5500488281
18,204,55.517578125
18,207,53.6865234375
18,210,51.9653320312
18,213,50.4272460938
18,216,49.1088867188
18,219,47.9736328125
18,222,47.0397949219
18,225,46.2341308594
18,228,45.6115722656
18,231,45.1171875
18,234,44.7692871094
18,237,44.53125
18,240,44.4396972656
18,243,44.4580078125
18,246,44.6044921875
18,249,44.8791503906
18,252,45.3002929688
18,255,45.8312988281
18,258,46.5270996094
18,261,47.3693847656
18,264,48.3764648438
18,267,49.5666503906
18,270,50.9765625
18,273,52.6062011719
18,276,54.5104980469
18,279,56.7077636719
18,282,59.2712402344
18,285,62.255859375
18,288,65.7531738281
18,291,69.8913574219
18,294,74.7619628906
18,297,80.6213378906
18,300,87.7624511719
18,303,96.5515136719
18,306,107.629394531
18,309,121.984863281
18,312,141.265869141
18,315,168.530273438
18,318,175.268554688
18,321,165.765380859
18,324,137.548828125
18,327,116.363525391
18,330,102.502441406
18,333,92.87109375
18,336,85.7849121094
18,339,80.3649902344
18,342,76.1169433594
18,345,72.7294921875
18,348,70.0012207031
18,351,67.8039550781
18,354,66.064453125
18,357,64.6728515625
18,360,63.6291503906
19,0,65.33203125
19,3,64.5446777344
19,6,64.0502929688
19,9,63.8122558594
19,12,63.8305664062
19,15,64.0869140625
19,18,64.599609375
19,21,65.3137207031
19,24,66.2292480469
19,27,67.3461914062
19,30,65.4968261719
19,33,60.1135253906
19,36,55.6823730469
19,39,52.001953125
19,42,48.8891601562
19,45,46.2524414062
19,48,44.0185546875
19,51,42.0776367188
19,54,40.4113769531
19,57,38.9831542969
19,60,37.7563476562
19,63,36.6943359375
19,66,35.7788085938
19,69,35.009765625
19,72,34.3688964844
19,75,33.837890625
19,78,33.4167480469
19,81,33.0871582031
19,84,32.8491210938
19,87,32.7209472656
19,90,32.666015625
19,93,32.7209472656
19,96,32.8491210938
19,99,33.0688476562
19,102,33.3984375
19,105,33.8195800781
19,108,34.3322753906
19,111,34.9731445312
19,114,35.7238769531
19,117,36.62109375
19,120,37.6647949219
19,123,38.8732910156
19,126,40.2648925781
19,129,41.8762207031
19,132,43.7438964844
19,135,45.8862304688
19,138,48.3764648438
19,141,51.2512207031
19,144,54.5837402344
19,147,58.4289550781
19,150,62.8601074219
19,153,67.822265625
19,156,73.1689453125
19,159,77.8198242188
19,162,80.6396484375
19,165,81.8481445312
19,168,82.0495605469
19,171,81.6650390625
19,174,80.7495117188
19,177,79.3029785156
19,180,77.3803710938
19,183,75.0732421875
19,186,72.5463867188
19,189,69.8547363281
19,192,67.1630859375
19,195,64.4897460938
19,198,61.9262695312
19,201,59.5275878906
19,204,57.3120117188
19,207,55.2795410156
19,210,53.4301757812
19,213,51.8371582031
19,216,50.4638671875
19,219,49.3103027344
19,222,48.33984375
19,225,47.5341796875
19,228,46.875
19,231,46.3806152344
19,234,46.0144042969
19,237,45.7763671875
19,240,45.6665039062
19,243,45.703125
19,246,45.849609375
19,249,46.1242675781
19,252,46.5454101562
19,255,47.1130371094
19,258,47.8088378906
19,261,48.6694335938
19,264,49.7131347656
19,267,50.9399414062
19,270,52.3681640625
19,273,54.052734375
19,276,55.9936523438
19,279,58.2641601562
19,282,60.9008789062
19,285,63.9587402344
19,288,67.5476074219
19,291,71.77734375
19,294,76.7761230469
19,297,82.8002929688
19,300,90.1062011719
19,303,99.1149902344
19,306,110.485839844
19,309,125.207519531
19,312,144.982910156
19,315,168.713378906
19,318,174.389648438
19,321,166.058349609
19,324,139.782714844
19,327,119.000244141
19,330,105.065917969
19,333,95.2514648438
19,336,88.0187988281
19,339,82.4890136719
19,342,78.1311035156
19,345,74.6520996094
19,348,71.8688964844
19,351,69.6166992188
19,354,67.822265625
19,357,66.4123535156
19,360,65.33203125
20,0,67.0349121094
20,3,66.2292480469
20,6,65.7165527344
20,9,65.478515625
20,12,65.478515625
20,15,65.7531738281
20,18,66.2841796875
20,21,67.0349121094
20,24,68.0053710938
20,27,69.1955566406
20,30,68.9392089844
20,33,63.28125
20,36,58.6120605469
20,39,54.7302246094
20,42,51.4709472656
20,45,48.6877441406
20,48,46.3256835938
20,51,44.2932128906
20,54,42.5537109375
20,57,41.0339355469
20,60,39.7338867188
20,63,38.6169433594
20,66,37.6647949219
20,69,36.8591308594
20,72,36.181640625
20,75,35.6140136719
20,78,35.1745605469
20,81,34.8266601562
20,84,34.5886230469
20,87,34.4421386719
20,90,34.3872070312
20,93,34.4421386719
20,96,34.5703125
20,99,34.8083496094
20,102,35.15625
20,105,35.595703125
20,108,36.1450195312
20,111,36.8041992188
20,114,37.6098632812
20,117,38.5437011719
20,120,39.6423339844
20,123,40.9057617188
20,126,42.3706054688
20,129,44.0551757812
20,132,46.0144042969
20,135,48.2666015625
20,138,50.8666992188
20,141,53.8513183594
20,144,57.3303222656
20,147,61.3403320312
20,150,65.9362792969
20,153,71.0998535156
20,156,76.6479492188
20,159,81.4819335938
20,162,84.5031738281
20,165,85.8581542969
20,168,86.1877441406
20,171,85.8947753906
20,174,84.9609375
20,177,83.3679199219
20,180,81.2622070312
20,183,78.6804199219
20,186,75.8239746094
20,189,72.8393554688
20,192,69.8181152344
20,195,66.8701171875
20,198,64.0502929688
20,201,61.4135742188
20,204,58.9965820312
20,207,56.7993164062
20,210,54.8767089844
20,213,53.2470703125
20,216,51.8371582031
20,219,50.6469726562
20,222,49.6398925781
20,225,48.8159179688
20,228,48.1384277344
20,231,47.6257324219
20,234,47.2595214844
20,237,47.0031738281
20,240,46.9116210938
20,243,46.9299316406
20,246,47.0947265625
20,249,47.3693847656
20,252,47.8088378906
20,255,48.3764648438
20,258,49.1088867188
20,261,49.9877929688
20,264,51.0498046875
20,267,52.3132324219
20,270,53.7780761719
20,273,55.4992675781
20,276,57.4951171875
20,279,59.8205566406
20,282,62.5122070312
20,285,65.6616210938
20,288,69.3420410156
20,291,73.681640625
20,294,78.80859375
20,297,84.9609375
20,300,92.4682617188
20,303,101.696777344
20,306,113.342285156
20,309,128.448486328
20,312,148.699951172
20,315,168.328857422
20,318,173.583984375
20,321,166.40625
20,324,141.961669922
20,327,121.58203125
20,330,107.574462891
20,333,97.6501464844
20,336,90.2709960938
20,339,84.6130371094
20,342,80.1452636719
20,345,76.5930175781
20,348,73.7365722656
20,351,71.4294433594
20,354,69.5983886719
20,357,68.1335449219
20,360,67.0349121094
21,0,68.7377929688
21,3,67.9321289062
21,6,67.4011230469
21,9,67.1447753906
21,12,67.1447753906
21,15,67.4194335938
21,18,67.96875
21,21,68.7561035156
21,24,69.7814941406
21,27,71.0266113281
21,30,72.3999023438
21,33,66.4489746094
21,36,61.5417480469
21,39,57.4768066406
21,42,54.0344238281
21,45,51.123046875
21,48,48.6511230469
21,51,46.5087890625
21,54,44.677734375
21,57,43.0847167969
21,60,41.7297363281
21,63,40.5395507812
21,66,39.55078125
21,69,38.6901855469
21,72,37.9760742188
21,75,37.3901367188
21,78,36.9140625
21,81,36.5661621094
21,84,36.3098144531
21,87,36.1633300781
21,90,36.1083984375
21,93,36.1633300781
21,96,36.3098144531
21,99,36.5478515625
21,102,36.8957519531
21,105,37.3718261719
21,108,37.939453125
21,111,38.6352539062
21,114,39.4775390625
21,117,40.4663085938
21,120,41.6015625
21,123,42.9382324219
21,126,44.4763183594
21,129,46.2341308594
21,132,48.2849121094
21,135,50.6286621094
21,138,53.3386230469
21,141,56.4697265625
21,144,60.05859375
21,147,64.1967773438
21,150,68.9758300781
21,153,74.3408203125
21,156,80.0720214844
21,159,85.107421875
21,162,88.3117675781
21,165,89.8315429688
21,168,90.3259277344
21,171,90.1245117188
21,174,89.1540527344
21,177,87.4328613281
21,180,85.0891113281
21,183,82.2326660156
21,186,79.0649414062
21,189,75.732421875
21,192,72.3815917969
21,195,69.140625
21,198,66.064453125
21,201,63.2080078125
21,204,60.6079101562
21,207,58.30078125
21,210,56.3232421875
21,213,54.6569824219
21,216,53.2104492188
21,219,51.9836425781
21,222,50.9582519531
21,225,50.09765625
21,228,49.4201660156
21,231,48.8891601562
21,234,48.5046386719
21,237,48.2482910156
21,240,48.1567382812
21,243,48.1750488281
21,246,48.3215332031
21,249,48.6328125
21,252,49.072265625
21,255,49.658203125
21,258,50.390625
21,261,51.3061523438
21,264,52.3864746094
21,267,53.6865234375
21,270,55.2062988281
21,273,56.9458007812
21,276,58.9965820312
21,279,61.376953125
21,282,64.1418457031
21,285,67.3645019531
21,288,71.1547851562
21,291,75.5859375
21,294,80.8410644531
21,297,87.158203125
21,300,94.8303222656
21,303,104.296875
21,306,116.235351562
21,309,131.707763672
21,312,152.435302734
21,315,167.980957031
21,318,172.869873047
21,321,166.680908203
21,324,144.085693359
21,327,124.145507812
21,330,110.101318359
21,333,100.030517578
21,336,92.5231933594
21,339,86.7370605469
21,342,82.1960449219
21,345,78.5522460938
21,348,75.6225585938
21,351,73.2604980469
21,354,71.3745117188
21,357,69.873046875
21,360,68.7377929688
22,0,70.458984375
22,3,69.6166992188
22,6,69.0856933594
22,9,68.8110351562
22,12,68.8293457031
22,15,69.1040039062
22,18,69.6533203125
22,21,70.4772949219
22,24,71.5576171875
22,27,72.8576660156
22,30,74.3957519531
22,33,69.6166992188
22,36,64.4714355469
22,39,60.205078125
22,42,56.6162109375
22,45,53.5583496094
22,48,50.9582519531
22,51,48.7243652344
22,54,46.8017578125
22,57,45.1354980469
22,60,43.7072753906
22,63,42.48046875
22,66,41.4184570312
22,69,40.5395507812
22,72,39.7888183594
22,75,39.1662597656
22,78,38.671875
22,81,38.3056640625
22,84,38.0310058594
22,87,37.8845214844
22,90,37.8295898438
22,93,37.8662109375
22,96,38.0310058594
22,99,38.2873535156
22,102,38.6535644531
22,105,39.1479492188
22,108,39.7521972656
22,111,40.4846191406
22,114,41.3452148438
22,117,42.3706054688
22,120,43.5791015625
22,123,44.970703125
22,126,46.5637207031
22,129,48.4130859375
22,132,50.5554199219
22,135,52.9907226562
22,138,55.810546875
22,141,59.0515136719
22,144,62.7685546875
22,147,67.0532226562
22,150,71.9604492188
22,153,77.5268554688
22,156,83.4411621094
22,159,88.6596679688
22,162,92.0654296875
22,165,93.75
22,168,94.4274902344
22,171,94.3176269531
22,174,93.3471679688
22,177,91.4978027344
22,180,88.916015625
22,183,85.7482910156
22,186,82.2326660156
22,189,78.5522460938
22,192,74.8718261719
22,195,71.3195800781
22,198,67.9870605469
22,201,64.892578125
22,204,62.1643066406
22,207,59.8022460938
22,210,57.7880859375
22,213,56.0668945312
22,216,54.5837402344
22,219,53.3386230469
22,222,52.2766113281
22,225,51.3977050781
22,228,50.7019042969
22,231,50.1525878906
22,234,49.7497558594
22,237,49.4934082031
22,240,49.3835449219
22,243,49.4201660156
22,246,49.5666503906
22,249,49.8779296875
22,252,50.3356933594
22,255,50.9216308594
22,258,51.6906738281
22,261,52.6245117188
22,264,53.7414550781
22,267,55.0598144531
22,270,56.5979003906
22,273,58.4106445312
22,276,60.5163574219
22,279,62.9516601562
22,282,65.7897949219
22,285,69.0856933594
22,288,72.94921875
22,291,77.490234375
22,294,82.8735351562
22,297,89.35546875
22,300,97.1923828125
22,303,106.896972656
22,306,119.110107422
22,309,134.985351562
22,312,156.188964844
22,315,167.687988281
22,318,172.265625
22,321,166.882324219
22,324,146.044921875
22,327,126.672363281
22,330,112.591552734
22,333,102.410888672
22,336,94.775390625
22,339,88.8793945312
22,342,84.228515625
22,345,80.5114746094
22,348,77.5085449219
22,351,75.0915527344
22,354,73.1506347656
22,357,71.630859375
22,360,70.458984375
23,0,72.1984863281
23,3,71.337890625
23,6,70.7702636719
23,9,70.4956054688
23,12,70.5139160156
23,15,70.7885742188
23,18,71.3562011719
23,21,72.216796875
23,24,73.3337402344
23,27,74.6887207031
23,30,76.3000488281
23,33,72.7844238281
23,36,67.4194335938
23,39,62.9516601562
23,42,59.1796875
23,45,55.9936523438
23,48,53.2653808594
23,51,50.9399414062
23,54,48.92578125
23,57,47.1862792969
23,60,45.6848144531
23,63,44.4030761719
23,66,43.3044433594
23,69,42.3706054688
23,72,41.5832519531
23,75,40.9423828125
23,78,40.4296875
23,81,40.0451660156
23,84,39.7705078125
23,87,39.6057128906
23,90,39.5324707031
23,93,39.5874023438
23,96,39.7521972656
23,99,40.0268554688
23,102,40.4113769531
23,105,40.9057617188
23,108,41.5466308594
23,111,42.3156738281
23,114,43.2312011719
23,117,44.2932128906
23,120,45.5383300781
23,123,47.0031738281
23,126,48.6694335938
23,129,50.5920410156
23,132,52.8076171875
23,135,55.3527832031
23,138,58.2824707031
23,141,61.6333007812
23,144,65.4602050781
23,147,69.873046875
23,150,74.9267578125
23,153,80.6579589844
23,156,86.7553710938
23,159,92.1569824219
23,162,95.7641601562
23,165,97.6318359375
23,168,98.5290527344
23,171,98.5290527344
23,174,97.5402832031
23,177,95.5261230469
23,180,92.7062988281
23,183,89.2272949219
23,186,85.3454589844
23,189,81.298828125
23,192,77.2705078125
23,195,73.4069824219
23,198,69.8181152344
23,201,66.5222167969
23,204,63.7390136719
23,207,61.3220214844
23,210,59.2529296875
23,213,57.4768066406
23,216,55.95703125
23,219,54.6752929688
23,222,53.5949707031
23,225,52.6977539062
23,228,51.9836425781
23,231,51.416015625
23,234,51.0131835938
23,237,50.7385253906
23,240,50.6286621094
23,243,50.6469726562
23,246,50.8117675781
23,249,51.1413574219
23,252,51.5991210938
23,255,52.2033691406
23,258,52.9907226562
23,261,53.9428710938
23,264,55.078125
23,267,56.4331054688
23,270,58.0261230469
23,273,59.8571777344
23,276,62.0178222656
23,279,64.5080566406
23,282,67.4194335938
23,285,70.7885742188
23,288,74.7436523438
23,291,79.39453125
23,294,84.9243164062
23,297,91.5344238281
23,300,99.5727539062
23,303,109.497070312
23,306,122.021484375
23,309,138.262939453
23,312,159.942626953
23,315,167.449951172
23,318,171.771240234
23,321,167.083740234
23,324,147.985839844
23,327,129.144287109
23,330,115.081787109
23,333,104.791259766
23,336,97.0275878906
23,339,91.0217285156
23,342,86.279296875
23,345,82.470703125
23,348,79.39453125
23,351,76.9226074219
23,354,74.9450683594
23,357,73.388671875
23,360,72.1984863281
24,0,73.9196777344
24,3,73.0407714844
24,6,72.4731445312
24,9,72.1984863281
24,12,72.1984863281
24,15,72.4914550781
24,18,73.0590820312
24,21,73.9379882812
24,24,75.0915527344
24,27,76.5014648438
24,30,78.1860351562
24,33,75.9521484375
24,36,70.3491210938
24,39,65.6799316406
24,42,61.7614746094
24,45,58.4289550781
24,48,55.5908203125
24,51,53.1555175781
24,54,51.0498046875
24,57,49.2370605469
24,60,47.6806640625
24,63,46.3256835938
24,66,45.1904296875
24,69,44.2199707031
24,72,43.3959960938
24,75,42.7185058594
24,78,42.1875
24,81,41.7846679688
24,84,41.4916992188
24,87,41.30859375
24,90,41.2536621094
24,93,41.30859375
24,96,41.4733886719
24,99,41.7663574219
24,102,42.1691894531
24,105,42.6818847656
24,108,43.3410644531
24,111,44.1467285156
24,114,45.0988769531
24,117,46.2158203125
24,120,47.5158691406
24,123,49.0173339844
24,126,50.7568359375
24,129,52.7709960938
24,132,55.0598144531
24,135,57.71484375
24,138,60.7360839844
24,141,64.1967773438
24,144,68.1518554688
24,147,72.65625
24,150,77.8381347656
24,153,83.7341308594
24,156,90.0146484375
24,159,95.5993652344
24,162,99.4079589844
24,165,101.477050781
24,168,102.612304688
24,171,102.722167969
24,174,101.715087891
24,177,99.5544433594
24,180,96.4782714844
24,183,92.6513671875
24,186,88.3850097656
24,189,83.9721679688
24,192,79.5776367188
24,195,75.4028320312
24,198,71.5759277344
24,201,68.1701660156
24,204,65.3137207031
24,207,62.8234863281
24,210,60.7177734375
24,213,58.88671875
24,216,57.3303222656
24,219,56.0302734375
24,222,54.9133300781
24,225,53.9978027344
24,228,53.2653808594
24,231,52.6794433594
24,234,52.2583007812
24,237,52.001953125
24,240,51.8737792969
24,243,51.8920898438
24,246,52.0751953125
24,249,52.4047851562
24,252,52.8625488281
24,255,53.4851074219
24,258,54.2907714844
24,261,55.2612304688
24,264,56.4331054688
24,267,57.8247070312
24,270,59.4360351562
24,273,61.3220214844
24,276,63.5375976562
24,279,66.0827636719
24,282,69.0673828125
24,285,72.509765625
24,288,76.5563964844
24,291,81.3171386719
24,294,86.9567871094
24,297,93.7316894531
24,300,101.971435547
24,303,112.115478516
24,306,124.932861328
24,309,141.558837891
24,312,161.389160156
24,315,167.303466797
24,318,171.350097656
24,321,167.175292969
24,324,149.816894531
24,327,131.616210938
24,330,117.535400391
24,333,107.153320312
24,336,99.2797851562
24,339,93.1640625
24,342,88.330078125
24,345,84.4299316406
24,348,81.298828125
24,351,78.7719726562
24,354,76.7395019531
24,357,75.146484375
24,360,73.9196777344
25,0,75.6591796875
25,3,74.7619628906
25,6,74.1760253906
25,9,73.8830566406
25,12,73.9013671875
25,15,74.1943359375
25,18,74.7802734375
25,21,75.6591796875
25,24,76.8676757812
25,27,78.3325195312
25,30,80.0903320312
25,33,79.1198730469
25,36,73.2788085938
25,39,68.4265136719
25,42,64.3432617188
25,45,60.8642578125
25,48,57.8979492188
25,51,55.3527832031
25,54,53.173828125
25,57,51.2878417969
25,60,49.658203125
25,63,48.2666015625
25,66,47.0581054688
25,69,46.0510253906
25,72,45.2087402344
25,75,44.4946289062
25,78,43.9453125
25,81,43.5241699219
25,84,43.212890625
25,87,43.0297851562
25,90,42.9748535156
25,93,43.0297851562
25,96,43.1945800781
25,99,43.4875488281
25,102,43.9086914062
25,105,44.4580078125
25,108,45.1538085938
25,111,45.9777832031
25,114,46.9665527344
25,117,48.1201171875
25,120,49.4750976562
25,123,51.0498046875
25,126,52.8625488281
25,129,54.931640625
25,132,57.3120117188
25,135,60.05859375
25,138,63.1713867188
25,141,66.7419433594
25,144,70.8068847656
25,147,75.4211425781
25,150,80.712890625
25,153,86.7553710938
25,156,93.2189941406
25,159,98.9685058594
25,162,102.978515625
25,165,105.285644531
25,168,106.658935547
25,171,106.896972656
25,174,105.871582031
25,177,103.582763672
25,180,100.213623047
25,183,96.0205078125
25,186,91.3696289062
25,189,86.5539550781
25,192,81.8115234375
25,195,77.3254394531
25,198,73.2971191406
25,201,69.8181152344
25,204,66.8884277344
25,207,64.3432617188
25,210,62.1826171875
25,213,60.3149414062
25,216,58.7219238281
25,219,57.3852539062
25,222,56.2316894531
25,225,55.2978515625
25,228,54.5471191406
25,231,53.9428710938
25,234,53.5217285156
25,237,53.2470703125
25,240,53.1372070312
25,243,53.1555175781
25,246,53.3203125
25,249,53.6499023438
25,252,54.1259765625
25,255,54.7668457031
25,258,55.5908203125
25,261,56.5795898438
25,264,57.7697753906
25,267,59.1979980469
25,270,60.8459472656
25,273,62.7868652344
25,276,65.0390625
25,279,67.6574707031
25,282,70.6970214844
25,285,74.2492675781
25,288,78.369140625
25,291,83.2397460938
25,294,89.0075683594
25,297,95.947265625
25,300,104.351806641
25,303,114.733886719
25,306,127.844238281
25,309,144.854736328
25,312,161.462402344
25,315,167.211914062
25,318,171.038818359
25,321,167.395019531
25,324,151.538085938
25,327,133.959960938
25,330,120.007324219
25,333,109.533691406
25,336,101.531982422
25,339,95.3063964844
25,342,90.380859375
25,345,86.4074707031
25,348,83.203125
25,351,80.6213378906
25,354,78.5522460938
25,357,76.904296875
25,360,75.6591796875
26,0,77.3986816406
26,3,76.4831542969
26,6,75.87890625
26,9,75.5859375
26,12,75.5859375
26,15,75.8972167969
26,18,76.5014648438
26,21,77.3986816406
26,24,78.6437988281
26,27,80.1635742188
26,30,81.9763183594
26,33,82.2875976562
26,36,76.2084960938
26,39,71.1547851562
26,42,66.9067382812
26,45,63.2995605469
26,48,60.2233886719
26,51,57.568359375
26,54,55.2978515625
26,57,53.3386230469
26,60,51.6357421875
26,63,50.1892089844
26,66,48.9440917969
26,69,47.900390625
26,72,47.0031738281
26,75,46.2707519531
26,78,45.703125
26,81,45.2453613281
26,84,44.9340820312
26,87,44.7509765625
26,90,44.677734375
26,93,44.7509765625
26,96,44.9340820312
26,99,45.2270507812
26,102,45.6665039062
26,105,46.2341308594
26,108,46.9482421875
26,111,47.8088378906
26,114,48.8342285156
26,117,50.0427246094
26,120,51.4526367188
26,123,53.0639648438
26,126,54.9499511719
26,129,57.0922851562
26,132,59.5642089844
26,135,62.3840332031
26,138,65.6066894531
26,141,69.2687988281
26,144,73.4436035156
26,147,78.1677246094
26,150,83.5693359375
26,153,89.7399902344
26,156,96.3684082031
26,159,102.264404297
26,162,106.512451172
26,165,109.057617188
26,168,110.668945312
26,171,111.03515625
26,174,110.028076172
26,177,107.574462891
26,180,103.912353516
26,183,99.3530273438
26,186,94.2993164062
26,189,89.0808105469
26,192,83.9538574219
26,195,79.1564941406
26,198,75.0183105469
26,201,71.4660644531
26,204,68.4631347656
26,207,65.8630371094
26,210,63.6474609375
26,213,61.7248535156
26,216,60.0952148438
26,219,58.740234375
26,222,57.568359375
26,225,56.5979003906
26,228,55.8288574219
26,231,55.224609375
26,234,54.78515625
26,237,54.5104980469
26,240,54.3823242188
26,243,54.4006347656
26,246,54.5837402344
26,249,54.9133300781
26,252,55.4077148438
26,255,56.0668945312
26,258,56.8908691406
26,261,57.9162597656
26,264,59.1247558594
26,267,60.5895996094
26,270,62.2741699219
26,273,64.2700195312
26,276,66.5588378906
26,279,69.2504882812
26,282,72.3449707031
26,285,75.9704589844
26,288,80.1818847656
26,291,85.1623535156
26,294,91.0583496094
26,297,98.14453125
26,300,106.750488281
26,303,117.352294922
26,306,130.773925781
26,309,148.150634766
26,312,161.627197266
26,315,167.175292969
26,318,170.837402344
26,321,167.523193359
26,324,153.204345703
26,327,136.303710938
26,330,122.424316406
26,333,111.877441406
26,336,103.784179688
26,339,97.4487304688
26,342,92.431640625
26,345,88.3850097656
26,348,85.107421875
26,351,82.470703125
26,354,80.3649902344
26,357,78.6804199219
26,360,77.3986816406
27,0,78.955078125
27,3,78.0212402344
27,6,77.3986816406
27,9,77.1057128906
27,12,77.1057128906
27,15,77.4169921875
27,18,78.0212402344
27,21,78.9367675781
27,24,80.2001953125
27,27,81.7749023438
27,30,83.642578125
27,33,85.4553222656
27,36,79.1381835938
27,39,73.9013671875
27,42,69.4885253906
27,45,65.7348632812
27,48,62.5305175781
27,51,59.7839355469
27,54,57.421875
27,57,55.3894042969
27,60,53.6315917969
27,63,52.1118164062
27,66,50.830078125
27,69,49.7314453125
27,72,48.8159179688
27,75,48.0651855469
27,78,47.4426269531
27,81,46.9848632812
27,84,46.6552734375
27,87,46.4721679688
27,90,46.3989257812
27,93,46.4538574219
27,96,46.6552734375
27,99,46.9665527344
27,102,47.4243164062
27,105,48.0102539062
27,108,48.7426757812
27,111,49.6398925781
27,114,50.7019042969
27,117,51.9470214844
27,120,53.4118652344
27,123,55.0964355469
27,126,57.0373535156
27,129,59.2529296875
27,132,61.7980957031
27,135,64.7094726562
27,138,68.0236816406
27,141,71.7956542969
27,144,76.0620117188
27,147,80.8776855469
27,150,86.3708496094
27,153,92.6696777344
27,156,99.4079589844
27,159,105.46875
27,162,109.918212891
27,165,112.719726562
27,168,114.55078125
27,171,115.063476562
27,174,114.038085938
27,177,111.419677734
27,180,107.427978516
27,183,102.465820312
27,186,96.9543457031
27,189,91.3330078125
27,192,85.83984375
27,195,80.8044433594
27,198,76.5930175781
27,201,72.9675292969
27,204,69.9096679688
27,207,67.236328125
27,210,64.9841308594
27,213,63.0249023438
27,216,61.376953125
27,219,59.9670410156
27,222,58.7768554688
27,225,57.8063964844
27,228,57.0190429688
27,231,56.396484375
27,234,55.9387207031
27,237,55.6640625
27,240,55.517578125
27,243,55.5541992188
27,246,55.7373046875
27,249,56.0668945312
27,252,56.5612792969
27,255,57.2387695312
27,258,58.0993652344
27,261,59.1247558594
27,264,60.3881835938
27,267,61.8530273438
27,270,63.5925292969
27,273,65.625
27,276,67.96875
27,279,70.6970214844
27,282,73.8647460938
27,285,77.5451660156
27,288,81.8664550781
27,291,86.9384765625
27,294,92.9626464844
27,297,100.177001953
27,300,108.947753906
27,303,119.769287109
27,306,133.447265625
27,309,151.190185547
27,312,161.224365234
27,315,166.662597656
27,318,170.288085938
27,321,167.504882812
27,324,154.449462891
27,327,138.262939453
27,330,124.566650391
27,333,113.96484375
27,336,105.798339844
27,339,99.3713378906
27,342,94.2626953125
27,345,90.1611328125
27,348,86.8286132812
27,351,84.1369628906
27,354,81.9763183594
27,357,80.2734375
27,360,78.955078125
28,0,80.0170898438
28,3,79.0466308594
28,6,78.4240722656
28,9,78.1127929688
28,12,78.1127929688
28,15,78.4057617188
28,18,79.0100097656
28,21,79.9438476562
28,24,81.2072753906
28,27,82.8186035156
28,30,84.7229003906
28,33,86.9567871094
28,36,82.0861816406
28,39,76.6296386719
28,42,72.0520019531
28,45,68.1701660156
28,48,64.8559570312
28,51,61.9995117188
28,54,59.5458984375
28,57,57.4401855469
28,60,55.6091308594
28,63,54.052734375
28,66,52.6977539062
28,69,51.5625
28,72,50.6103515625
28,75,49.8229980469
28,78,49.2004394531
28,81,48.7243652344
28,84,48.3947753906
28,87,48.1750488281
28,90,48.1201171875
28,93,48.1750488281
28,96,48.3764648438
28,99,48.7060546875
28,102,49.1638183594
28,105,49.7863769531
28,108,50.537109375
28,111,51.4709472656
28,114,52.5695800781
28,117,53.8513183594
28,120,55.37109375
28,123,57.1105957031
28,126,59.1064453125
28,129,61.4135742188
28,132,64.0319824219
28,135,67.0349121094
28,138,70.4406738281
28,141,74.2858886719
28,144,78.6437988281
28,147,83.5510253906
28,150,89.1357421875
28,153,95.4895019531
28,156,102.319335938
28,159,108.489990234
28,162,113.0859375
28,165,116.125488281
28,168,118.176269531
28,171,118.798828125
28,174,117.700195312
28,177,114.825439453
28,180,110.412597656
28,183,105.029296875
28,186,98.9868164062
28,189,92.9260253906
28,192,87.1215820312
28,195,82.0129394531
28,198,77.7099609375
28,201,74.0844726562
28,204,70.9533691406
28,207,68.2800292969
28,210,65.9729003906
28,213,64.013671875
28,216,62.3474121094
28,219,60.9008789062
28,222,59.6923828125
28,225,58.7036132812
28,228,57.8979492188
28,231,57.275390625
28,234,56.8176269531
28,237,56.5246582031
28,240,56.396484375
28,243,56.4331054688
28,246,56.6162109375
28,249,56.9458007812
28,252,57.4584960938
28,255,58.1359863281
28,258,58.9965820312
28,261,60.05859375
28,264,61.3220214844
28,267,62.8234863281
28,270,64.599609375
28,273,66.6320800781
28,276,69.0307617188
28,279,71.7956542969
28,282,75
28,285,78.7353515625
28,288,83.1115722656
28,291,88.2568359375
28,294,94.3725585938
28,297,101.696777344
28,300,110.595703125
28,303,121.58203125
28,306,135.461425781
28,309,153.277587891
28,312,159.210205078
28,315,164.739990234
28,318,168.621826172
28,321,166.717529297
28,324,154.907226562
28,327,139.416503906
28,330,125.921630859
28,333,115.356445312
28,336,107.153320312
28,339,100.689697266
28,342,95.5261230469
28,345,91.3696289062
28,348,88.0004882812
28,351,85.2722167969
28,354,83.0749511719
28,357,81.3537597656
28,360,80.0170898438
29,0,81.0974121094
29,3,80.126953125
29,6,79.4677734375
29,9,79.1564941406
29,12,79.1381835938
29,15,79.4311523438
29,18,80.0537109375
29,21,80.9692382812
29,24,82.2509765625
29,27,83.8806152344
29,30,85.83984375
29,33,88.1286621094
29,36,85.0158691406
29,39,79.3762207031
29,42,74.6337890625
29,45,70.60546875
29,48,67.1630859375
29,51,64.2150878906
29,54,61.669921875
29,57,59.47265625
29,60,57.5866699219
29,63,55.9753417969
29,66,54.5837402344
29,69,53.4118652344
29,72,52.4230957031
29,75,51.5991210938
29,78,50.9582519531
29,81,50.4638671875
29,84,50.1159667969
29,87,49.8962402344
29,90,49.8229980469
29,93,49.8962402344
29,96,50.09765625
29,99,50.4272460938
29,102,50.9216308594
29,105,51.5441894531
29,108,52.3315429688
29,111,53.2836914062
29,114,54.4372558594
29,117,55.7739257812
29,120,57.3303222656
29,123,59.1247558594
29,126,61.1938476562
29,129,63.5559082031
29,132,66.2658691406
29,135,69.3420410156
29,138,72.8210449219
29,141,76.7761230469
29,144,81.2072753906
29,147,86.2060546875
29,150,91.845703125
29,153,98.2543945312
29,156,105.157470703
29,159,111.419677734
29,162,116.162109375
29,165,119.494628906
29,168,121.765136719
29,171,122.497558594
29,174,121.343994141
29,177,118.176269531
29,180,113.360595703
29,183,107.427978516
29,186,100.927734375
29,189,94.4274902344
29,192,88.3666992188
29,195,83.2397460938
29,198,78.8818359375
29,201,75.2014160156
29,204,72.0336914062
29,207,69.3420410156
29,210,66.9982910156
29,213,65.0024414062
29,216,63.2995605469
29,219,61.8347167969
29,222,60.6262207031
29,225,59.6008300781
29,228,58.7951660156
29,231,58.1726074219
29,234,57.6965332031
29,237,57.4035644531
29,240,57.275390625
29,243,57.3120117188
29,246,57.4951171875
29,249,57.8430175781
29,252,58.3557128906
29,255,59.0515136719
29,258,59.9304199219
29,261,60.9924316406
29,264,62.2741699219
29,267,63.8122558594
29,270,65.5883789062
29,273,67.67578125
29,276,70.0927734375
29,279,72.8942871094
29,282,76.1535644531
29,285,79.9438476562
29,288,84.375
29,291,89.5935058594
29,294,95.80078125
29,297,103.216552734
29,300,112.243652344
29,303,123.376464844
29,306,137.457275391
29,309,151.281738281
29,312,157.196044922
29,315,162.780761719
29,318,166.955566406
29,321,165.930175781
29,324,155.346679688
29,327,140.551757812
29,330,127.331542969
29,333,116.784667969
29,336,108.544921875
29,339,102.026367188
29,342,96.826171875
29,345,92.6147460938
29,348,89.208984375
29,351,86.42578125
29,354,84.2102050781
29,357,82.4523925781
29,360,81.0974121094
30,0,82.2143554688
30,3,81.2072753906
30,6,80.5480957031
30,9,80.2185058594
30,12,80.2001953125
30,15,80.4931640625
30,18,81.0974121094
30,21,82.03125
30,24,83.3129882812
30,27,84.9609375
30,30,86.9567871094
30,33,89.3005371094
30,36,87.9455566406
30,39,82.1044921875
30,42,77.197265625
30,45,73.0407714844
30,48,69.4702148438
30,51,66.4306640625
30,54,63.7939453125
30,57,61.5234375
30,60,59.5825195312
30,63,57.8979492188
30,66,56.4697265625
30,69,55.2429199219
30,72,54.2175292969
30,75,53.3752441406
30,78,52.7160644531
30,81,52.2033691406
30,84,51.8371582031
30,87,51.6174316406
30,90,51.5441894531
30,93,51.5991210938
30,96,51.8188476562
30,99,52.1667480469
30,102,52.6611328125
30,105,53.3203125
30,108,54.1259765625
30,111,55.1147460938
30,114,56.2866210938
30,117,57.6782226562
30,120,59.2712402344
30,123,61.1389160156
30,126,63.2629394531
30,129,65.6982421875
30,132,68.4814453125
30,135,71.630859375
30,138,75.2014160156
30,141,79.2297363281
30,144,83.7524414062
30,147,88.8244628906
30,150,94.5373535156
30,153,100.982666016
30,156,107.904052734
30,159,114.276123047
30,162,119.165039062
30,165,122.790527344
30,168,125.317382812
30,171,126.177978516
30,174,124.914550781
30,177,121.472167969
30,180,116.217041016
30,183,109.753417969
30,186,102.777099609
30,189,95.8374023438
30,192,89.6301269531
30,195,84.4665527344
30,198,80.0720214844
30,201,76.3366699219
30,204,73.1323242188
30,207,70.3857421875
30,210,68.0236816406
30,213,66.0095214844
30,216,64.2700195312
30,219,62.8051757812
30,222,61.5600585938
30,225,60.5346679688
30,228,59.7106933594
30,231,59.0515136719
30,234,58.59375
30,237,58.30078125
30,240,58.154296875
30,243,58.1909179688
30,246,58.3740234375
30,249,58.740234375
30,252,59.2529296875
30,255,59.9487304688
30,258,60.8459472656
30,261,61.9262695312
30,264,63.2446289062
30,267,64.7827148438
30,270,66.5954589844
30,273,68.701171875
30,276,71.1547851562
30,279,73.9929199219
30,282,77.3071289062
30,285,81.15234375
30,288,85.6384277344
30,291,90.9301757812
30,294,97.2290039062
30,297,104.736328125
30,300,113.891601562
30,303,125.207519531
30,306,139.471435547
30,309,149.285888672
30,312,155.218505859
30,315,160.83984375
30,318,165.270996094
30,321,165.069580078
30,324,155.767822266
30,327,141.723632812
30,330,128.741455078
30,333,118.249511719
30,336,109.973144531
30,339,103.399658203
30,342,98.14453125
30,345,93.896484375
30,348,90.4357910156
30,351,87.6342773438
30,354,85.3820800781
30,357,83.5876464844
30,360,82.2143554688
31,0,83.349609375
31,3,82.32421875
31,6,81.6650390625
31,9,81.3171386719
31,12,81.298828125
31,15,81.5734863281
31,18,82.1960449219
31,21,83.1298828125
31,24,84.4116210938
31,27,86.0778808594
31,30,88.1103515625
31,33,90.5090332031
31,36,90.8752441406
31,39,84.8510742188
31,42,79.7790527344
31,45,75.4760742188
31,48,71.7956542969
31,51,68.6279296875
31,54,65.91796875
31,57,63.57421875
31,60,61.5600585938
31,63,59.8205566406
31,66,58.3374023438
31,69,57.0739746094
31,72,56.0302734375
31,75,55.1513671875
31,78,54.4555664062
31,81,53.9245605469
31,84,53.5583496094
31,87,53.3386230469
31,90,53.2470703125
31,93,53.3203125
31,96,53.5400390625
31,99,53.90625
31,102,54.4189453125
31,105,55.078125
31,108,55.9204101562
31,111,56.9458007812
31,114,58.154296875
31,117,59.5825195312
31,120,61.23046875
31,123,63.134765625
31,126,65.33203125
31,129,67.8405761719
31,132,70.6970214844
31,135,73.9196777344
31,138,77.5817871094
31,141,81.6833496094
31,144,86.279296875
31,147,91.4245605469
31,150,97.2106933594
31,153,103.674316406
31,156,110.595703125
31,159,117.041015625
31,162,122.113037109
31,165,126.068115234
31,168,128.833007812
31,171,129.821777344
31,174,128.448486328
31,177,124.713134766
31,180,119.036865234
31,183,112.005615234
31,186,104.534912109
31,189,97.2106933594
31,192,90.9484863281
31,195,85.693359375
31,198,81.2622070312
31,201,77.4719238281
31,204,74.2492675781
31,207,71.4477539062
31,210,69.0673828125
31,213,66.9982910156
31,216,65.2404785156
31,219,63.7573242188
31,222,62.4938964844
31,225,61.4501953125
31,228,60.6079101562
31,231,59.9670410156
31,234,59.4909667969
31,237,59.1796875
31,240,59.0515136719
31,243,59.0881347656
31,246,59.2712402344
31,249,59.619140625
31,252,60.1684570312
31,255,60.8642578125
31,258,61.7614746094
31,261,62.8784179688
31,264,64.1967773438
31,267,65.771484375
31,270,67.6025390625
31,273,69.7448730469
31,276,72.216796875
31,279,75.1098632812
31,282,78.4423828125
31,285,82.3425292969
31,288,86.9018554688
31,291,92.28515625
31,294,98.6389160156
31,297,106.274414062
31,300,115.557861328
31,303,127.020263672
31,306,141.448974609
31,309,147.308349609
31,312,153.22265625
31,315,158.917236328
31,318,163.623046875
31,321,164.208984375
31,324,156.188964844
31,327,142.858886719
31,330,130.151367188
31,333,119.714355469
31,336,111.419677734
31,339,104.809570312
31,342,99.4995117188
31,345,95.1965332031
31,348,91.69921875
31,351,88.8427734375
31,354,86.5539550781
31,357,84.7412109375
31,360,83.349609375
32,0,84.5031738281
32,3,83.4777832031
32,6,82.7819824219
32,9,82.4340820312
32,12,82.3974609375
32,15,82.6904296875
32,18,83.2946777344
32,21,84.2468261719
32,24,85.546875
32,27,87.2314453125
32,30,89.3005371094
32,33,91.7358398438
32,36,93.8232421875
32,39,87.59765625
32,42,82.3425292969
32,45,77.8930664062
32,48,74.1027832031
32,51,70.8435058594
32,54,68.0419921875
32,57,65.625
32,60,63.5375976562
32,63,61.7431640625
32,66,60.2233886719
32,69,58.9233398438
32,72,57.8247070312
32,75,56.9274902344
32,78,56.2133789062
32,81,55.6640625
32,84,55.2795410156
32,87,55.0415039062
32,90,54.9682617188
32,93,55.0415039062
32,96,55.2612304688
32,99,55.6274414062
32,102,56.1584472656
32,105,56.8542480469
32,108,57.71484375
32,111,58.7768554688
32,114,60.0219726562
32,117,61.4868164062
32,120,63.1896972656
32,123,65.1489257812
32,126,67.4011230469
32,129,69.9645996094
32,132,72.8942871094
32,135,76.2084960938
32,138,79.9438476562
32,141,84.1186523438
32,144,88.76953125
32,147,93.9880371094
32,150,99.8291015625
32,153,106.329345703
32,156,113.214111328
32,159,119.732666016
32,162,125.024414062
32,165,129.290771484
32,168,132.312011719
32,171,133.428955078
32,174,131.964111328
32,177,127.899169922
32,180,121.728515625
32,183,114.147949219
32,186,106.182861328
32,189,98.6022949219
32,192,92.2668457031
32,195,86.9750976562
32,198,82.4890136719
32,201,78.6254882812
32,204,75.3479003906
32,207,72.5280761719
32,210,70.1110839844
32,213,68.0236816406
32,216,66.2292480469
32,219,64.7094726562
32,222,63.427734375
32,225,62.3840332031
32,228,61.5234375
32,231,60.8642578125
32,234,60.3881835938
32,237,60.0769042969
32,240,59.9487304688
32,243,59.9670410156
32,246,60.1684570312
32,249,60.5346679688
32,252,61.0656738281
32,255,61.7980957031
32,258,62.6953125
32,261,63.8122558594
32,264,65.1672363281
32,267,66.7419433594
32,270,68.6096191406
32,273,70.7702636719
32,276,73.2971191406
32,279,76.2084960938
32,282,79.6142578125
32,285,83.5510253906
32,288,88.18359375
32,291,93.6218261719
32,294,100.067138672
32,297,107.8125
32,300,117.224121094
32,303,128.833007812
32,306,139.947509766
32,309,145.330810547
32,312,151.208496094
32,315,156.976318359
32,318,161.920166016
32,321,163.256835938
32,324,156.500244141
32,327,143.994140625
32,330,131.579589844
32,333,121.215820312
32,336,112.884521484
32,339,106.219482422
32,342,100.872802734
32,345,96.5148925781
32,348,92.9809570312
32,351,90.087890625
32,354,87.7624511719
32,357,85.9313964844
32,360,84.5031738281
33,0,85.693359375
33,3,84.6313476562
33,6,83.935546875
33,9,83.5693359375
33,12,83.5327148438
33,15,83.8256835938
33,18,84.4299316406
33,21,85.3820800781
33,24,86.7004394531
33,27,88.3850097656
33,30,90.4907226562
33,33,92.9809570312
33,36,95.8740234375
33,39,90.3259277344
33,42,84.9243164062
33,45,80.3283691406
33,48,76.4099121094
33,51,73.0590820312
33,54,70.166015625
33,57,67.67578125
33,60,65.5151367188
33,63,63.6657714844
33,66,62.0910644531
33,69,60.7543945312
33,72,59.6374511719
33,75,58.7036132812
33,78,57.9711914062
33,81,57.4035644531
33,84,57.0007324219
33,87,56.7626953125
33,90,56.6711425781
33,93,56.7443847656
33,96,56.982421875
33,99,57.3669433594
33,102,57.8979492188
33,105,58.6120605469
33,108,59.5092773438
33,111,60.5895996094
33,114,61.8713378906
33,117,63.3911132812
33,120,65.1306152344
33,123,67.1447753906
33,126,69.4702148438
33,129,72.1069335938
33,132,75.0915527344
33,135,78.4790039062
33,138,82.2875976562
33,141,86.5356445312
33,144,91.259765625
33,147,96.5148925781
33,150,102.410888672
33,153,108.929443359
33,156,115.759277344
33,159,122.332763672
33,162,127.862548828
33,165,132.458496094
33,168,135.754394531
33,171,136.999511719
33,174,135.424804688
33,177,131.048583984
33,180,124.365234375
33,183,116.235351562
33,186,107.739257812
33,189,100.030517578
33,192,93.6218261719
33,195,88.2568359375
33,198,83.6975097656
33,201,79.8156738281
33,204,76.4831542969
33,207,73.6083984375
33,210,71.1547851562
33,213,69.0307617188
33,216,67.2180175781
33,219,65.6799316406
33,222,64.3798828125
33,225,63.3178710938
33,228,62.4572753906
33,231,61.7797851562
33,234,61.3037109375
33,237,60.9924316406
33,240,60.8459472656
33,243,60.8642578125
33,246,61.0656738281
33,249,61.4318847656
33,252,61.9812011719
33,255,62.7136230469
33,258,63.6291503906
33,261,64.7644042969
33,264,66.1376953125
33,267,67.7307128906
33,270,69.6166992188
33,273,71.8139648438
33,276,74.3591308594
33,279,77.3254394531
33,282,80.7678222656
33,285,84.7595214844
33,288,89.4470214844
33,291,94.9584960938
33,294,101.513671875
33,297,109.350585938
33,300,118.890380859
33,303,130.6640625
33,306,138.098144531
33,309,143.371582031
33,312,149.176025391
33,315,155.035400391
33,318,160.235595703
33,321,162.3046875
33,324,156.811523438
33,327,145.111083984
33,330,132.989501953
33,333,122.717285156
33,336,114.367675781
33,339,107.666015625
33,342,102.264404297
33,345,97.8698730469
33,348,94.2810058594
33,351,91.3513183594
33,354,89.0075683594
33,357,87.1398925781
33,360,85.693359375
34,0,86.9018554688
34,3,85.8215332031
34,6,85.107421875
34,9,84.7412109375
34,12,84.6862792969
34,15,84.9792480469
34,18,85.5834960938
34,21,86.5539550781
34,24,87.8723144531
34,27,89.5751953125
34,30,91.7175292969
34,33,94.2443847656
34,36,97.1923828125
34,39,93.0725097656
34,42,87.4877929688
34,45,82.763671875
34,48,78.7353515625
34,51,75.2746582031
34,54,72.2900390625
34,57,69.7082519531
34,60,67.5109863281
34,63,65.6066894531
34,66,63.9770507812
34,69,62.5854492188
34,72,61.4318847656
34,75,60.4797363281
34,78,59.7106933594
34,81,59.1247558594
34,84,58.7219238281
34,87,58.4655761719
34,90,58.3923339844
34,93,58.4655761719
34,96,58.6853027344
34,99,59.0881347656
34,102,59.6557617188
34,105,60.3881835938
34,108,61.3037109375
34,111,62.4206542969
34,114,63.7390136719
34,117,65.2770996094
34,120,67.0715332031
34,123,69.1589355469
34,126,71.5209960938
34,129,74.2309570312
34,132,77.2888183594
34,135,80.7495117188
34,138,84.6130371094
34,141,88.9343261719
34,144,93.7133789062
34,147,99.0234375
34,150,104.956054688
34,153,111.474609375
34,156,118.267822266
34,159,124.841308594
34,162,130.6640625
34,165,135.589599609
34,168,139.141845703
34,171,140.551757812
34,174,138.8671875
34,177,134.143066406
34,180,126.910400391
34,183,118.212890625
34,186,109.259033203
34,189,101.477050781
34,192,94.9951171875
34,195,89.5385742188
34,198,84.9243164062
34,201,81.005859375
34,204,77.6184082031
34,207,74.70703125
34,210,72.216796875
34,213,70.0561523438
34,216,68.2250976562
34,219,66.650390625
34,222,65.3503417969
34,225,64.2517089844
34,228,63.3911132812
34,231,62.7136230469
34,234,62.2009277344
34,237,61.8896484375
34,240,61.7431640625
34,243,61.7797851562
34,246,61.9812011719
34,249,62.3474121094
34,252,62.8967285156
34,255,63.6474609375
34,258,64.5812988281
34,261,65.7165527344
34,264,67.08984375
34,267,68.7194824219
34,270,70.6237792969
34,273,72.8576660156
34,276,75.439453125
34,279,78.4423828125
34,282,81.9213867188
34,285,85.986328125
34,288,90.7287597656
34,291,96.3134765625
34,294,102.941894531
34,297,110.906982422
34,300,120.556640625
34,303,131.671142578
34,306,136.23046875
34,309,141.412353516
34,312,147.161865234
34,315,153.094482422
34,318,158.49609375
34,321,161.224365234
34,324,157.012939453
34,327,146.173095703
34,330,134.417724609
34,333,124.21875
34,336,115.887451172
34,339,109.149169922
34,342,103.674316406
34,345,99.2248535156
34,348,95.5993652344
34,351,92.6513671875
34,354,90.2526855469
34,357,88.3666992188
34,360,86.9018554688
35,0,88.1103515625
35,3,87.0300292969
35,6,86.2976074219
35,9,85.9130859375
35,12,85.8764648438
35,15,86.1511230469
35,18,86.7736816406
35,21,87.7258300781
35,24,89.0625
35,27,90.7836914062
35,30,92.9443359375
35,33,95.5261230469
35,36,98.5473632812
35,39,95.80078125
35,42,90.0695800781
35,45,85.1989746094
35,48,81.0424804688
35,51,77.4719238281
35,54,74.4140625
35,57,71.7590332031
35,60,69.4885253906
35,63,67.529296875
35,66,65.8447265625
35,69,64.4165039062
35,72,63.2263183594
35,75,62.255859375
35,78,61.4685058594
35,81,60.8642578125
35,84,60.4431152344
35,87,60.1867675781
35,90,60.0952148438
35,93,60.1684570312
35,96,60.4064941406
35,99,60.8093261719
35,102,61.3952636719
35,105,62.1459960938
35,108,63.0981445312
35,111,64.2333984375
35,114,65.5883789062
35,117,67.1813964844
35,120,69.0307617188
35,123,71.1547851562
35,126,73.5717773438
35,129,76.3549804688
35,132,79.4677734375
35,135,83.0017089844
35,138,86.9201660156
35,141,91.3146972656
35,144,96.1486816406
35,147,101.513671875
35,150,107.464599609
35,153,113.96484375
35,156,120.739746094
35,159,127.276611328
35,162,133.410644531
35,165,138.684082031
35,168,142.510986328
35,171,144.067382812
35,174,142.272949219
35,177,137.182617188
35,180,129.382324219
35,183,120.1171875
35,186,110.797119141
35,189,102.923583984
35,192,96.3684082031
35,195,90.8569335938
35,198,86.1694335938
35,201,82.1960449219
35,204,78.7536621094
35,207,75.8239746094
35,210,73.2604980469
35,213,71.0998535156
35,216,69.2138671875
35,219,67.6391601562
35,222,66.3024902344
35,225,65.2038574219
35,228,64.3249511719
35,231,63.6291503906
35,234,63.1164550781
35,237,62.8051757812
35,240,62.6586914062
35,243,62.6770019531
35,246,62.8784179688
35,249,63.2629394531
35,252,63.8122558594
35,255,64.5629882812
35,258,65.5151367188
35,261,66.6687011719
35,264,68.0603027344
35,267,69.7082519531
35,270,71.6491699219
35,273,73.9013671875
35,276,76.5197753906
35,279,79.5593261719
35,282,83.0932617188
35,285,87.1948242188
35,288,92.0104980469
35,291,97.6684570312
35,294,104.388427734
35,297,112.445068359
35,300,122.222900391
35,303,129.895019531
35,306,134.381103516
35,309,139.489746094
35,312,145.147705078
35,315,151.116943359
35,318,156.73828125
35,321,160.089111328
35,324,157.122802734
35,327,147.235107422
35,330,135.827636719
35,333,125.756835938
35,336,117.407226562
35,339,110.614013672
35,342,105.102539062
35,345,100.616455078
35,348,96.9360351562
35,351,93.9514160156
35,354,91.5344238281
35,357,89.6118164062
35,360,88.1103515625
36,0,89.35546875
36,3,88.2385253906
36,6,87.5061035156
36,9,87.1215820312
36,12,87.0666503906
36,15,87.3413085938
36,18,87.9638671875
36,21,88.9343261719
36,24,90.2709960938
36,27,92.0104980469
36,30,94.189453125
36,33,96.826171875
36,36,99.90234375
36,39,98.5473632812
36,42,92.6330566406
36,45,87.6342773438
36,48,83.349609375
36,51,79.6875
36,54,76.5380859375
36,57,73.8098144531
36,60,71.4660644531
36,63,69.4519042969
36,66,67.7307128906
36,69,66.2658691406
36,72,65.0390625
36,75,64.013671875
36,78,63.2080078125
36,81,62.6037597656
36,84,62.1643066406
36,87,61.8896484375
36,90,61.7980957031
36,93,61.8896484375
36,96,62.1276855469
36,99,62.548828125
36,102,63.134765625
36,105,63.9221191406
36,108,64.8742675781
36,111,66.0461425781
36,114,67.4377441406
36,117,69.0673828125
36,120,70.9716796875
36,123,73.1506347656
36,126,75.6408691406
36,129,78.4606933594
36,132,81.6467285156
36,135,85.2355957031
36,138,89.2272949219
36,141,93.6584472656
36,144,98.5656738281
36,147,103.967285156
36,150,109.954833984
36,153,116.418457031
36,156,123.120117188
36,159,129.675292969
36,162,136.120605469
36,165,141.723632812
36,168,145.843505859
36,171,147.528076172
36,174,145.623779297
36,177,140.167236328
36,180,131.781005859
36,183,121.893310547
36,186,112.335205078
36,189,104.370117188
36,192,97.7600097656
36,195,92.1936035156
36,198,87.4328613281
36,201,83.3862304688
36,204,79.9072265625
36,207,76.9226074219
36,210,74.3408203125
36,213,72.1252441406
36,216,70.2392578125
36,219,68.6279296875
36,222,67.2729492188
36,225,66.1560058594
36,228,65.2587890625
36,231,64.5629882812
36,234,64.0502929688
36,237,63.720703125
36,240,63.57421875
36,243,63.5925292969
36,246,63.7939453125
36,249,64.1784667969
36,252,64.74609375
36,255,65.4968261719
36,258,66.4489746094
36,261,67.6208496094
36,264,69.0307617188
36,267,70.6970214844
36,270,72.65625
36,273,74.9450683594
36,276,77.6000976562
36,279,80.6762695312
36,282,84.2468261719
36,285,88.4216308594
36,288,93.2922363281
36,291,99.0234375
36,294,105.834960938
36,297,114.001464844
36,300,123.889160156
36,303,128.137207031
36,306,132.550048828
36,309,137.567138672
36,312,143.151855469
36,315,149.157714844
36,318,154.943847656
36,321,158.862304688
36,324,157.141113281
36,327,148.205566406
36,330,137.237548828
36,333,127.258300781
36,336,118.927001953
36,339,112.115478516
36,342,106.549072266
36,345,102.026367188
36,348,98.3093261719
36,351,95.2697753906
36,354,92.8161621094
36,357,90.8569335938
36,360,89.35546875
37,0,90.6188964844
37,3,89.4836425781
37,6,88.7329101562
37,9,88.330078125
37,12,88.2751464844
37,15,88.5498046875
37,18,89.1723632812
37,21,90.1611328125
37,24,91.5161132812
37,27,93.2739257812
37,30,95.4711914062
37,33,98.14453125
37,36,101.275634766
37,39,101.275634766
37,42,95.21484375
37,45,90.0695800781
37,48,85.6750488281
37,51,81.9030761719
37,54,78.6437988281
37,57,75.8605957031
37,60,73.4436035156
37,63,71.3745117188
37,66,69.5983886719
37,69,68.0969238281
37,72,66.8334960938
37,75,65.7897949219
37,78,64.9658203125
37,81,64.3249511719
37,84,63.8854980469
37,87,63.6108398438
37,90,63.5192871094
37,93,63.5925292969
37,96,63.8488769531
37,99,64.2700195312
37,102,64.8742675781
37,105,65.6799316406
37,108,66.6687011719
37,111,67.8771972656
37,114,69.3054199219
37,117,70.9716796875
37,120,72.9125976562
37,123,75.1281738281
37,126,77.6733398438
37,129,80.56640625
37,132,83.8256835938
37,135,87.4694824219
37,138,91.5161132812
37,141,96.0021972656
37,144,100.964355469
37,147,106.402587891
37,150,112.408447266
37,153,118.853759766
37,156,125.463867188
37,159,132.055664062
37,162,138.775634766
37,165,144.708251953
37,168,149.12109375
37,171,150.970458984
37,174,148.937988281
37,177,143.115234375
37,180,134.088134766
37,183,123.577880859
37,186,113.909912109
37,189,105.853271484
37,192,99.1516113281
37,195,93.5119628906
37,198,88.7145996094
37,201,84.5947265625
37,204,81.0791015625
37,207,78.0212402344
37,210,75.4211425781
37,213,73.1689453125
37,216,71.2646484375
37,219,69.6166992188
37,222,68.2434082031
37,225,67.1264648438
37,228,66.1926269531
37,231,65.4968261719
37,234,64.9658203125
37,237,64.6362304688
37,240,64.4897460938
37,243,64.5080566406
37,246,64.7094726562
37,249,65.0939941406
37,252,65.6616210938
37,255,66.4306640625
37,258,67.3828125
37,261,68.5913085938
37,264,70.0012207031
37,267,71.7041015625
37,270,73.681640625
37,273,75.9887695312
37,276,78.6804199219
37,279,81.7932128906
37,282,85.4187011719
37,285,89.6484375
37,288,94.5739746094
37,291,100.396728516
37,294,107.281494141
37,297,115.557861328
37,300,122.625732422
37,303,126.397705078
37,306,130.737304688
37,309,135.662841797
37,312,141.156005859
37,315,147.143554688
37,318,153.131103516
37,321,157.562255859
37,324,156.976318359
37,327,149.157714844
37,330,138.610839844
37,333,128.796386719
37,336,120.483398438
37,339,113.635253906
37,342,108.032226562
37,345,103.436279297
37,348,99.6826171875
37,351,96.6064453125
37,354,94.1162109375
37,357,92.138671875
37,360,90.6188964844
38,0,91.69921875
38,3,90.5639648438
38,6,89.794921875
38,9,89.3737792969
38,12,89.3188476562
38,15,89.5935058594
38,18,90.2160644531
38,21,91.2048339844
38,24,92.5598144531
38,27,94.3359375
38,30,96.5515136719
38,33,99.2614746094
38,36,102.447509766
38,39,104.022216797
38,42,97.7783203125
38,45,92.5048828125
38,48,87.9821777344
38,51,84.1003417969
38,54,80.7678222656
38,57,77.8930664062
38,60,75.4211425781
38,63,73.2971191406
38,66,71.4660644531
38,69,69.9279785156
38,72,68.6279296875
38,75,67.5659179688
38,78,66.7053222656
38,81,66.064453125
38,84,65.5883789062
38,87,65.3137207031
38,90,65.2221679688
38,93,65.2954101562
38,96,65.5700683594
38,99,66.0095214844
38,102,66.6320800781
38,105,67.4377441406
38,108,68.4631347656
38,111,69.6899414062
38,114,71.1547851562
38,117,72.8576660156
38,120,74.8352050781
38,123,77.1240234375
38,126,79.7241210938
38,129,82.6721191406
38,132,85.986328125
38,135,89.6850585938
38,138,93.8049316406
38,141,98.3276367188
38,144,103.308105469
38,147,108.801269531
38,150,114.807128906
38,153,121.197509766
38,156,127.716064453
38,159,134.344482422
38,162,141.265869141
38,165,147.491455078
38,168,152.160644531
38,171,154.083251953
38,174,151.904296875
38,177,145.642089844
38,180,135.974121094
38,183,124.951171875
38,186,115.246582031
38,189,107.135009766
38,192,100.378417969
38,195,94.6838378906
38,198,89.8681640625
38,201,85.6750488281
38,204,82.1044921875
38,207,79.0283203125
38,210,76.3916015625
38,213,74.12109375
38,216,72.1801757812
38,219,70.5322265625
38,222,69.1589355469
38,225,67.9870605469
38,228,67.0715332031
38,231,66.357421875
38,234,65.8264160156
38,237,65.4968261719
38,240,65.33203125
38,243,65.3503417969
38,246,65.5517578125
38,249,65.9362792969
38,252,66.5222167969
38,255,67.2912597656
38,258,68.2800292969
38,261,69.4702148438
38,264,70.9167480469
38,267,72.6379394531
38,270,74.6337890625
38,273,76.9775390625
38,276,79.7058105469
38,279,82.8552246094
38,282,86.5173339844
38,285,90.8020019531
38,288,95.80078125
38,291,101.678466797
38,294,108.673095703
38,297,117.004394531
38,300,120.904541016
38,303,124.621582031
38,306,128.887939453
38,309,133.740234375
38,312,139.16015625
38,315,145.129394531
38,318,151.208496094
38,321,156.134033203
38,324,156.536865234
38,327,149.816894531
38,330,139.74609375
38,333,130.078125
38,336,121.820068359
38,339,114.935302734
38,342,109.313964844
38,345,104.681396484
38,348,100.872802734
38,351,97.7783203125
38,354,95.2697753906
38,357,93.2556152344
38,360,91.69921875
39,0,91.8823242188
39,3,90.7287597656
39,6,89.94140625
39,9,89.5202636719
39,12,89.4470214844
39,15,89.7033691406
39,18,90.3076171875
39,21,91.2780761719
39,24,92.6330566406
39,27,94.3725585938
39,30,96.5698242188
39,33,99.2797851562
39,36,102.465820312
39,39,106.146240234
39,42,100.360107422
39,45,94.921875
39,48,90.2893066406
39,51,86.3159179688
39,54,82.8918457031
39,57,79.9438476562
39,60,77.3986816406
39,63,75.2197265625
39,66,73.3520507812
39,69,71.7590332031
39,72,70.4223632812
39,75,69.3420410156
39,78,68.4631347656
39,81,67.7856445312
39,84,67.3095703125
39,87,67.0349121094
39,90,66.9250488281
39,93,67.0166015625
39,96,67.2729492188
39,99,67.7307128906
39,102,68.3532714844
39,105,69.1955566406
39,108,70.2392578125
39,111,71.5026855469
39,114,72.9858398438
39,117,74.7436523438
39,120,76.7761230469
39,123,79.1015625
39,126,81.73828125
39,129,84.7412109375
39,132,88.1103515625
39,135,91.8640136719
39,138,96.0388183594
39,141,100.579833984
39,144,105.596923828
39,147,111.090087891
39,150,117.059326172
39,153,123.321533203
39,156,129.583740234
39,159,136.157226562
39,162,143.023681641
39,165,149.340820312
39,168,154.010009766
39,171,155.621337891
39,174,153.076171875
39,177,146.154785156
39,180,135.791015625
39,183,124.694824219
39,186,115.264892578
39,189,107.336425781
39,192,100.671386719
39,195,95.0134277344
39,198,90.2160644531
39,201,86.0778808594
39,204,82.5073242188
39,207,79.4677734375
39,210,76.8310546875
39,213,74.5788574219
39,216,72.6379394531
39,219,70.9899902344
39,222,69.5983886719
39,225,68.4631347656
39,228,67.5476074219
39,231,66.8151855469
39,234,66.3024902344
39,237,65.9729003906
39,240,65.8264160156
39,243,65.8447265625
39,246,66.0461425781
39,249,66.4489746094
39,252,67.0349121094
39,255,67.822265625
39,258,68.8110351562
39,261,70.0378417969
39,264,71.484375
39,267,73.2238769531
39,270,75.2563476562
39,273,77.6184082031
39,276,80.3649902344
39,279,83.5510253906
39,282,87.2680664062
39,285,91.5893554688
39,288,96.6430664062
39,291,102.593994141
39,294,109.625244141
39,297,115.795898438
39,300,119.018554688
39,303,122.680664062
39,306,126.873779297
39,309,131.652832031
39,312,137.054443359
39,315,142.96875
39,318,149.084472656
39,321,154.193115234
39,324,155.291748047
39,327,149.304199219
39,330,139.654541016
39,333,130.187988281
39,336,122.003173828
39,339,115.173339844
39,342,109.533691406
39,345,104.919433594
39,348,101.110839844
39,351,97.998046875
39,354,95.4711914062
39,357,93.45703125
39,360,91.8823242188
40,0,92.1020507812
40,3,90.9301757812
40,6,90.1428222656
40,9,89.7033691406
40,12,89.6118164062
40,15,89.8681640625
40,18,90.4541015625
40,21,91.40625
40,24,92.7429199219
40,27,94.4641113281
40,30,96.6430664062
40,33,99.3347167969
40,36,102.520751953
40,39,106.237792969
40,42,102.923583984
40,45,97.3571777344
40,48,92.6147460938
40,51,88.5314941406
40,54,85.0158691406
40,57,81.9946289062
40,60,79.3762207031
40,63,77.1423339844
40,66,75.2197265625
40,69,73.5900878906
40,72,72.2351074219
40,75,71.0998535156
40,78,70.2026367188
40,81,69.5251464844
40,84,69.0307617188
40,87,68.7377929688
40,90,68.6279296875
40,93,68.7194824219
40,96,68.994140625
40,99,69.4519042969
40,102,70.0927734375
40,105,70.9533691406
40,108,72.0153808594
40,111,73.3154296875
40,114,74.8352050781
40,117,76.6296386719
40,120,78.6987304688
40,123,81.0607910156
40,126,83.7524414062
40,129,86.8103027344
40,132,90.234375
40,135,94.0246582031
40,138,98.2360839844
40,141,102.83203125
40,144,107.849121094
40,147,113.342285156
40,150,119.274902344
40,153,125.408935547
40,156,131.469726562
40,159,137.915039062
40,162,144.7265625
40,165,151.116943359
40,168,155.767822266
40,171,157.067871094
40,174,154.083251953
40,177,146.374511719
40,180,135.388183594
40,183,124.639892578
40,186,115.411376953
40,189,107.611083984
40,192,101.019287109
40,195,95.4162597656
40,198,90.6188964844
40,201,86.4990234375
40,204,82.9650878906
40,207,79.9072265625
40,210,77.2888183594
40,213,75.0366210938
40,216,73.1140136719
40,219,71.4660644531
40,222,70.0744628906
40,225,68.9392089844
40,228,68.0236816406
40,231,67.3095703125
40,234,66.7785644531
40,237,66.4672851562
40,240,66.3024902344
40,243,66.3391113281
40,246,66.5588378906
40,249,66.9616699219
40,252,67.5659179688
40,255,68.3532714844
40,258,69.3603515625
40,261,70.5871582031
40,264,72.0703125
40,267,73.828125
40,270,75.87890625
40,273,78.2592773438
40,276,81.0424804688
40,279,84.2651367188
40,282,88.0187988281
40,285,92.3767089844
40,288,97.4853515625
40,291,103.491210938
40,294,110.595703125
40,297,113.928222656
40,300,117.114257812
40,303,120.721435547
40,306,124.877929688
40,309,129.602050781
40,312,134.912109375
40,315,140.789794922
40,318,146.942138672
40,321,152.288818359
40,324,153.936767578
40,327,148.809814453
40,330,139.617919922
40,333,130.334472656
40,336,122.241210938
40,339,115.447998047
40,342,109.826660156
40,345,105.194091797
40,348,101.385498047
40,351,98.2543945312
40,354,95.7275390625
40,357,93.6950683594
40,360,92.1020507812
41,0,92.3767089844
41,3,91.1865234375
41,6,90.380859375
41,9,89.9230957031
41,12,89.8132324219
41,15,90.0512695312
41,18,90.6372070312
41,21,91.5710449219
41,24,92.8894042969
41,27,94.6105957031
41,30,96.7712402344
41,33,99.4262695312
41,36,102.630615234
41,39,106.34765625
41,42,105.505371094
41,45,99.7924804688
41,48,94.921875
41,51,90.7287597656
41,54,87.1398925781
41,57,84.0270996094
41,60,81.3537597656
41,63,79.0649414062
41,66,77.0874023438
41,69,75.4211425781
41,72,74.0295410156
41,75,72.8759765625
41,78,71.9604492188
41,81,71.2463378906
41,84,70.751953125
41,87,70.4406738281
41,90,70.3491210938
41,93,70.4223632812
41,96,70.6970214844
41,99,71.1730957031
41,102,71.8322753906
41,105,72.7111816406
41,108,73.7915039062
41,111,75.1098632812
41,114,76.6845703125
41,117,78.4973144531
41,120,80.6030273438
41,123,83.0200195312
41,126,85.7666015625
41,129,88.8793945312
41,132,92.3400878906
41,135,96.1853027344
41,138,100.433349609
41,141,105.065917969
41,144,110.101318359
41,147,115.557861328
41,150,121.417236328
41,153,127.423095703
41,156,133.374023438
41,159,139.691162109
41,162,146.392822266
41,165,152.801513672
41,168,157.360839844
41,171,158.404541016
41,174,154.852294922
41,177,146.429443359
41,180,135.168457031
41,183,124.731445312
41,186,115.612792969
41,189,107.904052734
41,192,101.385498047
41,195,95.8557128906
41,198,91.0583496094
41,201,86.9567871094
41,204,83.4411621094
41,207,80.4016113281
41,210,77.783203125
41,213,75.5126953125
41,216,73.5900878906
41,219,71.9604492188
41,222,70.5871582031
41,225,69.43359375
41,228,68.5180664062
41,231,67.8039550781
41,234,67.2912597656
41,237,66.9616699219
41,240,66.8151855469
41,243,66.8518066406
41,246,67.0715332031
41,249,67.4926757812
41,252,68.0969238281
41,255,68.9025878906
41,258,69.9096679688
41,261,71.1730957031
41,264,72.65625
41,267,74.4323730469
41,270,76.5014648438
41,273,78.9184570312
41,276,81.73828125
41,279,84.9975585938
41,282,88.76953125
41,285,93.1823730469
41,288,98.3459472656
41,291,104.406738281
41,294,109.332275391
41,297,112.060546875
41,300,115.209960938
41,303,118.780517578
41,306,122.863769531
41,309,127.532958984
41,312,132.788085938
41,315,138.647460938
41,318,144.799804688
41,321,150.347900391
41,324,152.63671875
41,327,148.315429688
41,330,139.581298828
41,333,130.517578125
41,336,122.515869141
41,339,115.759277344
41,342,110.137939453
41,345,105.505371094
41,348,101.696777344
41,351,98.5656738281
41,354,96.0021972656
41,357,93.9697265625
41,360,92.3767089844
42,0,92.6696777344
42,3,91.4611816406
42,6,90.6555175781
42,9,90.1794433594
42,12,90.0695800781
42,15,90.2893066406
42,18,90.8569335938
42,21,91.7724609375
42,24,93.0725097656
42,27,94.775390625
42,30,96.9360351562
42,33,99.5727539062
42,36,102.777099609
42,39,106.512451172
42,42,108.068847656
42,45,102.227783203
42,48,97.2290039062
42,51,92.9443359375
42,54,89.2456054688
42,57,86.0778808594
42,60,83.3312988281
42,63,80.9875488281
42,66,78.9733886719
42,69,77.2521972656
42,72,75.8239746094
42,75,74.6520996094
42,78,73.6999511719
42,81,72.9858398438
42,84,72.4731445312
42,87,72.1618652344
42,90,72.0520019531
42,93,72.1252441406
42,96,72.4182128906
42,99,72.8942871094
42,102,73.5717773438
42,105,74.4689941406
42,108,75.5676269531
42,111,76.9226074219
42,114,78.515625
42,117,80.3833007812
42,120,82.5256347656
42,123,84.9792480469
42,126,87.7807617188
42,129,90.9301757812
42,132,94.4458007812
42,135,98.3276367188
42,138,102.593994141
42,141,107.263183594
42,144,112.316894531
42,147,117.755126953
42,150,123.541259766
42,153,129.400634766
42,156,135.296630859
42,159,141.485595703
42,162,148.040771484
42,165,154.357910156
42,168,158.843994141
42,171,159.631347656
42,174,155.438232422
42,177,146.319580078
42,180,135.150146484
42,183,124.877929688
42,186,115.905761719
42,189,108.306884766
42,192,101.824951172
42,195,96.2951660156
42,198,91.552734375
42,201,87.451171875
42,204,83.935546875
42,207,80.8959960938
42,210,78.2775878906
42,213,76.0437011719
42,216,74.1027832031
42,219,72.4731445312
42,222,71.0815429688
42,225,69.9462890625
42,228,69.0124511719
42,231,68.3166503906
42,234,67.7856445312
42,237,67.4743652344
42,240,67.3278808594
42,243,67.3645019531
42,246,67.6025390625
42,249,68.0236816406
42,252,68.6279296875
42,255,69.4519042969
42,258,70.4772949219
42,261,71.7407226562
42,264,73.2604980469
42,267,75.0549316406
42,270,77.1423339844
42,273,79.5959472656
42,276,82.4340820312
42,279,85.7116699219
42,282,89.5385742188
42,285,94.0063476562
42,288,99.2065429688
42,291,105.249023438
42,294,107.51953125
42,297,110.192871094
42,300,113.287353516
42,303,116.839599609
42,306,120.867919922
42,309,125.463867188
42,312,130.682373047
42,315,136.468505859
42,318,142.657470703
42,321,148.406982422
42,324,151.245117188
42,327,147.821044922
42,330,139.599609375
42,333,130.737304688
42,336,122.808837891
42,339,116.107177734
42,342,110.504150391
42,345,105.871582031
42,348,102.044677734
42,351,98.8952636719
42,354,96.3317871094
42,357,94.2810058594
42,360,92.6696777344
43,0,92.9992675781
43,3,91.7907714844
43,6,90.9484863281
43,9,90.4724121094
43,12,90.3442382812
43,15,90.5639648438
43,18,91.11328125
43,21,92.0288085938
43,24,93.310546875
43,27,94.9951171875
43,30,97.1374511719
43,33,99.755859375
43,36,102.941894531
43,39,106.713867188
43,42,110.632324219
43,45,104.663085938
43,48,99.5361328125
43,51,95.1416015625
43,54,91.3696289062
43,57,88.1103515625
43,60,85.3088378906
43,63,82.91015625
43,66,80.8410644531
43,69,79.0832519531
43,72,77.6184082031
43,75,76.4099121094
43,78,75.439453125
43,81,74.70703125
43,84,74.1760253906
43,87,73.8647460938
43,90,73.7548828125
43,93,73.828125
43,96,74.12109375
43,99,74.6154785156
43,102,75.3112792969
43,105,76.2084960938
43,108,77.34375
43,111,78.7170410156
43,114,80.3466796875
43,117,82.2509765625
43,120,84.4299316406
43,123,86.9384765625
43,126,89.7766113281
43,129,92.9809570312
43,132,96.533203125
43,135,100.469970703
43,138,104.754638672
43,141,109.442138672
43,144,114.514160156
43,147,119.915771484
43,150,125.628662109
43,153,131.323242188
43,156,137.200927734
43,159,143.316650391
43,162,149.70703125
43,165,155.804443359
43,168,160.217285156
43,171,160.693359375
43,174,155.895996094
43,177,146.246337891
43,180,135.296630859
43,183,125.115966797
43,186,116.290283203
43,189,108.746337891
43,192,102.319335938
43,195,96.7895507812
43,198,92.0654296875
43,201,87.9821777344
43,204,84.4665527344
43,207,81.4270019531
43,210,78.80859375
43,213,76.5563964844
43,216,74.6337890625
43,219,72.9858398438
43,222,71.6125488281
43,225,70.458984375
43,228,69.5434570312
43,231,68.8293457031
43,234,68.3166503906
43,237,67.9870605469
43,240,67.8405761719
43,243,67.8955078125
43,246,68.1335449219
43,249,68.5729980469
43,252,69.1772460938
43,255,70.01953125
43,258,71.0632324219
43,261,72.3266601562
43,264,73.8647460938
43,267,75.6774902344
43,270,77.783203125
43,273,80.2551269531
43,276,83.1298828125
43,279,86.4624023438
43,282,90.3259277344
43,285,94.8120117188
43,288,100.067138672
43,291,103.472900391
43,294,105.706787109
43,297,108.325195312
43,300,111.383056641
43,303,114.880371094
43,306,118.853759766
43,309,123.394775391
43,312,128.558349609
43,315,134.307861328
43,318,140.496826172
43,321,146.411132812
43,324,149.835205078
43,327,147.290039062
43,330,139.636230469
43,333,130.993652344
43,336,123.156738281
43,339,116.491699219
43,342,110.906982422
43,345,106.256103516
43,348,102.429199219
43,351,99.2614746094
43,354,96.6979980469
43,357,94.62890625
43,360,92.9992675781
44,0,93.3654785156
44,3,92.138671875
44,6,91.2963867188
44,9,90.8020019531
44,12,90.6555175781
44,15,90.8569335938
44,18,91.40625
44,21,92.3034667969
44,24,93.5852050781
44,27,95.2697753906
44,30,97.3754882812
44,33,99.9938964844
44,36,103.161621094
44,39,106.951904297
44,42,111.328125
44,45,107.080078125
44,48,101.843261719
44,51,97.3571777344
44,54,93.4936523438
44,57,90.1611328125
44,60,87.2863769531
44,63,84.814453125
44,66,82.7087402344
44,69,80.9143066406
44,72,79.4128417969
44,75,78.1860351562
44,78,77.197265625
44,81,76.4282226562
44,84,75.8972167969
44,87,75.5676269531
44,90,75.4577636719
44,93,75.5493164062
44,96,75.8239746094
44,99,76.318359375
44,102,77.0324707031
44,105,77.9663085938
44,108,79.1198730469
44,111,80.5297851562
44,114,82.177734375
44,117,84.1186523438
44,120,86.3525390625
44,123,88.8977050781
44,126,91.7724609375
44,129,95.0134277344
44,132,98.6206054688
44,135,102.575683594
44,138,106.915283203
44,141,111.602783203
44,144,116.674804688
44,147,122.058105469
44,150,127.679443359
44,153,133.264160156
44,156,139.141845703
44,159,145.166015625
44,162,151.391601562
44,165,157.250976562
44,168,161.499023438
44,171,161.608886719
44,174,156.134033203
44,177,146.282958984
44,180,135.534667969
44,183,125.463867188
44,186,116.748046875
44,189,109.259033203
44,192,102.850341797
44,195,97.3388671875
44,198,92.5964355469
44,201,88.5314941406
44,204,85.0158691406
44,207,81.9763183594
44,210,79.3579101562
44,213,77.1057128906
44,216,75.1647949219
44,219,73.5168457031
44,222,72.1252441406
44,225,70.9899902344
44,228,70.0561523438
44,231,69.3420410156
44,234,68.8293457031
44,237,68.5180664062
44,240,68.3898925781
44,243,68.4265136719
44,246,68.6828613281
44,249,69.1040039062
44,252,69.7448730469
44,255,70.5871582031
44,258,71.630859375
44,261,72.9309082031
44,264,74.4689941406
44,267,76.3000488281
44,270,78.4423828125
44,273,80.9326171875
44,276,83.8439941406
44,279,87.1948242188
44,282,91.0949707031
44,285,95.6359863281
44,288,99.8657226562
44,291,101.696777344
44,294,103.894042969
44,297,106.475830078
44,300,109.478759766
44,303,112.921142578
44,306,116.857910156
44,309,121.343994141
44,312,126.434326172
44,315,132.12890625
44,318,138.336181641
44,321,144.415283203
44,324,148.370361328
44,327,146.740722656
44,330,139.672851562
44,333,131.268310547
44,336,123.541259766
44,339,116.912841797
44,342,111.328125
44,345,106.695556641
44,348,102.83203125
44,351,99.6643066406
44,354,97.0825195312
44,357,94.9951171875
44,360,93.3654785156
45,0,93.75
45,3,92.5231933594
45,6,91.6625976562
45,9,91.1682128906
45,12,91.0034179688
45,15,91.1865234375
45,18,91.7358398438
45,21,92.6147460938
45,24,93.8781738281
45,27,95.5627441406
45,30,97.6684570312
45,33,100.268554688
45,36,103.436279297
45,39,107.208251953
45,42,111.62109375
45,45,109.515380859
45,48,104.168701172
45,51,99.5727539062
45,54,95.6176757812
45,57,92.1936035156
45,60,89.2639160156
45,63,86.7370605469
45,66,84.5764160156
45,69,82.7453613281
45,72,81.2072753906
45,75,79.9438476562
45,78,78.9367675781
45,81,78.1677246094
45,84,77.6184082031
45,87,77.2705078125
45,90,77.1606445312
45,93,77.2521972656
45,96,77.5451660156
45,99,78.0395507812
45,102,78.7719726562
45,105,79.7058105469
45,108,80.8959960938
45,111,82.32421875
45,114,84.0087890625
45,117,85.986328125
45,120,88.2568359375
45,123,90.8386230469
45,126,93.7683105469
45,129,97.0458984375
45,132,100.689697266
45,135,104.681396484
45,138,109.039306641
45,141,113.745117188
45,144,118.817138672
45,147,124.182128906
45,150,129.693603516
45,153,135.205078125
45,156,141.064453125
45,159,147.033691406
45,162,153.131103516
45,165,158.752441406
45,168,162.615966797
45,171,162.341308594
45,174,156.317138672
45,177,146.502685547
45,180,135.827636719
45,183,125.921630859
45,186,117.260742188
45,189,109.790039062
45,192,103.399658203
45,195,97.9064941406
45,198,93.1640625
45,201,89.0991210938
45,204,85.5834960938
45,207,82.5439453125
45,210,79.9255371094
45,213,77.6550292969
45,216,75.7141113281
45,219,74.0661621094
45,222,72.6745605469
45,225,71.5209960938
45,228,70.60546875
45,231,69.8913574219
45,234,69.3603515625
45,237,69.0490722656
45,240,68.9208984375
45,243,68.9758300781
45,246,69.2321777344
45,249,69.6716308594
45,252,70.3125
45,255,71.1547851562
45,258,72.216796875
45,261,73.53515625
45,264,75.0915527344
45,267,76.9409179688
45,270,79.1015625
45,273,81.6284179688
45,276,84.5581054688
45,279,87.9455566406
45,282,91.8823242188
45,285,96.4416503906
45,288,98.1262207031
45,291,99.9389648438
45,294,102.081298828
45,297,104.626464844
45,300,107.556152344
45,303,110.961914062
45,306,114.84375
45,309,119.274902344
45,312,124.291992188
45,315,129.949951172
45,318,136.138916016
45,321,142.364501953
45,324,146.832275391
45,327,146.118164062
45,330,139.709472656
45,333,131.579589844
45,336,123.944091797
45,339,117.352294922
45,342,111.785888672
45,345,107.135009766
45,348,103.289794922
45,351,100.103759766
45,354,97.5036621094
45,357,95.3979492188
45,360,93.75
46,0,94.189453125
46,3,92.9260253906
46,6,92.0654296875
46,9,91.552734375
46,12,91.3879394531
46,15,91.552734375
46,18,92.0837402344
46,21,92.9626464844
46,24,94.2260742188
46,27,95.8923339844
46,30,97.9797363281
46,33,100.579833984
46,36,103.729248047
46,39,107.51953125
46,42,111.950683594
46,45,111.950683594
46,48,106.475830078
46,51,101.770019531
46,54,97.7233886719
46,57,94.2443847656
46,60,91.2414550781
46,63,88.6596679688
46,66,86.4440917969
46,69,84.5764160156
46,72,83.0017089844
46,75,81.7199707031
46,78,80.6762695312
46,81,79.8889160156
46,84,79.3212890625
46,87,78.9916992188
46,90,78.8635253906
46,93,78.9367675781
46,96,79.248046875
46,99,79.7607421875
46,102,80.4931640625
46,105,81.4636230469
46,108,82.6721191406
46,111,84.1186523438
46,114,85.83984375
46,117,87.8356933594
46,120,90.1428222656
46,123,92.7795410156
46,126,95.7458496094
46,129,99.0600585938
46,132,102.758789062
46,135,106.768798828
46,138,111.163330078
46,141,115.869140625
46,144,120.922851562
46,147,126.26953125
46,150,131.689453125
46,153,137.164306641
46,156,142.950439453
46,159,148.937988281
46,162,154.888916016
46,165,160.272216797
46,168,163.76953125
46,171,163.018798828
46,174,156.683349609
46,177,146.832275391
46,180,136.248779297
46,183,126.452636719
46,186,117.791748047
46,189,110.375976562
46,192,103.985595703
46,195,98.4924316406
46,198,93.7683105469
46,201,89.6850585938
46,204,86.1694335938
46,207,83.1298828125
46,210,80.4931640625
46,213,78.22265625
46,216,76.2817382812
46,219,74.6154785156
46,222,73.2238769531
46,225,72.0703125
46,228,71.1364746094
46,231,70.4223632812
46,234,69.9096679688
46,237,69.5983886719
46,240,69.4702148438
46,243,69.5251464844
46,246,69.7814941406
46,249,70.2392578125
46,252,70.8801269531
46,255,71.7407226562
46,258,72.8210449219
46,261,74.1394042969
46,264,75.7141113281
46,267,77.5817871094
46,270,79.7790527344
46,273,82.32421875
46,276,85.2722167969
46,279,88.6962890625
46,282,92.6513671875
46,285,94.9401855469
46,288,96.38671875
46,291,98.1628417969
46,294,100.286865234
46,297,102.758789062
46,300,105.651855469
46,303,109.002685547
46,306,112.829589844
46,309,117.205810547
46,312,122.16796875
46,315,127.770996094
46,318,133.941650391
46,321,140.295410156
46,324,145.239257812
46,327,145.440673828
46,330,139.727783203
46,333,131.890869141
46,336,124.383544922
46,339,117.828369141
46,342,112.280273438
46,345,107.629394531
46,348,103.765869141
46,351,100.561523438
46,354,97.9614257812
46,357,95.8374023438
46,360,94.189453125
47,0,94.62890625
47,3,93.3654785156
47,6,92.4865722656
47,9,91.9555664062
47,12,91.7907714844
47,15,91.9555664062
47,18,92.4682617188
47,21,93.3471679688
47,24,94.5922851562
47,27,96.240234375
47,30,98.3459472656
47,33,100.927734375
47,36,104.077148438
47,39,107.849121094
47,42,112.316894531
47,45,114.367675781
47,48,108.782958984
47,51,103.985595703
47,54,99.8474121094
47,57,96.2768554688
47,60,93.2189941406
47,63,90.5822753906
47,66,88.330078125
47,69,86.4074707031
47,72,84.7961425781
47,75,83.4777832031
47,78,82.4157714844
47,81,81.6101074219
47,84,81.0424804688
47,87,80.6945800781
47,90,80.56640625
47,93,80.6396484375
47,96,80.9509277344
47,99,81.4819335938
47,102,82.2326660156
47,105,83.203125
47,108,84.4299316406
47,111,85.9130859375
47,114,87.6708984375
47,117,89.7033691406
47,120,92.0471191406
47,123,94.7204589844
47,126,97.7233886719
47,129,101.092529297
47,132,104.809570312
47,135,108.856201172
47,138,113.250732422
47,141,117.993164062
47,144,123.010253906
47,147,128.3203125
47,150,133.648681641
47,153,139.105224609
47,156,144.873046875
47,159,150.805664062
47,162,156.646728516
47,165,161.828613281
47,168,164.959716797
47,171,163.751220703
47,174,157.177734375
47,177,147.308349609
47,180,136.761474609
47,183,126.983642578
47,186,118.395996094
47,189,110.980224609
47,192,104.608154297
47,195,99.1149902344
47,198,94.3908691406
47,201,90.3076171875
47,204,86.7736816406
47,207,83.7341308594
47,210,81.0791015625
47,213,78.80859375
47,216,76.8493652344
47,219,75.1831054688
47,222,73.7731933594
47,225,72.6196289062
47,228,71.6857910156
47,231,70.9716796875
47,234,70.458984375
47,237,70.1477050781
47,240,70.01953125
47,243,70.0927734375
47,246,70.3491210938
47,249,70.8068847656
47,252,71.4477539062
47,255,72.3266601562
47,258,73.4252929688
47,261,74.7619628906
47,264,76.3549804688
47,267,78.2409667969
47,270,80.4382324219
47,273,83.0017089844
47,276,85.986328125
47,279,89.4287109375
47,282,92.0837402344
47,285,93.2373046875
47,288,94.6655273438
47,291,96.4050292969
47,294,98.4741210938
47,297,100.909423828
47,300,103.747558594
47,303,107.043457031
47,306,110.815429688
47,309,115.13671875
47,312,120.043945312
47,315,125.592041016
47,318,131.744384766
47,321,138.171386719
47,324,143.5546875
47,327,144.671630859
47,330,139.764404297
47,333,132.238769531
47,336,124.859619141
47,339,118.341064453
47,342,112.811279297
47,345,108.142089844
47,348,104.278564453
47,351,101.055908203
47,354,98.4375
47,357,96.3134765625
47,360,94.62890625
48,0,95.1049804688
48,3,93.8415527344
48,6,92.9443359375
48,9,92.4133300781
48,12,92.2302246094
48,15,92.3767089844
48,18,92.8894042969
48,21,93.75
48,24,94.9951171875
48,27,96.6430664062
48,30,98.73046875
48,33,101.312255859
48,36,104.443359375
48,39,108.233642578
48,42,112.701416016
48,45,116.802978516
48,48,111.090087891
48,51,106.182861328
48,54,101.971435547
48,57,98.3276367188
48,60,95.1965332031
48,63,92.5048828125
48,66,90.1977539062
48,69,88.2385253906
48,72,86.5905761719
48,75,85.25390625
48,78,84.1735839844
48,81,83.3312988281
48,84,82.7453613281
48,87,82.3974609375
48,90,82.2509765625
48,93,82.3425292969
48,96,82.6538085938
48,99,83.1848144531
48,102,83.9538574219
48,105,84.9609375
48,108,86.2060546875
48,111,87.7075195312
48,114,89.4836425781
48,117,91.5710449219
48,120,93.9514160156
48,123,96.6613769531
48,126,99.7009277344
48,129,103.088378906
48,132,106.842041016
48,135,110.925292969
48,138,115.338134766
48,141,120.080566406
48,144,125.09765625
48,147,130.334472656
48,150,135.626220703
48,153,141.064453125
48,156,146.795654297
48,159,152.673339844
48,162,158.441162109
48,165,163.421630859
48,168,166.204833984
48,171,164.593505859
48,174,157.800292969
48,177,147.857666016
48,180,137.384033203
48,183,127.606201172
48,186,119.036865234
48,189,111.639404297
48,192,105.249023438
48,195,99.755859375
48,198,95.0317382812
48,201,90.9484863281
48,204,87.3962402344
48,207,84.3383789062
48,210,81.6833496094
48,213,79.39453125
48,216,77.4353027344
48,219,75.7507324219
48,222,74.3408203125
48,225,73.1872558594
48,228,72.2534179688
48,231,71.5393066406
48,234,71.0266113281
48,237,70.6970214844
48,240,70.5871582031
48,243,70.6420898438
48,246,70.9167480469
48,249,71.3745117188
48,252,72.0336914062
48,255,72.9125976562
48,258,74.0295410156
48,261,75.3662109375
48,264,76.9775390625
48,267,78.8818359375
48,270,81.1157226562
48,273,83.7158203125
48,276,86.71875
48,279,89.5568847656
48,282,90.4174804688
48,285,91.5344238281
48,288,92.9443359375
48,291,94.6472167969
48,294,96.6796875
48,297,99.0600585938
48,300,101.861572266
48,303,105.084228516
48,306,108.801269531
48,309,113.049316406
48,312,117.883300781
48,315,123.376464844
48,318,129.510498047
48,321,136.029052734
48,324,141.815185547
48,327,143.811035156
48,330,139.74609375
48,333,132.604980469
48,336,125.335693359
48,339,118.872070312
48,342,113.342285156
48,345,108.69140625
48,348,104.809570312
48,351,101.586914062
48,354,98.9318847656
48,357,96.8078613281
48,360,95.1049804688
49,0,95.6176757812
49,3,94.3359375
49,6,93.4204101562
49,9,92.87109375
49,12,92.6879882812
49,15,92.8344726562
49,18,93.3288574219
49,21,94.189453125
49,24,95.4162597656
49,27,97.0642089844
49,30,99.1516113281
49,33,101.715087891
49,36,104.846191406
49,39,108.636474609
49,42,113.140869141
49,45,118.377685547
49,48,113.397216797
49,51,108.3984375
49,54,104.077148438
49,57,100.360107422
49,60,97.1740722656
49,63,94.4091796875
49,66,92.0654296875
49,69,90.0695800781
49,72,88.3850097656
49,75,87.01171875
49,78,85.9130859375
49,81,85.0708007812
49,84,84.4665527344
49,87,84.1003417969
49,90,83.9538574219
49,93,84.0454101562
49,96,84.3566894531
49,99,84.9060058594
49,102,85.6750488281
49,105,86.7004394531
49,108,87.9638671875
49,111,89.501953125
49,114,91.3146972656
49,117,93.4204101562
49,120,95.8374023438
49,123,98.583984375
49,126,101.66015625
49,129,105.102539062
49,132,108.874511719
49,135,112.976074219
49,138,117.407226562
49,141,122.149658203
49,144,127.1484375
49,147,132.330322266
49,150,137.603759766
49,153,143.041992188
49,156,148.736572266
49,159,154.559326172
49,162,160.235595703
49,165,165.051269531
49,168,167.449951172
49,171,165.545654297
49,174,158.404541016
49,177,148.461914062
49,180,138.024902344
49,183,128.265380859
49,186,119.732666016
49,189,112.335205078
49,192,105.944824219
49,195,100.433349609
49,198,95.6909179688
49,201,91.5893554688
49,204,88.037109375
49,207,84.9609375
49,210,82.2875976562
49,213,79.9987792969
49,216,78.0212402344
49,219,76.3366699219
49,222,74.9267578125
49,225,73.7548828125
49,228,72.8210449219
49,231,72.0886230469
49,234,71.5759277344
49,237,71.2646484375
49,240,71.1547851562
49,243,71.2280273438
49,246,71.484375
49,249,71.9604492188
49,252,72.6379394531
49,255,73.5168457031
49,258,74.6337890625
49,261,76.0070800781
49,264,77.6184082031
49,267,79.541015625
49,270,81.7932128906
49,273,84.4116210938
49,276,87.3229980469
49,279,87.9089355469
49,282,88.7329101562
49,285,89.8315429688
49,288,91.2048339844
49,291,92.8894042969
49,294,94.8852539062
49,297,97.2290039062
49,300,99.9572753906
49,303,103.125
49,306,106.787109375
49,309,110.961914062
49,312,115.759277344
49,315,121.179199219
49,318,127.276611328
49,321,133.831787109
49,324,139.965820312
49,327,142.840576172
49,330,139.691162109
49,333,132.952880859
49,336,125.848388672
49,339,119.421386719
49,342,113.928222656
49,345,109.259033203
49,348,105.358886719
49,351,102.136230469
49,354,99.462890625
49,357,97.3205566406
49,360,95.6176757812
50,0,96.1486816406
50,3,94.8486328125
50,6,93.9331054688
50,9,93.3654785156
50,12,93.1640625
50,15,93.310546875
50,18,93.8049316406
50,21,94.6472167969
50,24,95.8740234375
50,27,97.5219726562
50,30,99.5910644531
50,33,102.154541016
50,36,105.285644531
50,39,109.075927734
50,42,113.580322266
50,45,118.853759766
50,48,115.704345703
50,51,110.595703125
50,54,106.201171875
50,57,102.410888672
50,60,99.1333007812
50,63,96.3317871094
50,66,93.9331054688
50,69,91.9006347656
50,72,90.1794433594
50,75,88.76953125
50,78,87.6525878906
50,81,86.7919921875
50,84,86.1694335938
50,87,85.8032226562
50,90,85.6567382812
50,93,85.7482910156
50,96,86.0595703125
50,99,86.6088867188
50,102,87.4145507812
50,105,88.4399414062
50,108,89.7399902344
50,111,91.2963867188
50,114,93.1274414062
50,117,95.2697753906
50,120,97.7233886719
50,123,100.506591797
50,126,103.619384766
50,129,107.098388672
50,132,110.888671875
50,135,115.026855469
50,138,119.439697266
50,141,124.200439453
50,144,129.180908203
50,147,134.307861328
50,150,139.581298828
50,153,145.01953125
50,156,150.677490234
50,159,156.463623047
50,162,162.084960938
50,165,166.735839844
50,168,168.75
50,171,166.552734375
50,174,159.136962891
50,177,149.157714844
50,180,138.702392578
50,183,128.997802734
50,186,120.465087891
50,189,113.031005859
50,192,106.640625
50,195,101.147460938
50,198,96.38671875
50,201,92.2485351562
50,204,88.6962890625
50,207,85.6018066406
50,210,82.91015625
50,213,80.6030273438
50,216,78.6254882812
50,219,76.9226074219
50,222,75.5126953125
50,225,74.3408203125
50,228,73.388671875
50,231,72.6745605469
50,234,72.1435546875
50,237,71.8322753906
50,240,71.7224121094
50,243,71.7956542969
50,246,72.0703125
50,249,72.5463867188
50,252,73.2238769531
50,255,74.12109375
50,258,75.2563476562
50,261,76.6296386719
50,264,78.2775878906
50,267,80.2001953125
50,270,82.470703125
50,273,85.107421875
50,276,85.6750488281
50,279,86.2426757812
50,282,87.0666503906
50,285,88.1469726562
50,288,89.4836425781
50,291,91.1315917969
50,294,93.0908203125
50,297,95.3796386719
50,300,98.0712890625
50,303,101.165771484
50,306,104.754638672
50,309,108.874511719
50,312,113.598632812
50,315,118.963623047
50,318,125.006103516
50,321,131.616210938
50,324,138.024902344
50,327,141.760253906
50,330,139.599609375
50,333,133.337402344
50,336,126.361083984
50,339,120.007324219
50,342,114.514160156
50,345,109.844970703
50,348,105.944824219
50,351,102.703857422
50,354,100.030517578
50,357,97.8515625
50,360,96.1486816406
51,0,96.6979980469
51,3,95.3796386719
51,6,94.4458007812
51,9,93.896484375
51,12,93.6767578125
51,15,93.8049316406
51,18,94.2993164062
51,21,95.1416015625
51,24,96.3684082031
51,27,97.998046875
51,30,100.067138672
51,33,102.630615234
51,36,105.76171875
51,39,109.533691406
51,42,114.074707031
51,45,119.366455078
51,48,118.011474609
51,51,112.79296875
51,54,108.306884766
51,57,104.443359375
51,60,101.110839844
51,63,98.2543945312
51,66,95.80078125
51,69,93.7133789062
51,72,91.9738769531
51,75,90.5456542969
51,78,89.3920898438
51,81,88.5131835938
51,84,87.890625
51,87,87.5061035156
51,90,87.3596191406
51,93,87.4328613281
51,96,87.7624511719
51,99,88.330078125
51,102,89.1357421875
51,105,90.1794433594
51,108,91.4978027344
51,111,93.0908203125
51,114,94.9584960938
51,117,97.119140625
51,120,99.609375
51,123,102.429199219
51,126,105.578613281
51,129,109.075927734
51,132,112.902832031
51,135,117.059326172
51,138,121.490478516
51,141,126.251220703
51,144,131.195068359
51,147,136.267089844
51,150,141.540527344
51,153,146.997070312
51,156,152.63671875
51,159,158.386230469
51,162,163.934326172
51,165,168.420410156
51,168,170.104980469
51,171,167.523193359
51,174,159.9609375
51,177,149.945068359
51,180,139.434814453
51,183,129.766845703
51,186,121.197509766
51,189,113.763427734
51,192,107.373046875
51,195,101.843261719
51,198,97.0825195312
51,201,92.9443359375
51,204,89.35546875
51,207,86.2426757812
51,210,83.5510253906
51,213,81.2255859375
51,216,79.2297363281
51,219,77.5268554688
51,222,76.0986328125
51,225,74.9267578125
51,228,73.974609375
51,231,73.2421875
51,234,72.7294921875
51,237,72.4182128906
51,240,72.2900390625
51,243,72.3815917969
51,246,72.65625
51,249,73.1323242188
51,252,73.828125
51,255,74.7253417969
51,258,75.87890625
51,261,77.2521972656
51,264,78.9184570312
51,267,80.8776855469
51,270,83.1481933594
51,273,83.6975097656
51,276,84.0270996094
51,279,84.5947265625
51,282,85.400390625
51,285,86.4440917969
51,288,87.7624511719
51,291,89.3737792969
51,294,91.2963867188
51,297,93.5485839844
51,300,96.1853027344
51,303,99.2248535156
51,306,102.740478516
51,309,106.805419922
51,312,111.437988281
51,315,116.729736328
51,318,122.735595703
51,321,129.345703125
51,324,136.010742188
51,327,140.533447266
51,330,139.416503906
51,333,133.685302734
51,336,126.892089844
51,339,120.611572266
51,342,115.13671875
51,345,110.467529297
51,348,106.549072266
51,351,103.289794922
51,354,100.598144531
51,357,98.4191894531
51,360,96.6979980469
52,0,97.0642089844
52,3,95.7275390625
52,6,94.7937011719
52,9,94.2077636719
52,12,93.9880371094
52,15,94.1162109375
52,18,94.5922851562
52,21,95.4162597656
52,24,96.6430664062
52,27,98.2543945312
52,30,100.323486328
52,33,102.868652344
52,36,105.999755859
52,39,109.753417969
52,42,114.276123047
52,45,119.604492188
52,48,120.318603516
52,51,115.008544922
52,54,110.430908203
52,57,106.475830078
52,60,103.088378906
52,63,100.158691406
52,66,97.6684570312
52,69,95.5444335938
52,72,93.7683105469
52,75,92.3034667969
52,78,91.1315917969
52,81,90.234375
52,84,89.5935058594
52,87,89.1906738281
52,90,89.0441894531
52,93,89.1357421875
52,96,89.4653320312
52,99,90.0329589844
52,102,90.8569335938
52,105,91.9189453125
52,108,93.2556152344
52,111,94.8669433594
52,114,96.7712402344
52,117,98.9685058594
52,120,101.477050781
52,123,104.315185547
52,126,107.501220703
52,129,111.053466797
52,132,114.880371094
52,135,119.055175781
52,138,123.486328125
52,141,128.228759766
52,144,133.135986328
52,147,138.134765625
52,150,143.408203125
52,153,148.883056641
52,156,154.467773438
52,159,160.144042969
52,162,165.563964844
52,165,169.720458984
52,168,171.09375
52,171,168.054199219
52,174,160.382080078
52,177,150.366210938
52,180,139.892578125
52,183,130.242919922
52,186,121.710205078
52,189,114.312744141
52,192,107.922363281
52,195,102.410888672
52,198,97.6318359375
52,201,93.4936523438
52,204,89.9047851562
52,207,86.7736816406
52,210,84.0637207031
52,213,81.73828125
52,216,79.7424316406
52,219,78.0395507812
52,222,76.611328125
52,225,75.4211425781
52,228,74.4689941406
52,231,73.7548828125
52,234,73.2238769531
52,237,72.9125976562
52,240,72.802734375
52,243,72.8942871094
52,246,73.1689453125
52,249,73.6633300781
52,252,74.3591308594
52,255,75.2746582031
52,258,76.4282226562
52,261,77.8198242188
52,264,79.5043945312
52,267,81.4636230469
52,270,81.9580078125
52,273,82.0678710938
52,276,82.3791503906
52,279,82.9284667969
52,282,83.7158203125
52,285,84.7412109375
52,288,86.0412597656
52,291,87.6159667969
52,294,89.4836425781
52,297,91.69921875
52,300,94.2810058594
52,303,97.265625
52,306,100.726318359
52,309,104.699707031
52,312,109.259033203
52,315,114.495849609
52,318,120.428466797
52,321,127.020263672
52,324,133.850097656
52,327,139.031982422
52,330,138.922119141
52,333,133.776855469
52,336,127.203369141
52,339,120.977783203
52,342,115.521240234
52,345,110.870361328
52,348,106.951904297
52,351,103.674316406
52,354,100.982666016
52,357,98.7854003906
52,360,97.0642089844
53,0,96.3317871094
53,3,95.0134277344
53,6,94.0612792969
53,9,93.4753417969
53,12,93.2373046875
53,15,93.3288574219
53,18,93.7866210938
53,21,94.5922851562
53,24,95.7641601562
53,27,97.3388671875
53,30,99.3530273438
53,33,101.843261719
53,36,104.901123047
53,39,108.581542969
53,42,113.012695312
53,45,118.286132812
53,48,122.625732422
53,51,117.205810547
53,54,112.536621094
53,57,108.526611328
53,60,105.065917969
53,63,102.081298828
53,66,99.5361328125
53,69,97.3754882812
53,72,95.5627441406
53,75,94.0612792969
53,78,92.87109375
53,81,91.9555664062
53,84,91.2963867188
53,87,90.8935546875
53,90,90.7287597656
53,93,90.8203125
53,96,91.1499023438
53,99,91.7358398438
53,102,92.5598144531
53,105,93.6401367188
53,108,94.9951171875
53,111,96.6247558594
53,114,98.5473632812
53,117,100.762939453
53,120,103.308105469
53,123,106.164550781
53,126,109.387207031
53,129,112.921142578
53,132,116.766357422
53,135,120.922851562
53,138,125.317382812
53,141,130.004882812
53,144,134.838867188
53,147,139.691162109
53,150,144.836425781
53,153,150.201416016
53,156,155.603027344
53,159,160.968017578
53,162,165.893554688
53,165,169.3359375
53,168,169.885253906
53,171,166.223144531
53,174,158.477783203
53,177,148.718261719
53,180,138.629150391
53,183,129.272460938
53,186,121.014404297
53,189,113.800048828
53,192,107.537841797
53,195,102.117919922
53,198,97.4304199219
53,201,93.3471679688
53,204,89.794921875
53,207,86.71875
53,210,84.0454101562
53,213,81.73828125
53,216,79.7607421875
53,219,78.076171875
53,222,76.6662597656
53,225,75.5126953125
53,228,74.5788574219
53,231,73.8647460938
53,234,73.3520507812
53,237,73.0590820312
53,240,72.94921875
53,243,73.0590820312
53,246,73.3520507812
53,249,73.8464355469
53,252,74.560546875
53,255,75.4943847656
53,258,76.6479492188
53,261,78.0578613281
53,264,79.7424316406
53,267,80.3833007812
53,270,80.2734375
53,273,80.3649902344
53,276,80.6762695312
53,279,81.2072753906
53,282,81.9763183594
53,285,83.0017089844
53,288,84.2651367188
53,291,85.8032226562
53,294,87.6525878906
53,297,89.8132324219
53,300,92.3400878906
53,303,95.2697753906
53,306,98.6572265625
53,309,102.557373047
53,312,107.043457031
53,315,112.170410156
53,318,118.029785156
53,321,124.530029297
53,324,131.359863281
53,327,136.81640625
53,330,137.292480469
53,333,132.531738281
53,336,126.177978516
53,339,120.062255859
53,342,114.697265625
53,345,110.083007812
53,348,106.201171875
53,351,102.941894531
53,354,100.250244141
53,357,98.0712890625
53,360,96.3317871094
54,0,95.654296875
54,3,94.3176269531
54,6,93.3654785156
54,9,92.7612304688
54,12,92.5048828125
54,15,92.5964355469
54,18,93.017578125
54,21,93.7866210938
54,24,94.921875
54,27,96.4599609375
54,30,98.4375
54,33,100.872802734
54,36,103.857421875
54,39,107.464599609
54,42,111.804199219
54,45,117.004394531
54,48,123.083496094
54,51,119.403076172
54,54,114.660644531
54,57,110.559082031
54,60,107.025146484
54,63,104.00390625
54,66,101.403808594
54,69,99.1882324219
54,72,97.3388671875
54,75,95.8190917969
54,78,94.6105957031
54,81,93.6767578125
54,84,92.9992675781
54,87,92.578125
54,90,92.431640625
54,93,92.5048828125
54,96,92.8527832031
54,99,93.4204101562
54,102,94.2626953125
54,105,95.361328125
54,108,96.7346191406
54,111,98.3825683594
54,114,100.323486328
54,117,102.557373047
54,120,105.120849609
54,123,108.013916016
54,126,111.254882812
54,129,114.788818359
54,132,118.634033203
54,135,122.772216797
54,138,127.1484375
54,141,131.744384766
54,144,136.505126953
54,147,141.265869141
54,150,146.282958984
54,153,151.483154297
54,156,156.683349609
54,159,161.737060547
54,162,166.168212891
54,165,169.116210938
54,168,168.823242188
54,171,164.703369141
54,174,156.829833984
54,177,147.290039062
54,180,137.548828125
54,183,128.466796875
54,186,120.428466797
54,189,113.360595703
54,192,107.2265625
54,195,101.898193359
54,198,97.2839355469
54,201,93.2373046875
54,204,89.7216796875
54,207,86.6821289062
54,210,84.0454101562
54,213,81.7749023438
54,216,79.8156738281
54,219,78.1494140625
54,222,76.7578125
54,225,75.6042480469
54,228,74.6887207031
54,231,73.9929199219
54,234,73.4985351562
54,237,73.2055664062
54,240,73.1140136719
54,243,73.2238769531
54,246,73.53515625
54,249,74.0478515625
54,252,74.7619628906
54,255,75.7141113281
54,258,76.8859863281
54,261,78.3142089844
54,264,79.0283203125
54,267,78.6804199219
54,270,78.5705566406
54,273,78.662109375
54,276,78.9733886719
54,279,79.5043945312
54,282,80.2551269531
54,285,81.2438964844
54,288,82.4890136719
54,291,83.9904785156
54,294,85.8032226562
54,297,87.9272460938
54,300,90.3991699219
54,303,93.2739257812
54,306,96.5881347656
54,309,100.415039062
54,312,104.809570312
54,315,109.86328125
54,318,115.612792969
54,321,122.058105469
54,324,128.869628906
54,327,134.564208984
54,330,135.607910156
54,333,131.341552734
54,336,125.189208984
54,339,119.201660156
54,342,113.891601562
54,345,109.332275391
54,348,105.487060547
54,351,102.24609375
54,354,99.5727539062
54,357,97.3937988281
54,360,95.654296875
55,0,95.0134277344
55,3,93.6767578125
55,6,92.7062988281
55,9,92.1020507812
55,12,91.8273925781
55,15,91.8823242188
55,18,92.28515625
55,21,93.0358886719
55,24,94.1345214844
55,27,95.6359863281
55,30,97.55859375
55,33,99.9389648438
55,36,102.868652344
55,39,106.402587891
55,42,110.650634766
55,45,115.759277344
55,48,121.783447266
55,51,121.618652344
55,54,116.766357422
55,57,112.591552734
55,60,109.002685547
55,63,105.908203125
55,66,103.271484375
55,69,101.019287109
55,72,99.1333007812
55,75,97.5952148438
55,78,96.3500976562
55,81,95.3796386719
55,84,94.7021484375
55,87,94.2810058594
55,90,94.1162109375
55,93,94.189453125
55,96,94.5373535156
55,99,95.1232910156
55,102,95.9655761719
55,105,97.0825195312
55,108,98.4558105469
55,111,100.122070312
55,114,102.081298828
55,117,104.351806641
55,120,106.93359375
55,123,109.86328125
55,126,113.104248047
55,129,116.638183594
55,132,120.483398438
55,135,124.603271484
55,138,128.961181641
55,141,133.483886719
55,144,138.116455078
55,147,142.822265625
55,150,147.766113281
55,153,152.783203125
55,156,157.781982422
55,159,162.542724609
55,162,166.552734375
55,165,168.859863281
55,168,167.999267578
55,171,163.366699219
55,174,155.511474609
55,177,146.136474609
55,180,136.614990234
55,183,127.807617188
55,186,119.915771484
55,189,112.994384766
55,192,106.951904297
55,195,101.715087891
55,198,97.1557617188
55,201,93.1640625
55,204,89.7033691406
55,207,86.6821289062
55,210,84.08203125
55,213,81.8298339844
55,216,79.8889160156
55,219,78.2409667969
55,222,76.8493652344
55,225,75.7141113281
55,228,74.8168945312
55,231,74.12109375
55,234,73.6450195312
55,237,73.3703613281
55,240,73.2971191406
55,243,73.4069824219
55,246,73.7365722656
55,249,74.2492675781
55,252,74.9816894531
55,255,75.9338378906
55,258,77.1240234375
55,261,77.8564453125
55,264,77.3071289062
55,267,76.9958496094
55,270,76.8676757812
55,273,76.9592285156
55,276,77.2705078125
55,279,77.783203125
55,282,78.515625
55,285,79.4860839844
55,288,80.712890625
55,291,82.177734375
55,294,83.9538574219
55,297,86.0229492188
55,300,88.4582519531
55,303,91.2780761719
55,306,94.5190429688
55,309,98.2727050781
55,312,102.593994141
55,315,107.537841797
55,318,113.195800781
55,321,119.549560547
55,324,126.361083984
55,327,132.293701172
55,330,133.959960938
55,333,130.169677734
55,336,124.255371094
55,339,118.377685547
55,342,113.140869141
55,345,108.618164062
55,348,104.809570312
55,351,101.586914062
55,354,98.9135742188
55,357,96.7529296875
55,360,95.0134277344
56,0,94.3908691406
56,3,93.0541992188
56,6,92.0837402344
56,9,91.4611816406
56,12,91.1865234375
56,15,91.2231445312
56,18,91.6076660156
56,21,92.3217773438
56,24,93.4020996094
56,27,94.8669433594
56,30,96.7346191406
56,33,99.0600585938
56,36,101.934814453
56,39,105.395507812
56,42,109.552001953
56,45,114.569091797
56,48,120.538330078
56,51,123.815917969
56,54,118.890380859
56,57,114.642333984
56,60,110.980224609
56,63,107.830810547
56,66,105.120849609
56,69,102.850341797
56,72,100.927734375
56,75,99.3530273438
56,78,98.0712890625
56,81,97.1008300781
56,84,96.4050292969
56,87,95.9655761719
56,90,95.80078125
56,93,95.8740234375
56,96,96.2219238281
56,99,96.8078613281
56,102,97.6684570312
56,105,98.7854003906
56,108,100.1953125
56,111,101.861572266
56,114,103.857421875
56,117,106.146240234
56,120,108.746337891
56,123,111.694335938
56,126,114.935302734
56,129,118.487548828
56,132,122.332763672
56,135,126.434326172
56,138,130.755615234
56,141,135.205078125
56,144,139.709472656
56,147,144.378662109
56,150,149.212646484
56,153,154.119873047
56,156,158.917236328
56,159,163.385009766
56,162,166.9921875
56,165,168.695068359
56,168,167.303466797
56,171,162.3046875
56,174,154.39453125
56,177,145.166015625
56,180,135.845947266
56,183,127.221679688
56,186,119.494628906
56,189,112.701416016
56,192,106.768798828
56,195,101.586914062
56,198,97.0642089844
56,201,93.1274414062
56,204,89.7033691406
56,207,86.71875
56,210,84.1369628906
56,213,81.9030761719
56,216,79.98046875
56,219,78.3508300781
56,222,76.9775390625
56,225,75.8605957031
56,228,74.9633789062
56,231,74.2858886719
56,234,73.8098144531
56,237,73.5534667969
56,240,73.4802246094
56,243,73.6083984375
56,246,73.9379882812
56,249,74.4689941406
56,252,75.2197265625
56,255,76.1901855469
56,258,76.8859863281
56,261,76.1352539062
56,264,75.6042480469
56,267,75.29296875
56,270,75.1647949219
56,273,75.2563476562
56,276,75.5676269531
56,279,76.0620117188
56,282,76.7944335938
56,285,77.7465820312
56,288,78.9367675781
56,291,80.3833007812
56,294,82.1044921875
56,297,84.1369628906
56,300,86.5173339844
56,303,89.2639160156
56,306,92.4499511719
56,309,96.1303710938
56,312,100.360107422
56,315,105.230712891
56,318,110.778808594
56,321,117.059326172
56,324,123.834228516
56,327,130.004882812
56,330,132.257080078
56,333,128.997802734
56,336,123.33984375
56,339,117.572021484
56,342,112.426757812
56,345,107.958984375
56,348,104.150390625
56,351,100.964355469
56,354,98.3093261719
56,357,96.1303710938
56,360,94.3908691406
57,0,93.8232421875
57,3,92.4865722656
57,6,91.4978027344
57,9,90.8752441406
57,12,90.5639648438
57,15,90.6005859375
57,18,90.9484863281
57,21,91.6442871094
57,24,92.7062988281
57,27,94.1162109375
57,30,95.947265625
57,33,98.2360839844
57,36,101.037597656
57,39,104.425048828
57,42,108.526611328
57,45,113.433837891
57,48,119.348144531
57,51,126.013183594
57,54,120.99609375
57,57,116.674804688
57,60,112.939453125
57,63,109.735107422
57,66,106.988525391
57,69,104.663085938
57,72,102.722167969
57,75,101.110839844
57,78,99.8107910156
57,81,98.8220214844
57,84,98.1079101562
57,87,97.6684570312
57,90,97.4853515625
57,93,97.55859375
57,96,97.9064941406
57,99,98.5107421875
57,102,99.3713378906
57,105,100.506591797
57,108,101.916503906
57,111,103.619384766
57,114,105.615234375
57,117,107.922363281
57,120,110.559082031
57,123,113.507080078
57,126,116.748046875
57,129,120.318603516
57,132,124.163818359
57,135,128.228759766
57,138,132.513427734
57,141,136.907958984
57,144,141.320800781
57,147,145.935058594
57,150,150.659179688
57,153,155.419921875
57,156,160.052490234
57,159,164.282226562
57,162,167.431640625
57,165,168.603515625
57,168,166.717529297
57,171,161.407470703
57,174,153.442382812
57,177,144.323730469
57,180,135.241699219
57,183,126.745605469
57,186,119.165039062
57,189,112.481689453
57,192,106.622314453
57,195,101.513671875
57,198,97.0458984375
57,201,93.1274414062
57,204,89.7399902344
57,207,86.7736816406
57,210,84.2102050781
57,213,81.9946289062
57,216,80.0903320312
57,219,78.4790039062
57,222,77.1240234375
57,225,76.0070800781
57,228,75.1281738281
57,231,74.4506835938
57,234,73.9929199219
57,237,73.7365722656
57,240,73.681640625
57,243,73.828125
57,246,74.1577148438
57,249,74.70703125
57,252,75.4577636719
57,255,76.1169433594
57,258,75.146484375
57,261,74.4140625
57,264,73.9013671875
57,267,73.5900878906
57,270,73.4802246094
57,273,73.5717773438
57,276,73.8464355469
57,279,74.3591308594
57,282,75.0549316406
57,285,75.9887695312
57,288,77.1423339844
57,291,78.5705566406
57,294,80.2551269531
57,297,82.2509765625
57,300,84.5764160156
57,303,87.2680664062
57,306,90.380859375
57,309,93.9880371094
57,312,98.1262207031
57,315,102.905273438
57,318,108.361816406
57,321,114.55078125
57,324,121.307373047
57,327,127.661132812
57,330,130.554199219
57,333,127.844238281
57,336,122.4609375
57,339,116.821289062
57,342,111.730957031
57,345,107.318115234
57,348,103.546142578
57,351,100.378417969
57,354,97.7233886719
57,357,95.5627441406
57,360,93.8232421875
58,0,93.2922363281
58,3,91.9372558594
58,6,90.9484863281
58,9,90.3076171875
58,12,89.9963378906
58,15,90.0146484375
58,18,90.3442382812
58,21,91.0217285156
58,24,92.0288085938
58,27,93.4204101562
58,30,95.21484375
58,33,97.4487304688
58,36,100.1953125
58,39,103.527832031
58,42,107.537841797
58,45,112.371826172
58,48,118.194580078
58,51,125.079345703
58,54,123.120117188
58,57,118.707275391
58,60,114.916992188
58,63,111.657714844
58,66,108.856201172
58,69,106.494140625
58,72,104.498291016
58,75,102.868652344
58,78,101.550292969
58,81,100.524902344
58,84,99.7924804688
58,87,99.3530273438
58,90,99.169921875
58,93,99.2431640625
58,96,99.5910644531
58,99,100.1953125
58,102,101.055908203
58,105,102.209472656
58,108,103.637695312
58,111,105.358886719
58,114,107.373046875
58,117,109.698486328
58,120,112.353515625
58,123,115.319824219
58,126,118.579101562
58,129,122.131347656
58,132,125.958251953
58,135,130.023193359
58,138,134.252929688
58,141,138.57421875
58,144,142.913818359
58,147,147.491455078
58,150,152.142333984
58,153,156.756591797
58,156,161.206054688
58,159,165.197753906
58,162,167.926025391
58,165,168.621826172
58,168,166.259765625
58,171,160.656738281
58,174,152.673339844
58,177,143.664550781
58,180,134.692382812
58,183,126.379394531
58,186,118.908691406
58,189,112.298583984
58,192,106.512451172
58,195,101.458740234
58,198,97.0275878906
58,201,93.1640625
58,204,89.794921875
58,207,86.865234375
58,210,84.3200683594
58,213,82.1044921875
58,216,80.2185058594
58,219,78.6254882812
58,222,77.2705078125
58,225,76.171875
58,228,75.29296875
58,231,74.6337890625
58,234,74.1943359375
58,237,73.9379882812
58,240,73.9013671875
58,243,74.0478515625
58,246,74.3957519531
58,249,74.9450683594
58,252,75.5310058594
58,255,74.3591308594
58,258,73.4252929688
58,261,72.7111816406
58,264,72.1984863281
58,267,71.8872070312
58,270,71.77734375
58,273,71.8688964844
58,276,72.1435546875
58,279,72.6379394531
58,282,73.3337402344
58,285,74.2309570312
58,288,75.3662109375
58,291,76.7578125
58,294,78.4057617188
58,297,80.3466796875
58,300,82.6354980469
58,303,85.2722167969
58,306,88.3117675781
58,309,91.845703125
58,312,95.9106445312
58,315,100.579833984
58,318,105.944824219
58,321,112.042236328
58,324,118.762207031
58,327,125.299072266
58,330,128.796386719
58,333,126.690673828
58,336,121.618652344
58,339,116.107177734
58,342,111.090087891
58,345,106.713867188
58,348,102.960205078
58,351,99.8107910156
58,354,97.1740722656
58,357,95.0134277344
58,360,93.2922363281
59,0,92.7795410156
59,3,91.4245605469
59,6,90.4357910156
59,9,89.7766113281
59,12,89.4653320312
59,15,89.4470214844
59,18,89.7766113281
59,21,90.4174804688
59,24,91.40625
59,27,92.7612304688
59,30,94.5190429688
59,33,96.7163085938
59,36,99.4079589844
59,39,102.685546875
59,42,106.622314453
59,45,111.364746094
59,48,117.077636719
59,51,123.907470703
59,54,125.225830078
59,57,120.739746094
59,60,116.876220703
59,63,113.562011719
59,66,110.723876953
59,69,108.306884766
59,72,106.292724609
59,75,104.608154297
59,78,103.271484375
59,81,102.24609375
59,84,101.495361328
59,87,101.037597656
59,90,100.836181641
59,93,100.927734375
59,96,101.257324219
59,99,101.879882812
59,102,102.758789062
59,105,103.912353516
59,108,105.358886719
59,111,107.098388672
59,114,109.130859375
59,117,111.474609375
59,120,114.147949219
59,123,117.114257812
59,126,120.373535156
59,129,123.944091797
59,132,127.752685547
59,135,131.799316406
59,138,135.974121094
59,141,140.240478516
59,144,144.525146484
59,147,149.047851562
59,150,153.607177734
59,153,158.111572266
59,156,162.377929688
59,159,166.094970703
59,162,168.45703125
59,165,168.676757812
59,168,165.911865234
59,171,160.070800781
59,174,152.05078125
59,177,143.115234375
59,180,134.271240234
59,183,126.104736328
59,186,118.707275391
59,189,112.188720703
59,192,106.475830078
59,195,101.458740234
59,198,97.0642089844
59,201,93.2189941406
59,204,89.8864746094
59,207,86.9750976562
59,210,84.4299316406
59,213,82.2509765625
59,216,80.3649902344
59,219,78.7719726562
59,222,77.4536132812
59,225,76.3549804688
59,228,75.4943847656
59,231,74.8352050781
59,234,74.3957519531
59,237,74.1577148438
59,240,74.12109375
59,243,74.267578125
59,246,74.6337890625
59,249,75.1281738281
59,252,73.7548828125
59,255,72.6013183594
59,258,71.6857910156
59,261,70.9899902344
59,264,70.4956054688
59,267,70.1843261719
59,270,70.0744628906
59,273,70.166015625
59,276,70.4406738281
59,279,70.9167480469
59,282,71.5942382812
59,285,72.4731445312
59,288,73.5900878906
59,291,74.9450683594
59,294,76.5563964844
59,297,78.4606933594
59,300,80.6762695312
59,303,83.2580566406
59,306,86.2426757812
59,309,89.6850585938
59,312,93.6767578125
59,315,98.2543945312
59,318,103.527832031
59,321,109.533691406
59,324,116.198730469
59,327,122.863769531
59,330,126.983642578
59,333,125.537109375
59,336,120.794677734
59,339,115.411376953
59,342,110.467529297
59,345,106.146240234
59,348,102.429199219
59,351,99.2797851562
59,354,96.6613769531
59,357,94.5190429688
59,360,92.7795410156
60,0,92.3034667969
60,3,90.9484863281
60,6,89.9597167969
60,9,89.2822265625
60,12,88.9526367188
60,15,88.9343261719
60,18,89.2272949219
60,21,89.8498535156
60,24,90.8203125
60,27,92.1569824219
60,30,93.8598632812
60,33,96.0205078125
60,36,98.6572265625
60,39,101.879882812
60,42,105.743408203
60,45,110.394287109
60,48,116.015625
60,51,122.790527344
60,54,127.331542969
60,57,122.772216797
60,60,118.853759766
60,63,115.466308594
60,66,112.591552734
60,69,110.137939453
60,72,108.068847656
60,75,106.365966797
60,78,105.010986328
60,81,103.948974609
60,84,103.198242188
60,87,102.722167969
60,90,102.520751953
60,93,102.593994141
60,96,102.941894531
60,99,103.564453125
60,102,104.443359375
60,105,105.615234375
60,108,107.080078125
60,111,108.819580078
60,114,110.888671875
60,117,113.250732422
60,120,115.924072266
60,123,118.890380859
60,126,122.16796875
60,129,125.756835938
60,132,129.528808594
60,135,133.557128906
60,138,137.677001953
60,141,141.870117188
60,144,146.136474609
60,147,150.5859375
60,150,155.072021484
60,153,159.448242188
60,156,163.549804688
60,159,166.973876953
60,162,169.061279297
60,165,168.768310547
60,168,165.692138672
60,171,159.613037109
60,174,151.519775391
60,177,142.67578125
60,180,133.959960938
60,183,125.866699219
60,186,118.579101562
60,189,112.133789062
60,192,106.457519531
60,195,101.495361328
60,198,97.1374511719
60,201,93.3288574219
60,204,89.9963378906
60,207,87.1032714844
60,210,84.5764160156
60,213,82.3974609375
60,216,80.5297851562
60,219,78.955078125
60,222,77.63671875
60,225,76.5563964844
60,228,75.6958007812
60,231,75.0549316406
60,234,74.6154785156
60,237,74.3774414062
60,240,74.3408203125
60,243,74.5056152344
60,246,74.8718261719
60,249,73.3154296875
60,252,71.9604492188
60,255,70.8435058594
60,258,69.9645996094
60,261,69.2687988281
60,264,68.7927246094
60,267,68.4997558594
60,270,68.3898925781
60,273,68.4631347656
60,276,68.7377929688
60,279,69.1955566406
60,282,69.8547363281
60,285,70.7336425781
60,288,71.8139648438
60,291,73.1323242188
60,294,74.70703125
60,297,76.5747070312
60,300,78.7353515625
60,303,81.2622070312
60,306,84.1735839844
60,309,87.5427246094
60,312,91.4428710938
60,315,95.9289550781
60,318,101.092529297
60,321,107.006835938
60,324,113.616943359
60,327,120.391845703
60,330,125.09765625
60,333,124.383544922
60,336,119.970703125
60,339,114.752197266
60,342,109.881591797
60,345,105.596923828
60,348,101.916503906
60,351,98.7854003906
60,354,96.1853027344
60,357,94.0246582031
60,360,92.3034667969
61,0,91.845703125
61,3,90.4907226562
61,6,89.501953125
61,9,88.8244628906
61,12,88.4765625
61,15,88.4399414062
61,18,88.7329101562
61,21,89.3371582031
61,24,90.2709960938
61,27,91.5710449219
61,30,93.2556152344
61,33,95.361328125
61,36,97.9614257812
61,39,101.110839844
61,42,104.919433594
61,45,109.497070312
61,48,115.008544922
61,51,121.691894531
61,54,129.437255859
61,57,124.8046875
61,60,120.812988281
61,63,117.388916016
61,66,114.440917969
61,69,111.950683594
61,72,109.844970703
61,75,108.123779297
61,78,106.732177734
61,81,105.651855469
61,84,104.8828125
61,87,104.406738281
61,90,104.205322266
61,93,104.278564453
61,96,104.626464844
61,99,105.230712891
61,102,106.127929688
61,105,107.318115234
61,108,108.782958984
61,111,110.559082031
61,114,112.628173828
61,117,115.008544922
61,120,117.700195312
61,123,120.684814453
61,126,123.962402344
61,129,127.532958984
61,132,131.286621094
61,135,135.296630859
61,138,139.361572266
61,141,143.499755859
61,144,147.747802734
61,147,152.142333984
61,150,156.518554688
61,153,160.784912109
61,156,164.703369141
61,159,167.907714844
61,162,169.647216797
61,165,168.951416016
61,168,165.52734375
61,171,159.228515625
61,174,151.116943359
61,177,142.327880859
61,180,133.721923828
61,183,125.701904297
61,186,118.505859375
61,189,112.115478516
61,192,106.494140625
61,195,101.550292969
61,198,97.2106933594
61,201,93.4387207031
61,204,90.1245117188
61,207,87.2497558594
61,210,84.7412109375
61,213,82.5805664062
61,216,80.7312011719
61,219,79.1381835938
61,222,77.8381347656
61,225,76.7578125
61,228,75.9155273438
61,231,75.2746582031
61,234,74.853515625
61,237,74.6154785156
61,240,74.5971679688
61,243,74.7619628906
61,246,73.0773925781
61,249,71.5026855469
61,252,70.1843261719
61,255,69.1040039062
61,258,68.2250976562
61,261,67.5476074219
61,264,67.08984375
61,267,66.796875
61,270,66.6870117188
61,273,66.7785644531
61,276,67.0349121094
61,279,67.4926757812
61,282,68.1335449219
61,285,68.9758300781
61,288,70.0378417969
61,291,71.3195800781
61,294,72.8576660156
61,297,74.6704101562
61,300,76.7944335938
61,303,79.248046875
61,306,82.1044921875
61,309,85.400390625
61,312,89.1906738281
61,315,93.5852050781
61,318,98.6572265625
61,321,104.479980469
61,324,111.016845703
61,327,117.901611328
61,330,123.138427734
61,333,123.193359375
61,336,119.165039062
61,339,114.111328125
61,342,109.313964844
61,345,105.084228516
61,348,101.440429688
61,351,98.3276367188
61,354,95.7275390625
61,357,93.5852050781
61,360,91.845703125
62,0,91.0949707031
62,3,89.7399902344
62,6,88.7512207031
62,9,88.0737304688
62,12,87.7075195312
62,15,87.6525878906
62,18,87.9272460938
62,21,88.4948730469
62,24,89.4104003906
62,27,90.673828125
62,30,92.3034667969
62,33,94.3725585938
62,36,96.8994140625
62,39,99.9938964844
62,42,103.692626953
62,45,108.178710938
62,48,113.580322266
62,51,120.1171875
62,54,127.972412109
62,57,126.837158203
62,60,122.790527344
62,63,119.293212891
62,66,116.30859375
62,69,113.763427734
62,72,111.639404297
62,75,109.881591797
62,78,108.453369141
62,81,107.373046875
62,84,106.585693359
62,87,106.072998047
62,90,105.871582031
62,93,105.944824219
62,96,106.292724609
62,99,106.896972656
62,102,107.8125
62,105,109.002685547
62,108,110.485839844
62,111,112.261962891
62,114,114.349365234
62,117,116.729736328
62,120,119.421386719
62,123,122.406005859
62,126,125.701904297
62,129,129.217529297
62,132,132.971191406
62,135,136.926269531
62,138,140.899658203
62,141,144.946289062
62,144,149.194335938
62,147,153.479003906
62,150,157.708740234
62,153,161.773681641
62,156,165.472412109
62,159,168.365478516
62,162,169.592285156
62,165,168.511962891
62,168,164.6484375
62,171,158.203125
62,174,150.128173828
62,177,141.467285156
62,180,132.989501953
62,183,125.134277344
62,186,118.06640625
62,189,111.767578125
62,192,106.219482422
62,195,101.348876953
62,198,97.0642089844
62,201,93.3288574219
62,204,90.0512695312
62,207,87.1948242188
62,210,84.7229003906
62,213,82.5805664062
62,216,80.7312011719
62,219,79.1748046875
62,222,77.8747558594
62,225,76.8127441406
62,228,75.9887695312
62,231,75.3662109375
62,234,74.9450683594
62,237,74.7253417969
62,240,74.70703125
62,243,73.0407714844
62,246,71.2280273438
62,249,69.6899414062
62,252,68.408203125
62,255,67.3461914062
62,258,66.4855957031
62,261,65.8447265625
62,264,65.3686523438
62,267,65.0939941406
62,270,65.0024414062
62,273,65.0756835938
62,276,65.33203125
62,279,65.771484375
62,282,66.3940429688
62,285,67.2180175781
62,288,68.26171875
62,291,69.5068359375
62,294,71.0083007812
62,297,72.7844238281
62,300,74.8352050781
62,303,77.2521972656
62,306,80.0170898438
62,309,83.2397460938
62,312,86.9384765625
62,315,91.2414550781
62,318,96.2036132812
62,321,101.898193359
62,324,108.361816406
62,327,115.228271484
62,330,120.886230469
62,333,121.618652344
62,336,118.011474609
62,339,113.122558594
62,342,108.416748047
62,345,104.241943359
62,348,100.616455078
62,351,97.5402832031
62,354,94.9584960938
62,357,92.8344726562
62,360,91.0949707031
63,0,89.7583007812
63,3,88.4216308594
63,6,87.4145507812
63,9,86.7370605469
63,12,86.3525390625
63,15,86.279296875
63,18,86.5173339844
63,21,87.0666503906
63,24,87.9272460938
63,27,89.1357421875
63,30,90.7287597656
63,33,92.7062988281
63,36,95.1599121094
63,39,98.1262207031
63,42,101.715087891
63,45,106.0546875
63,48,111.273193359
63,51,117.590332031
63,54,125.262451172
63,57,128.869628906
63,60,124.749755859
63,63,121.197509766
63,66,118.157958984
63,69,115.576171875
63,72,113.415527344
63,75,111.62109375
63,78,110.174560547
63,81,109.057617188
63,84,108.251953125
63,87,107.757568359
63,90,107.537841797
63,93,107.592773438
63,96,107.940673828
63,99,108.544921875
63,102,109.460449219
63,105,110.650634766
63,108,112.133789062
63,111,113.909912109
63,114,115.997314453
63,117,118.377685547
63,120,121.069335938
63,123,124.053955078
63,126,127.313232422
63,129,130.773925781
63,132,134.47265625
63,135,138.317871094
63,138,142.199707031
63,141,146.118164062
63,144,150.238037109
63,147,154.39453125
63,150,158.386230469
63,153,162.176513672
63,156,165.472412109
63,159,167.761230469
63,162,168.493652344
63,165,166.735839844
63,168,162.561035156
63,171,156.005859375
63,174,148.022460938
63,177,139.617919922
63,180,131.396484375
63,183,123.797607422
63,186,116.912841797
63,189,110.797119141
63,192,105.395507812
63,195,100.634765625
63,198,96.4599609375
63,201,92.7978515625
63,204,89.5751953125
63,207,86.7736816406
63,210,84.3383789062
63,213,82.2509765625
63,216,80.4382324219
63,219,78.9184570312
63,222,77.63671875
63,225,76.611328125
63,228,75.7873535156
63,231,75.1831054688
63,234,74.7802734375
63,237,74.5788574219
63,240,73.1689453125
63,243,71.1181640625
63,246,69.3603515625
63,249,67.8588867188
63,252,66.5954589844
63,255,65.5700683594
63,258,64.74609375
63,261,64.1052246094
63,264,63.6657714844
63,267,63.3911132812
63,270,63.2995605469
63,273,63.3728027344
63,276,63.6108398438
63,279,64.0502929688
63,282,64.6545410156
63,285,65.4602050781
63,288,66.4672851562
63,291,67.6940917969
63,294,69.1589355469
63,297,70.8801269531
63,300,72.8759765625
63,303,75.2197265625
63,306,77.9296875
63,309,81.0607910156
63,312,84.66796875
63,315,88.8610839844
63,318,93.6950683594
63,321,99.2797851562
63,324,105.596923828
63,327,112.408447266
63,330,118.212890625
63,333,119.403076172
63,336,116.088867188
63,339,111.419677734
63,342,106.823730469
63,345,102.722167969
63,348,99.169921875
63,351,96.1486816406
63,354,93.5852050781
63,357,91.4794921875
63,360,89.7583007812
64,0,88.4582519531
64,3,87.1215820312
64,6,86.1145019531
64,9,85.4187011719
64,12,85.0341796875
64,15,84.9426269531
64,18,85.1623535156
64,21,85.6750488281
64,24,86.4990234375
64,27,87.6525878906
64,30,89.1723632812
64,33,91.0949707031
64,36,93.45703125
64,39,96.3317871094
64,42,99.8107910156
64,45,103.985595703
64,48,109.039306641
64,51,115.155029297
64,54,122.607421875
64,57,130.902099609
64,60,126.708984375
64,63,123.101806641
64,66,120.025634766
64,69,117.407226562
64,72,115.191650391
64,75,113.360595703
64,78,111.895751953
64,81,110.760498047
64,84,109.936523438
64,87,109.423828125
64,90,109.185791016
64,93,109.240722656
64,96,109.5703125
64,99,110.192871094
64,102,111.108398438
64,105,112.298583984
64,108,113.781738281
64,111,115.557861328
64,114,117.645263672
64,117,120.025634766
64,120,122.698974609
64,123,125.665283203
64,126,128.887939453
64,129,132.312011719
64,132,135.955810547
64,135,139.672851562
64,138,143.444824219
64,141,147.308349609
64,144,151.263427734
64,147,155.236816406
64,150,159.045410156
64,153,162.542724609
64,156,165.454101562
64,159,167.28515625
64,162,167.376708984
64,165,165.197753906
64,168,160.656738281
64,171,153.973388672
64,174,146.118164062
64,177,137.933349609
64,180,129.968261719
64,183,122.570800781
64,186,115.887451172
64,189,109.936523438
64,192,104.644775391
64,195,99.9938964844
64,198,95.8923339844
64,201,92.28515625
64,204,89.1357421875
64,207,86.3891601562
64,210,84.0087890625
64,213,81.9396972656
64,216,80.1818847656
64,219,78.6804199219
64,222,77.4353027344
64,225,76.4099121094
64,228,75.6225585938
64,231,75.0183105469
64,234,74.6337890625
64,237,73.53515625
64,240,71.19140625
64,243,69.1955566406
64,246,67.4926757812
64,249,66.0278320312
64,252,64.8010253906
64,255,63.7939453125
64,258,63.0065917969
64,261,62.3840332031
64,264,61.9445800781
64,267,61.6882324219
64,270,61.5783691406
64,273,61.6516113281
64,276,61.9079589844
64,279,62.3291015625
64,282,62.9150390625
64,285,63.7023925781
64,288,64.6728515625
64,291,65.8630371094
64,294,67.2912597656
64,297,68.9758300781
64,300,70.9167480469
64,303,73.2055664062
64,306,75.8422851562
64,309,78.8818359375
64,312,82.3974609375
64,315,86.4807128906
64,318,91.2048339844
64,321,96.6430664062
64,324,102.850341797
64,327,109.5703125
64,330,115.502929688
64,333,117.169189453
64,336,114.221191406
64,339,109.753417969
64,342,105.267333984
64,345,101.257324219
64,348,97.7600097656
64,351,94.775390625
64,354,92.2485351562
64,357,90.1611328125
64,360,88.4582519531
65,0,87.1948242188
65,3,85.8581542969
65,6,84.8510742188
65,9,84.1552734375
65,12,83.7524414062
65,15,83.642578125
65,18,83.8439941406
65,21,84.3200683594
65,24,85.107421875
65,27,86.2243652344
65,30,87.6892089844
65,33,89.5385742188
65,36,91.8273925781
65,39,94.5922851562
65,42,97.9614257812
65,45,101.989746094
65,48,106.878662109
65,51,112.774658203
65,54,120.007324219
65,57,128.796386719
65,60,128.686523438
65,63,125.024414062
65,66,121.875
65,69,119.219970703
65,72,116.967773438
65,75,115.118408203
65,78,113.616943359
65,81,112.463378906
65,84,111.62109375
65,87,111.071777344
65,90,110.833740234
65,93,110.888671875
65,96,111.218261719
65,99,111.840820312
65,102,112.738037109
65,105,113.928222656
65,108,115.411376953
65,111,117.205810547
65,114,119.274902344
65,117,121.655273438
65,120,124.328613281
65,123,127.276611328
65,126,130.444335938
65,129,133.831787109
65,132,137.420654297
65,135,141.027832031
65,138,144.689941406
65,141,148.480224609
65,144,152.325439453
65,147,156.079101562
65,150,159.66796875
65,153,162.890625
65,156,165.509033203
65,159,166.827392578
65,162,166.40625
65,165,163.76953125
65,168,158.935546875
65,171,152.197265625
65,174,144.451904297
65,177,136.413574219
65,180,128.686523438
65,183,121.472167969
65,186,114.971923828
65,189,109.130859375
65,192,103.967285156
65,195,99.3896484375
65,198,95.3796386719
65,201,91.845703125
65,204,88.7512207031
65,207,86.0412597656
65,210,83.6975097656
65,213,81.6650390625
65,216,79.9255371094
65,219,78.4606933594
65,222,77.2338867188
65,225,76.2268066406
65,228,75.4577636719
65,231,74.8901367188
65,234,74.12109375
65,237,71.484375
65,240,69.2321777344
65,243,67.2729492188
65,246,65.6066894531
65,249,64.1967773438
65,252,63.0065917969
65,255,62.0361328125
65,258,61.2487792969
65,261,60.64453125
65,264,60.2233886719
65,267,59.9670410156
65,270,59.8754882812
65,273,59.9487304688
65,276,60.1867675781
65,279,60.5895996094
65,282,61.1755371094
65,285,61.9262695312
65,288,62.8784179688
65,291,64.0502929688
65,294,65.4235839844
65,297,67.0532226562
65,300,68.9575195312
65,303,71.1730957031
65,306,73.7365722656
65,309,76.7028808594
65,312,80.1452636719
65,315,84.1003417969
65,318,88.6962890625
65,321,94.0246582031
65,324,100.085449219
65,327,106.732177734
65,330,112.79296875
65,333,114.953613281
65,336,112.371826172
65,339,108.10546875
65,342,103.747558594
65,345,99.8107910156
65,348,96.3684082031
65,351,93.4204101562
65,354,90.9484863281
65,357,88.8793945312
65,360,87.1948242188
66,0,85.9497070312
66,3,84.6130371094
66,6,83.6242675781
66,9,82.91015625
66,12,82.5073242188
66,15,82.3791503906
66,18,82.5439453125
66,21,83.0017089844
66,24,83.7524414062
66,27,84.8327636719
66,30,86.2426757812
66,33,88.0187988281
66,36,90.234375
66,39,92.9260253906
66,42,96.1669921875
66,45,100.067138672
66,48,104.791259766
66,51,110.485839844
66,54,117.48046875
66,57,126.049804688
66,60,130.645751953
66,63,126.928710938
66,66,123.742675781
66,69,121.032714844
66,72,118.743896484
66,75,116.857910156
66,78,115.338134766
66,81,114.147949219
66,84,113.287353516
66,87,112.738037109
66,90,112.481689453
66,93,112.518310547
66,96,112.847900391
66,99,113.470458984
66,102,114.367675781
66,105,115.557861328
66,108,117.059326172
66,111,118.835449219
66,114,120.904541016
66,117,123.284912109
66,120,125.939941406
66,123,128.851318359
66,126,131.982421875
66,129,135.3515625
66,132,138.830566406
66,135,142.364501953
66,138,145.935058594
66,141,149.652099609
66,144,153.350830078
66,147,156.976318359
66,150,160.327148438
66,153,163.293457031
66,156,165.490722656
66,159,166.424560547
66,162,165.490722656
66,165,162.487792969
66,168,157.415771484
66,171,150.640869141
66,174,142.96875
66,177,135.076904297
66,180,127.496337891
66,183,120.483398438
66,186,114.111328125
66,189,108.3984375
66,192,103.326416016
66,195,98.8586425781
66,198,94.9035644531
66,201,91.4245605469
66,204,88.3850097656
66,207,85.7299804688
66,210,83.4228515625
66,213,81.4086914062
66,216,79.7058105469
66,219,78.2592773438
66,222,77.05078125
66,225,76.0803222656
66,228,75.3112792969
66,231,74.7619628906
66,234,71.9970703125
66,237,69.4519042969
66,240,67.2546386719
66,243,65.3503417969
66,246,63.7390136719
66,249,62.3657226562
66,252,61.2121582031
66,255,60.2600097656
66,258,59.5092773438
66,261,58.9233398438
66,264,58.5205078125
66,267,58.2641601562
66,270,58.1726074219
66,273,58.2458496094
66,276,58.4838867188
66,279,58.8684082031
66,282,59.4360351562
66,285,60.1684570312
66,288,61.1022949219
66,291,62.2192382812
66,294,63.57421875
66,297,65.1489257812
66,300,66.9982910156
66,303,69.1589355469
66,306,71.6491699219
66,309,74.5422363281
66,312,77.8747558594
66,315,81.73828125
66,318,86.2060546875
66,321,91.3879394531
66,324,97.3388671875
66,327,103.875732422
66,330,110.046386719
66,333,112.701416016
66,336,110.540771484
66,339,106.494140625
66,342,102.24609375
66,345,98.4008789062
66,348,95.0134277344
66,351,92.1203613281
66,354,89.6667480469
66,357,87.6159667969
66,360,85.9497070312
67,0,84.7412109375
67,3,83.4228515625
67,6,82.4157714844
67,9,81.7199707031
67,12,81.298828125
67,15,81.15234375
67,18,81.298828125
67,21,81.7199707031
67,24,82.4523925781
67,27,83.4777832031
67,30,84.8327636719
67,33,86.5539550781
67,36,88.6962890625
67,39,91.2963867188
67,42,94.4274902344
67,45,98.2177734375
67,48,102.758789062
67,51,108.288574219
67,54,115.026855469
67,57,123.358154297
67,60,132.604980469
67,63,128.833007812
67,66,125.592041016
67,69,122.827148438
67,72,120.520019531
67,75,118.597412109
67,78,117.041015625
67,81,115.832519531
67,84,114.953613281
67,87,114.385986328
67,90,114.129638672
67,93,114.147949219
67,96,114.477539062
67,99,115.100097656
67,102,115.997314453
67,105,117.1875
67,108,118.688964844
67,111,120.465087891
67,114,122.534179688
67,117,124.896240234
67,120,127.532958984
67,123,130.407714844
67,126,133.520507812
67,129,136.834716797
67,132,140.240478516
67,135,143.682861328
67,138,147.180175781
67,141,150.842285156
67,144,154.376220703
67,147,157.818603516
67,150,160.986328125
67,153,163.677978516
67,156,165.545654297
67,159,166.040039062
67,162,164.685058594
67,165,161.370849609
67,168,156.024169922
67,171,149.194335938
67,174,141.613769531
67,177,133.88671875
67,180,126.452636719
67,183,119.586181641
67,186,113.342285156
67,189,107.739257812
67,192,102.777099609
67,195,98.3642578125
67,198,94.4641113281
67,201,91.0583496094
67,204,88.0554199219
67,207,85.4370117188
67,210,83.1665039062
67,213,81.1889648438
67,216,79.5043945312
67,219,78.076171875
67,222,76.904296875
67,225,75.9338378906
67,228,75.1831054688
67,231,72.7661132812
67,234,69.8913574219
67,237,67.4011230469
67,240,65.2770996094
67,243,63.4460449219
67,246,61.8713378906
67,249,60.5346679688
67,252,59.4177246094
67,255,58.5021972656
67,258,57.7514648438
67,261,57.2021484375
67,264,56.7993164062
67,267,56.5612792969
67,270,56.4697265625
67,273,56.54296875
67,276,56.7626953125
67,279,57.1472167969
67,282,57.6965332031
67,285,58.4106445312
67,288,59.3078613281
67,291,60.4064941406
67,294,61.7065429688
67,297,63.2446289062
67,300,65.0390625
67,303,67.1447753906
67,306,69.5617675781
67,309,72.36328125
67,312,75.6042480469
67,315,79.3579101562
67,318,83.7158203125
67,321,88.7512207031
67,324,94.5739746094
67,327,101.019287109
67,330,107.281494141
67,333,110.430908203
67,336,108.709716797
67,339,104.901123047
67,342,100.78125
67,345,97.0092773438
67,348,93.6950683594
67,351,90.8386230469
67,354,88.4216308594
67,357,86.3891601562
67,360,84.7412109375
68,0,83.5510253906
68,3,82.2509765625
68,6,81.2438964844
68,9,80.5480957031
68,12,80.1086425781
68,15,79.9621582031
68,18,80.0903320312
68,21,80.4748535156
68,24,81.1706542969
68,27,82.1594238281
68,30,83.4777832031
68,33,85.1440429688
68,36,87.1948242188
68,39,89.7216796875
68,42,92.7429199219
68,45,96.4050292969
68,48,100.817871094
68,51,106.146240234
68,54,112.664794922
68,57,120.721435547
68,60,130.6640625
68,63,130.737304688
68,66,127.44140625
68,69,124.639892578
68,72,122.277832031
68,75,120.336914062
68,78,118.762207031
68,81,117.517089844
68,84,116.619873047
68,87,116.033935547
68,90,115.759277344
68,93,115.795898438
68,96,116.107177734
68,99,116.711425781
68,102,117.608642578
68,105,118.817138672
68,108,120.300292969
68,111,122.076416016
68,114,124.145507812
68,117,126.489257812
68,120,129.107666016
68,123,131.964111328
68,126,135.040283203
68,129,138.299560547
68,132,141.613769531
68,135,145.001220703
68,138,148.425292969
68,141,152.014160156
68,144,155.438232422
68,147,158.697509766
68,150,161.682128906
68,153,164.135742188
68,156,165.600585938
68,159,165.710449219
68,162,163.970947266
68,165,160.290527344
68,168,154.779052734
68,171,147.930908203
68,174,140.386962891
68,177,132.788085938
68,180,125.518798828
68,183,118.780517578
68,186,112.646484375
68,189,107.153320312
68,192,102.24609375
68,195,97.9064941406
68,198,94.0795898438
68,201,90.7104492188
68,204,87.7624511719
68,207,85.1806640625
68,210,82.9284667969
68,213,80.9875488281
68,216,79.3395996094
68,219,77.9296875
68,222,76.7578125
68,225,75.8239746094
68,228,73.7915039062
68,231,70.5505371094
68,234,67.7673339844
68,237,65.3686523438
68,240,63.2995605469
68,243,61.5234375
68,246,60.0036621094
68,249,58.7036132812
68,252,57.6232910156
68,255,56.7260742188
68,258,56.0119628906
68,261,55.4626464844
68,264,55.078125
68,267,54.8400878906
68,270,54.7668457031
68,273,54.8217773438
68,276,55.0415039062
68,279,55.4260253906
68,282,55.95703125
68,285,56.6528320312
68,288,57.5134277344
68,291,58.5754394531
68,294,59.8571777344
68,297,61.3403320312
68,300,63.0798339844
68,303,65.1123046875
68,306,67.4743652344
68,309,70.1843261719
68,312,73.3337402344
68,315,76.9775390625
68,318,81.2072753906
68,321,86.1328125
68,324,91.7907714844
68,327,98.14453125
68,330,104.479980469
68,333,108.142089844
68,336,106.896972656
68,339,103.326416016
68,342,99.3530273438
68,345,95.654296875
68,348,92.3950195312
68,351,89.5935058594
68,354,87.1948242188
68,357,85.1989746094
68,360,83.5510253906
69,0,82.4157714844
69,3,81.1157226562
69,6,80.1086425781
69,9,79.39453125
69,12,78.955078125
69,15,78.80859375
69,18,78.9001464844
69,21,79.2846679688
69,24,79.9255371094
69,27,80.8776855469
69,30,82.1411132812
69,33,83.7524414062
69,36,85.7482910156
69,39,88.18359375
69,42,91.1315917969
69,45,94.6655273438
69,48,98.9318847656
69,51,104.095458984
69,54,110.394287109
69,57,118.157958984
69,60,127.862548828
69,63,132.641601562
69,66,129.290771484
69,69,126.452636719
69,72,124.053955078
69,75,122.058105469
69,78,120.465087891
69,81,119.201660156
69,84,118.286132812
69,87,117.681884766
69,90,117.407226562
69,93,117.425537109
69,96,117.736816406
69,99,118.322753906
69,102,119.23828125
69,105,120.428466797
69,108,121.911621094
69,111,123.687744141
69,114,125.738525391
69,117,128.082275391
69,120,130.6640625
69,123,133.502197266
69,126,136.541748047
69,129,139.74609375
69,132,142.987060547
69,135,146.319580078
69,138,149.688720703
69,141,153.131103516
69,144,156.500244141
69,147,159.613037109
69,150,162.414550781
69,153,164.556884766
69,156,165.673828125
69,159,165.454101562
69,162,163.293457031
69,165,159.375
69,168,153.698730469
69,171,146.813964844
69,174,139.324951172
69,177,131.799316406
69,180,124.676513672
69,183,118.048095703
69,186,112.023925781
69,189,106.604003906
69,192,101.788330078
69,195,97.5036621094
69,198,93.7316894531
69,201,90.3991699219
69,204,87.4877929688
69,207,84.9426269531
69,210,82.7270507812
69,213,80.8227539062
69,216,79.1748046875
69,219,77.783203125
69,222,76.6296386719
69,225,75.146484375
69,228,71.5026855469
69,231,68.3532714844
69,234,65.6616210938
69,237,63.3361816406
69,240,61.3220214844
69,243,59.6008300781
69,246,58.1359863281
69,249,56.8725585938
69,252,55.8288574219
69,255,54.9682617188
69,258,54.2724609375
69,261,53.7414550781
69,264,53.3569335938
69,267,53.1372070312
69,270,53.0639648438
69,273,53.1188964844
69,276,53.3386230469
69,279,53.6865234375
69,282,54.19921875
69,285,54.8767089844
69,288,55.7373046875
69,291,56.7626953125
69,294,57.9895019531
69,297,59.4360351562
69,300,61.1389160156
69,303,63.0981445312
69,306,65.3686523438
69,309,68.0053710938
69,312,71.0632324219
69,315,74.5971679688
69,318,78.7170410156
69,321,83.49609375
69,324,89.0258789062
69,327,95.2697753906
69,330,101.66015625
69,333,105.816650391
69,336,105.084228516
69,339,101.770019531
69,342,97.9431152344
69,345,94.3359375
69,348,91.1315917969
69,351,88.3666992188
69,354,86.0046386719
69,357,84.0270996094
69,360,82.4157714844
70,0,80.9143066406
70,3,79.6142578125
70,6,78.6254882812
70,9,77.9113769531
70,12,77.4719238281
70,15,77.2888183594
70,18,77.3803710938
70,21,77.7282714844
70,24,78.3508300781
70,27,79.248046875
70,30,80.4565429688
70,33,81.9946289062
70,36,83.9172363281
70,39,86.2609863281
70,42,89.0808105469
70,45,92.4865722656
70,48,96.5698242188
70,51,101.531982422
70,54,107.556152344
70,57,115.008544922
70,60,124.328613281
70,63,134.527587891
70,66,131.140136719
70,69,128.247070312
70,72,125.811767578
70,75,123.797607422
70,78,122.149658203
70,81,120.867919922
70,84,119.934082031
70,87,119.311523438
70,90,119.018554688
70,93,119.018554688
70,96,119.329833984
70,99,119.915771484
70,102,120.794677734
70,105,121.984863281
70,108,123.449707031
70,111,125.207519531
70,114,127.239990234
70,117,129.547119141
70,120,132.110595703
70,123,134.893798828
70,126,137.878417969
70,129,140.954589844
70,132,144.104003906
70,135,147.308349609
70,138,150.622558594
70,141,153.881835938
70,144,157.03125
70,147,159.924316406
70,150,162.414550781
70,153,164.227294922
70,156,164.978027344
70,159,164.172363281
70,162,161.663818359
70,165,157.489013672
70,168,151.629638672
70,171,144.763183594
70,174,137.420654297
70,177,130.096435547
70,180,123.156738281
70,183,116.729736328
70,186,110.852050781
70,189,105.560302734
70,192,100.872802734
70,195,96.6796875
70,198,92.9992675781
70,201,89.7399902344
70,204,86.8835449219
70,207,84.3933105469
70,210,82.2326660156
70,213,80.3466796875
70,216,78.7536621094
70,219,77.3803710938
70,222,76.2634277344
70,225,72.7294921875
70,228,69.1955566406
70,231,66.1560058594
70,234,63.5375976562
70,237,61.2854003906
70,240,59.3444824219
70,243,57.6782226562
70,246,56.25
70,249,55.0415039062
70,252,54.0161132812
70,255,53.1921386719
70,258,52.5146484375
70,261,52.001953125
70,264,51.6357421875
70,267,51.416015625
70,270,51.3427734375
70,273,51.416015625
70,276,51.6174316406
70,279,51.9653320312
70,282,52.4597167969
70,285,53.1188964844
70,288,53.9428710938
70,291,54.931640625
70,294,56.1218261719
70,297,57.5317382812
70,300,59.1613769531
70,303,61.0656738281
70,306,63.28125
70,309,65.8264160156
70,312,68.7927246094
70,315,72.216796875
70,318,76.1901855469
70,321,80.8227539062
70,324,86.2060546875
70,327,92.3217773438
70,330,98.6572265625
70,333,103.125
70,336,102.850341797
70,339,99.7924804688
70,342,96.1303710938
70,345,92.6147460938
70,348,89.4836425781
70,351,86.7736816406
70,354,84.4482421875
70,357,82.5073242188
70,360,80.9143066406
71,0,79.1015625
71,3,77.8381347656
71,6,76.8493652344
71,9,76.1352539062
71,12,75.6958007812
71,15,75.4943847656
71,18,75.5493164062
71,21,75.8605957031
71,24,76.4465332031
71,27,77.3071289062
71,30,78.4423828125
71,33,79.9255371094
71,36,81.7565917969
71,39,83.9721679688
71,42,86.6821289062
71,45,89.9230957031
71,48,93.8232421875
71,51,98.5290527344
71,54,104.278564453
71,57,111.346435547
71,60,120.190429688
71,63,131.378173828
71,66,132.971191406
71,69,130.041503906
71,72,127.569580078
71,75,125.500488281
71,78,123.834228516
71,81,122.534179688
71,84,121.563720703
71,87,120.922851562
71,90,120.611572266
71,93,120.593261719
71,96,120.867919922
71,99,121.453857422
71,102,122.332763672
71,105,123.486328125
71,108,124.932861328
71,111,126.654052734
71,114,128.668212891
71,117,130.920410156
71,120,133.428955078
71,123,136.157226562
71,126,139.013671875
71,129,141.979980469
71,132,144.982910156
71,135,148.059082031
71,138,151.208496094
71,141,154.321289062
71,144,157.196044922
71,147,159.777832031
71,150,161.920166016
71,153,163.293457031
71,156,163.458251953
71,159,162.213134766
71,162,159.246826172
71,165,154.760742188
71,168,148.846435547
71,171,142.053222656
71,174,134.893798828
71,177,127.844238281
71,180,121.124267578
71,183,114.916992188
71,186,109.240722656
71,189,104.132080078
71,192,99.5727539062
71,195,95.5261230469
71,198,91.9372558594
71,201,88.7878417969
71,204,86.0046386719
71,207,83.5876464844
71,210,81.4636230469
71,213,79.6508789062
71,216,78.0944824219
71,219,76.7761230469
71,222,74.2858886719
71,225,70.2941894531
71,228,66.8884277344
71,231,63.9404296875
71,234,61.4318847656
71,237,59.2529296875
71,240,57.3669433594
71,243,55.7556152344
71,246,54.3823242188
71,249,53.2104492188
71,252,52.2216796875
71,255,51.416015625
71,258,50.7568359375
71,261,50.2624511719
71,264,49.9145507812
71,267,49.7131347656
71,270,49.6398925781
71,273,49.6948242188
71,276,49.8962402344
71,279,50.2258300781
71,282,50.7202148438
71,285,51.3427734375
71,288,52.1484375
71,291,53.1005859375
71,294,54.2541503906
71,297,55.6091308594
71,300,57.2021484375
71,303,59.033203125
71,306,61.1755371094
71,309,63.6474609375
71,312,66.50390625
71,315,69.8181152344
71,318,73.6633300781
71,321,78.1494140625
71,324,83.3679199219
71,327,89.3188476562
71,330,95.5444335938
71,333,100.177001953
71,336,100.268554688
71,339,97.4487304688
71,342,93.9331054688
71,345,90.52734375
71,348,87.4877929688
71,351,84.8510742188
71,354,82.5805664062
71,357,80.6762695312
71,360,79.1015625
72,0,77.3254394531
72,3,76.0803222656
72,6,75.1098632812
72,9,74.3957519531
72,12,73.9379882812
72,15,73.7365722656
72,18,73.7731933594
72,21,74.0478515625
72,24,74.5971679688
72,27,75.4028320312
72,30,76.4831542969
72,33,77.8930664062
72,36,79.6325683594
72,39,81.7565917969
72,42,84.3200683594
72,45,87.4145507812
72,48,91.1499023438
72,51,95.6359863281
72,54,101.092529297
72,57,107.794189453
72,60,116.180419922
72,63,126.873779297
72,66,134.783935547
72,69,131.817626953
72,72,129.309082031
72,75,127.221679688
72,78,125.518798828
72,81,124.182128906
72,84,123.193359375
72,87,122.534179688
72,90,122.186279297
72,93,122.149658203
72,96,122.424316406
72,99,122.973632812
72,102,123.834228516
72,105,124.969482422
72,108,126.397705078
72,111,128.100585938
72,114,130.059814453
72,117,132.293701172
72,120,134.729003906
72,123,137.347412109
72,126,140.112304688
72,129,142.96875
72,132,145.825195312
72,135,148.828125
72,138,151.812744141
72,141,154.6875
72,144,157.342529297
72,147,159.649658203
72,150,161.42578125
72,153,162.322998047
72,156,162.084960938
72,159,160.290527344
72,162,157.012939453
72,165,152.288818359
72,168,146.319580078
72,171,139.599609375
72,174,132.604980469
72,177,125.738525391
72,180,119.256591797
72,183,113.232421875
72,186,107.757568359
72,189,102.795410156
72,192,98.3642578125
72,195,94.4274902344
72,198,90.9484863281
72,201,87.8723144531
72,204,85.1806640625
72,207,82.8186035156
72,210,80.7495117188
72,213,78.9733886719
72,216,77.4536132812
72,219,76.171875
72,222,71.7224121094
72,225,67.8588867188
72,228,64.5629882812
72,231,61.7431640625
72,234,59.3078613281
72,237,57.2021484375
72,240,55.3894042969
72,243,53.8330078125
72,246,52.4963378906
72,249,51.3610839844
72,252,50.4272460938
72,255,49.6398925781
72,258,49.0173339844
72,261,48.5412597656
72,264,48.193359375
72,267,47.9919433594
72,270,47.9187011719
72,273,47.9736328125
72,276,48.1750488281
72,279,48.5046386719
72,282,48.9624023438
72,285,49.5849609375
72,288,50.3356933594
72,291,51.26953125
72,294,52.3864746094
72,297,53.7048339844
72,300,55.224609375
72,303,57.0007324219
72,306,59.0698242188
72,309,61.4501953125
72,312,64.2150878906
72,315,67.4194335938
72,318,71.1364746094
72,321,75.4760742188
72,324,80.5297851562
72,327,86.2976074219
72,330,92.431640625
72,333,97.2106933594
72,336,97.6867675781
72,339,95.1232910156
72,342,91.7724609375
72,345,88.4948730469
72,348,85.5285644531
72,351,82.9467773438
72,354,80.7495117188
72,357,78.8818359375
72,360,77.3254394531
73,0,75.5676269531
73,3,74.3408203125
73,6,73.388671875
73,9,72.6745605469
73,12,72.216796875
73,15,71.9970703125
73,18,72.0153808594
73,21,72.2717285156
73,24,72.7661132812
73,27,73.53515625
73,30,74.560546875
73,33,75.8972167969
73,36,77.5634765625
73,39,79.5959472656
73,42,82.0495605469
73,45,84.9975585938
73,48,88.5498046875
73,51,92.8161621094
73,54,97.998046875
73,57,104.370117188
73,60,112.298583984
73,63,122.424316406
73,66,135.443115234
73,69,133.612060547
73,72,131.048583984
73,75,128.924560547
73,78,127.185058594
73,81,125.830078125
73,84,124.8046875
73,87,124.127197266
73,90,123.760986328
73,93,123.706054688
73,96,123.962402344
73,99,124.493408203
73,102,125.335693359
73,105,126.452636719
73,108,127.862548828
73,111,129.528808594
73,114,131.451416016
73,117,133.612060547
73,120,135.992431641
73,123,138.537597656
73,126,141.2109375
73,129,143.939208984
73,132,146.704101562
73,135,149.560546875
73,138,152.398681641
73,141,155.053710938
73,144,157.470703125
73,147,159.503173828
73,150,160.949707031
73,153,161.42578125
73,156,160.711669922
73,159,158.532714844
73,162,154.925537109
73,165,149.981689453
73,168,143.957519531
73,171,137.329101562
73,174,130.499267578
73,177,123.815917969
73,180,117.535400391
73,183,111.676025391
73,186,106.34765625
73,189,101.531982422
73,192,97.2290039062
73,195,93.4020996094
73,198,90.0146484375
73,201,87.01171875
73,204,84.375
73,207,82.0861816406
73,210,80.0720214844
73,213,78.3325195312
73,216,76.8493652344
73,219,73.53515625
73,222,69.1589355469
73,225,65.4418945312
73,228,62.255859375
73,231,59.5275878906
73,234,57.1838378906
73,237,55.1513671875
73,240,53.4118652344
73,243,51.9104003906
73,246,50.6286621094
73,249,49.5300292969
73,252,48.6145019531
73,255,47.8637695312
73,258,47.2595214844
73,261,46.8017578125
73,264,46.4721679688
73,267,46.2707519531
73,270,46.2158203125
73,273,46.2707519531
73,276,46.4538574219
73,279,46.7651367188
73,282,47.2229003906
73,285,47.8088378906
73,288,48.5412597656
73,291,49.4384765625
73,294,50.5187988281
73,297,51.7822265625
73,300,53.2653808594
73,303,54.9682617188
73,306,56.9641113281
73,309,59.2712402344
73,312,61.9262695312
73,315,65.0207519531
73,318,68.6096191406
73,321,72.802734375
73,324,77.6733398438
73,327,83.2946777344
73,330,89.3188476562
73,333,94.2260742188
73,336,95.1232910156
73,339,92.8344726562
73,342,89.6484375
73,345,86.4624023438
73,348,83.6059570312
73,351,81.0791015625
73,354,78.9184570312
73,357,77.0874023438
73,360,75.5676269531
74,0,73.8464355469
74,3,72.6379394531
74,6,71.6857910156
74,9,70.9899902344
74,12,70.5322265625
74,15,70.2941894531
74,18,70.2941894531
74,21,70.5322265625
74,24,70.9899902344
74,27,71.7041015625
74,30,72.6928710938
74,33,73.9562988281
74,36,75.5493164062
74,39,77.4719238281
74,42,79.8156738281
74,45,82.6354980469
74,48,86.0229492188
74,51,90.087890625
74,54,95.0134277344
74,57,101.055908203
74,60,108.563232422
74,63,118.139648438
74,66,130.590820312
74,69,135.388183594
74,72,132.806396484
74,75,130.627441406
74,78,128.869628906
74,81,127.459716797
74,84,126.416015625
74,87,125.720214844
74,90,125.335693359
74,93,125.262451172
74,96,125.482177734
74,99,125.994873047
74,102,126.818847656
74,105,127.917480469
74,108,129.290771484
74,111,130.920410156
74,114,132.806396484
74,117,134.912109375
74,120,137.219238281
74,123,139.691162109
74,126,142.272949219
74,129,144.854736328
74,132,147.546386719
74,135,150.311279297
74,138,152.966308594
74,141,155.438232422
74,144,157.6171875
74,147,159.375
74,150,160.455322266
74,153,160.546875
74,156,159.411621094
74,159,156.829833984
74,162,152.966308594
74,165,147.857666016
74,168,141.796875
74,171,135.223388672
74,174,128.558349609
74,177,122.058105469
74,180,115.905761719
74,183,110.247802734
74,186,105.047607422
74,189,100.360107422
74,192,96.1669921875
74,195,92.431640625
74,198,89.1174316406
74,201,86.2060546875
74,204,83.6242675781
74,207,81.3903808594
74,210,79.4311523438
74,213,77.7282714844
74,216,75.8056640625
74,219,70.8068847656
74,222,66.5954589844
74,225,63.0065917969
74,228,59.9487304688
74,231,57.3120117188
74,234,55.0598144531
74,237,53.1005859375
74,240,51.4343261719
74,243,49.9877929688
74,246,48.7426757812
74,249,47.6989746094
74,252,46.8200683594
74,255,46.0876464844
74,258,45.5017089844
74,261,45.0622558594
74,264,44.7509765625
74,267,44.5678710938
74,270,44.4946289062
74,273,44.5495605469
74,276,44.7326660156
74,279,45.0439453125
74,282,45.4650878906
74,285,46.0327148438
74,288,46.7468261719
74,291,47.607421875
74,294,48.6511230469
74,297,49.8596191406
74,300,51.2878417969
74,303,52.9357910156
74,306,54.8583984375
74,309,57.0739746094
74,312,59.6374511719
74,315,62.6220703125
74,318,66.0827636719
74,321,70.1293945312
74,324,74.8352050781
74,327,80.2734375
74,330,86.1877441406
74,333,91.2231445312
74,336,92.5415039062
74,339,90.52734375
74,342,87.5244140625
74,345,84.4665527344
74,348,81.6833496094
74,351,79.2297363281
74,354,77.1240234375
74,357,75.3479003906
74,360,73.8464355469
75,0,72.1618652344
75,3,70.9716796875
75,6,70.0378417969
75,9,69.3237304688
75,12,68.8659667969
75,15,68.6279296875
75,18,68.6096191406
75,21,68.8110351562
75,24,69.2504882812
75,27,69.9279785156
75,30,70.8618164062
75,33,72.0703125
75,36,73.5717773438
75,39,75.4211425781
75,42,77.6550292969
75,45,80.3466796875
75,48,83.5693359375
75,51,87.4328613281
75,54,92.1203613281
75,57,97.8515625
75,60,104.974365234
75,63,114.001464844
75,66,125.775146484
75,69,137.164306641
75,72,134.527587891
75,75,132.330322266
75,78,130.517578125
75,81,129.107666016
75,84,128.02734375
75,87,127.294921875
75,90,126.892089844
75,93,126.800537109
75,96,127.001953125
75,99,127.496337891
75,102,128.283691406
75,105,129.345703125
75,108,130.700683594
75,111,132.293701172
75,114,134.124755859
75,117,136.193847656
75,120,138.427734375
75,123,140.826416016
75,126,143.316650391
75,129,145.770263672
75,132,148.425292969
75,135,151.025390625
75,138,153.570556641
75,141,155.822753906
75,144,157.763671875
75,147,159.246826172
75,150,160.034179688
75,153,159.704589844
75,156,158.148193359
75,159,155.2734375
75,162,151.190185547
75,165,145.935058594
75,168,139.837646484
75,171,133.319091797
75,174,126.745605469
75,177,120.41015625
75,180,114.422607422
75,183,108.892822266
75,186,103.820800781
75,189,99.2614746094
75,192,95.1599121094
75,195,91.5161132812
75,198,88.2934570312
75,201,85.4370117188
75,204,82.9284667969
75,207,80.712890625
75,210,78.80859375
75,213,77.1423339844
75,216,72.8942871094
75,219,68.0786132812
75,222,64.013671875
75,225,60.5712890625
75,228,57.6416015625
75,231,55.1147460938
75,234,52.9357910156
75,237,51.0681152344
75,240,49.4384765625
75,243,48.046875
75,246,46.875
75,249,45.849609375
75,252,45.0073242188
75,255,44.3115234375
75,258,43.7622070312
75,261,43.3227539062
75,264,43.0297851562
75,267,42.8466796875
75,270,42.7917480469
75,273,42.8466796875
75,276,43.0114746094
75,279,43.3044433594
75,282,43.7255859375
75,285,44.2749023438
75,288,44.9523925781
75,291,45.7763671875
75,294,46.7834472656
75,297,47.9553222656
75,300,49.3286132812
75,303,50.9033203125
75,306,52.7526855469
75,309,54.8950195312
75,312,57.3669433594
75,315,60.2233886719
75,318,63.5559082031
75,321,67.4560546875
75,324,71.9970703125
75,327,77.2521972656
75,330,83.056640625
75,333,88.2019042969
75,336,89.94140625
75,339,88.2568359375
75,342,85.4370117188
75,345,82.4890136719
75,348,79.7973632812
75,351,77.4169921875
75,354,75.3662109375
75,357,73.6083984375
75,360,72.1618652344
76,0,70.4772949219
76,3,69.3237304688
76,6,68.3898925781
76,9,67.6940917969
76,12,67.236328125
76,15,66.9799804688
76,18,66.9616699219
76,21,67.1447753906
76,24,67.5476074219
76,27,68.1884765625
76,30,69.0673828125
76,33,70.2209472656
76,36,71.6491699219
76,39,73.4069824219
76,42,75.5493164062
76,45,78.1127929688
76,48,81.1889648438
76,51,84.8693847656
76,54,89.3188476562
76,57,94.7570800781
76,60,101.495361328
76,63,110.009765625
76,66,121.087646484
76,69,135.900878906
76,72,136.267089844
76,75,134.014892578
76,78,132.183837891
76,81,130.718994141
76,84,129.638671875
76,87,128.869628906
76,90,128.430175781
76,93,128.3203125
76,96,128.503417969
76,99,128.979492188
76,102,129.748535156
76,105,130.773925781
76,108,132.092285156
76,111,133.648681641
76,114,135.443115234
76,117,137.438964844
76,120,139.636230469
76,123,141.943359375
76,126,144.287109375
76,129,146.722412109
76,132,149.322509766
76,135,151.739501953
76,138,154.119873047
76,141,156.262207031
76,144,157.965087891
76,147,159.155273438
76,150,159.539794922
76,153,158.880615234
76,156,156.994628906
76,159,153.80859375
76,162,149.487304688
76,165,144.085693359
76,168,137.98828125
76,171,131.54296875
76,174,125.09765625
76,177,118.890380859
76,180,113.049316406
76,183,107.629394531
76,186,102.685546875
76,189,98.2177734375
76,192,94.2260742188
76,195,90.6555175781
76,198,87.4877929688
76,201,84.7045898438
76,204,82.2509765625
76,207,80.0903320312
76,210,78.22265625
76,213,75.5126953125
76,216,69.9645996094
76,219,65.3503417969
76,222,61.4501953125
76,225,58.154296875
76,228,55.3344726562
76,231,52.8991699219
76,234,50.8117675781
76,237,49.0173339844
76,240,47.4609375
76,243,46.1242675781
76,246,44.9890136719
76,249,44.0185546875
76,252,43.212890625
76,255,42.5354003906
76,258,42.0043945312
76,261,41.6015625
76,264,41.30859375
76,267,41.1254882812
76,270,41.0705566406
76,273,41.1254882812
76,276,41.2902832031
76,279,41.5649414062
76,282,41.9677734375
76,285,42.4987792969
76,288,43.1579589844
76,291,43.9453125
76,294,44.9157714844
76,297,46.0327148438
76,300,47.3510742188
76,303,48.8708496094
76,306,50.6469726562
76,309,52.6977539062
76,312,55.078125
76,315,57.8247070312
76,318,61.0290527344
76,321,64.7827148438
76,324,69.1589355469
76,327,74.2309570312
76,330,79.9072265625
76,333,85.1440429688
76,336,87.3413085938
76,339,85.9680175781
76,342,83.349609375
76,345,80.5480957031
76,348,77.9296875
76,351,75.6225585938
76,354,73.6083984375
76,357,71.9055175781
76,360,70.4772949219
77,0,68.2983398438
77,3,67.1630859375
77,6,66.2658691406
77,9,65.5883789062
77,12,65.1123046875
77,15,64.8559570312
77,18,64.8193359375
77,21,64.9658203125
77,24,65.3503417969
77,27,65.9362792969
77,30,66.7602539062
77,33,67.8405761719
77,36,69.1955566406
77,39,70.8618164062
77,42,72.8576660156
77,45,75.2746582031
77,48,78.1677246094
77,51,81.6284179688
77,54,85.8215332031
77,57,90.9118652344
77,60,97.1923828125
77,63,105.102539062
77,66,115.338134766
77,69,129.144287109
77,72,137.915039062
77,75,135.64453125
77,78,133.776855469
77,81,132.293701172
77,84,131.158447266
77,87,130.37109375
77,90,129.913330078
77,93,129.748535156
77,96,129.895019531
77,99,130.316162109
77,102,131.048583984
77,105,132.037353516
77,108,133.282470703
77,111,134.765625
77,114,136.468505859
77,117,138.372802734
77,120,140.441894531
77,123,142.547607422
77,126,144.7265625
77,129,147.088623047
77,132,149.395751953
77,135,151.666259766
77,138,153.698730469
77,141,155.474853516
77,144,156.848144531
77,147,157.6171875
77,150,157.525634766
77,153,156.317138672
77,156,153.918457031
77,159,150.402832031
77,162,145.861816406
77,165,140.405273438
77,168,134.362792969
77,171,128.118896484
77,174,121.911621094
77,177,115.942382812
77,180,110.339355469
77,183,105.17578125
77,186,100.433349609
77,189,96.1669921875
77,192,92.3400878906
77,195,88.916015625
77,198,85.8947753906
77,201,83.203125
77,204,80.8410644531
77,207,78.7719726562
77,210,76.9775390625
77,213,72.36328125
77,216,67.0532226562
77,219,62.6220703125
77,222,58.88671875
77,225,55.7189941406
77,228,53.0090332031
77,231,50.68359375
77,234,48.6877441406
77,237,46.9665527344
77,240,45.4833984375
77,243,44.2016601562
77,246,43.1030273438
77,249,42.1875
77,252,41.4001464844
77,255,40.7592773438
77,258,40.2465820312
77,261,39.8620605469
77,264,39.5874023438
77,267,39.4226074219
77,270,39.3493652344
77,273,39.404296875
77,276,39.5690917969
77,279,39.8254394531
77,282,40.2099609375
77,285,40.72265625
77,288,41.3452148438
77,291,42.1142578125
77,294,43.0297851562
77,297,44.1101074219
77,300,45.3735351562
77,303,46.8383789062
77,306,48.5412597656
77,309,50.5004882812
77,312,52.7709960938
77,315,55.4260253906
77,318,58.5021972656
77,321,62.0727539062
77,324,66.2841796875
77,327,71.1547851562
77,330,76.6479492188
77,333,81.8115234375
77,336,84.228515625
77,339,83.1298828125
77,342,80.6945800781
77,345,78.0212402344
77,348,75.5126953125
77,351,73.2788085938
77,354,71.337890625
77,357,69.6899414062
77,360,68.2983398438
78,0,66.1193847656
78,3,65.0024414062
78,6,64.1235351562
78,9,63.4460449219
78,12,62.98828125
78,15,62.7319335938
78,18,62.6586914062
78,21,62.8051757812
78,24,63.134765625
78,27,63.6840820312
78,30,64.453125
78,33,65.478515625
78,36,66.7419433594
78,39,68.2983398438
78,42,70.2026367188
78,45,72.4731445312
78,48,75.1831054688
78,51,78.4423828125
78,54,82.3608398438
78,57,87.1215820312
78,60,92.9626464844
78,63,100.286865234
78,66,109.753417969
78,69,122.406005859
78,72,139.562988281
78,75,137.274169922
78,78,135.388183594
78,81,133.868408203
78,84,132.696533203
78,87,131.854248047
78,90,131.341552734
78,93,131.158447266
78,96,131.25
78,99,131.634521484
78,102,132.293701172
78,105,133.227539062
78,108,134.417724609
78,111,135.827636719
78,114,137.438964844
78,117,139.215087891
78,120,141.119384766
78,123,143.078613281
78,126,145.166015625
78,129,147.308349609
78,132,149.468994141
78,135,151.428222656
78,138,153.22265625
78,141,154.669189453
78,144,155.676269531
78,147,155.987548828
78,150,155.346679688
78,153,153.717041016
78,156,150.897216797
78,159,147.088623047
78,162,142.364501953
78,165,136.871337891
78,168,130.920410156
78,171,124.822998047
78,174,118.835449219
78,177,113.122558594
78,180,107.739257812
78,183,102.777099609
78,186,98.2360839844
78,189,94.1528320312
78,192,90.4724121094
78,195,87.2131347656
78,198,84.3017578125
78,201,81.7199707031
78,204,79.4494628906
78,207,77.4536132812
78,210,75.3845214844
78,213,69.1955566406
78,216,64.1235351562
78,219,59.8754882812
78,222,56.3232421875
78,225,53.2836914062
78,228,50.7019042969
78,231,48.486328125
78,234,46.5637207031
78,237,44.9157714844
78,240,43.4875488281
78,243,42.2790527344
78,246,41.2170410156
78,249,40.3381347656
78,252,39.5874023438
78,255,38.9831542969
78,258,38.4887695312
78,261,38.1225585938
78,264,37.8479003906
78,267,37.7014160156
78,270,37.646484375
78,273,37.6831054688
78,276,37.8479003906
78,279,38.1042480469
78,282,38.4704589844
78,285,38.9465332031
78,288,39.55078125
78,291,40.283203125
78,294,41.162109375
78,297,42.1875
78,300,43.3959960938
78,303,44.8059082031
78,306,46.4172363281
78,309,48.3032226562
78,312,50.4821777344
78,315,53.0090332031
78,318,55.95703125
78,321,59.3811035156
78,324,63.4094238281
78,327,68.0786132812
78,330,73.3703613281
78,333,78.4606933594
78,336,81.0791015625
78,339,80.2551269531
78,342,78.0029296875
78,345,75.4760742188
78,348,73.0773925781
78,351,70.9350585938
78,354,69.0673828125
78,357,67.4560546875
78,360,66.1193847656
79,0,63.9404296875
79,3,62.8601074219
79,6,61.9995117188
79,9,61.3403320312
79,12,60.8825683594
79,15,60.6262207031
79,18,60.5529785156
79,21,60.6628417969
79,24,60.9741210938
79,27,61.4685058594
79,30,62.2009277344
79,33,63.1530761719
79,36,64.3432617188
79,39,65.8081054688
79,42,67.5842285156
79,45,69.7265625
79,48,72.2900390625
79,51,75.3295898438
79,54,79.0100097656
79,57,83.4411621094
79,60,88.8977050781
79,63,95.6909179688
79,66,104.388427734
79,69,115.979003906
79,72,132.202148438
79,75,138.885498047
79,78,136.981201172
79,81,135.406494141
79,84,134.197998047
79,87,133.319091797
79,90,132.769775391
79,93,132.531738281
79,96,132.586669922
79,99,132.916259766
79,102,133.520507812
79,105,134.381103516
79,108,135.498046875
79,111,136.81640625
79,114,138.336181641
79,117,140.002441406
79,120,141.760253906
79,123,143.591308594
79,126,145.568847656
79,129,147.564697266
79,132,149.487304688
79,135,151.226806641
79,138,152.728271484
79,141,153.845214844
79,144,154.467773438
79,147,154.357910156
79,150,153.240966797
79,153,151.171875
79,156,148.004150391
79,159,143.939208984
79,162,139.050292969
79,165,133.538818359
79,168,127.679443359
79,171,121.765136719
79,174,115.979003906
79,177,110.44921875
79,180,105.285644531
79,183,100.524902344
79,186,96.1669921875
79,189,92.2485351562
79,192,88.7145996094
79,195,85.5651855469
79,198,82.763671875
79,201,80.2917480469
79,204,78.1127929688
79,207,76.1901855469
79,210,71.9421386719
79,213,66.0461425781
79,216,61.1938476562
79,219,57.1472167969
79,222,53.7414550781
79,225,50.8483886719
79,228,48.3764648438
79,231,46.2707519531
79,234,44.4396972656
79,237,42.8649902344
79,240,41.5100097656
79,243,40.3381347656
79,246,39.3493652344
79,249,38.5070800781
79,252,37.79296875
79,255,37.20703125
79,258,36.7309570312
79,261,36.3830566406
79,264,36.1267089844
79,267,35.9802246094
79,270,35.9252929688
79,273,35.9619140625
79,276,36.1083984375
79,279,36.3647460938
79,282,36.7126464844
79,285,37.1704101562
79,288,37.7563476562
79,291,38.4521484375
79,294,39.2761230469
79,297,40.2648925781
79,300,41.4184570312
79,303,42.7551269531
79,306,44.3115234375
79,309,46.1059570312
79,312,48.193359375
79,315,50.5920410156
79,318,53.4118652344
79,321,56.689453125
79,324,60.5163574219
79,327,65.0024414062
79,330,70.0927734375
79,333,75.0915527344
79,336,77.9113769531
79,339,77.3803710938
79,342,75.3295898438
79,345,72.94921875
79,348,70.6604003906
79,351,68.5913085938
79,354,66.796875
79,357,65.2404785156
79,360,63.9404296875
80,0,61.7980957031
80,3,60.7543945312
80,6,59.912109375
80,9,59.2712402344
80,12,58.8134765625
80,15,58.5388183594
80,18,58.4655761719
80,21,58.5571289062
80,24,58.8317871094
80,27,59.3078613281
80,30,59.9853515625
80,33,60.8642578125
80,36,61.9812011719
80,39,63.3728027344
80,42,65.0390625
80,45,67.0532226562
80,48,69.4519042969
80,51,72.3266601562
80,54,75.7507324219
80,57,79.9072265625
80,60,84.9609375
80,63,91.259765625
80,66,99.2797851562
80,69,109.881591797
80,72,124.584960938
80,75,140.496826172
80,78,138.555908203
80,81,136.944580078
80,84,135.681152344
80,87,134.765625
80,90,134.161376953
80,93,133.88671875
80,96,133.88671875
80,99,134.1796875
80,102,134.729003906
80,105,135.516357422
80,108,136.560058594
80,111,137.786865234
80,114,139.215087891
80,117,140.753173828
80,120,142.3828125
80,123,144.140625
80,126,145.953369141
80,129,147.766113281
80,132,149.487304688
80,135,151.007080078
80,138,152.215576172
80,141,153.021240234
80,144,153.259277344
80,147,152.728271484
80,150,151.208496094
80,153,148.736572266
80,156,145.257568359
80,159,140.972900391
80,162,135.992431641
80,165,130.462646484
80,168,124.676513672
80,171,118.908691406
80,174,113.305664062
80,177,107.958984375
80,180,102.978515625
80,183,98.4008789062
80,186,94.2077636719
80,189,90.4357910156
80,192,87.0300292969
80,195,84.0087890625
80,198,81.3171386719
80,201,78.9184570312
80,204,76.8127441406
80,207,74.9633789062
80,210,68.4997558594
80,213,62.8784179688
80,216,58.2641601562
80,219,54.4189453125
80,222,51.1779785156
80,225,48.4130859375
80,228,46.0693359375
80,231,44.0551757812
80,234,42.3156738281
80,237,40.8142089844
80,240,39.5324707031
80,243,38.4155273438
80,246,37.4633789062
80,249,36.6577148438
80,252,35.9802246094
80,255,35.4309082031
80,258,34.9731445312
80,261,34.6435546875
80,264,34.4055175781
80,267,34.2590332031
80,270,34.2041015625
80,273,34.2590332031
80,276,34.3872070312
80,279,34.6252441406
80,282,34.9548339844
80,285,35.3942871094
80,288,35.9436035156
80,291,36.62109375
80,294,37.4084472656
80,297,38.3422851562
80,300,39.4409179688
80,303,40.72265625
80,306,42.2058105469
80,309,43.9086914062
80,312,45.8862304688
80,315,48.193359375
80,318,50.8666992188
80,321,53.9978027344
80,324,57.6599121094
80,327,61.9262695312
80,330,66.8151855469
80,333,71.7224121094
80,336,74.7436523438
80,339,74.5056152344
80,342,72.6745605469
80,345,70.4406738281
80,348,68.26171875
80,351,66.2841796875
80,354,64.5446777344
80,357,63.0615234375
80,360,61.7980957031
81,0,59.6557617188
81,3,58.6486816406
81,6,57.8430175781
81,9,57.2204589844
81,12,56.7626953125
81,15,56.4880371094
81,18,56.396484375
81,21,56.4697265625
81,24,56.7260742188
81,27,57.1655273438
81,30,57.7880859375
81,33,58.6303710938
81,36,59.6740722656
81,39,60.9741210938
81,42,62.548828125
81,45,64.4348144531
81,48,66.6870117188
81,51,69.3786621094
81,54,72.6013183594
81,57,76.4831542969
81,60,81.1889648438
81,63,87.0300292969
81,66,94.4091796875
81,69,104.077148438
81,72,117.388916016
81,75,137.036132812
81,78,140.130615234
81,81,138.464355469
81,84,137.164306641
81,87,136.193847656
81,90,135.552978516
81,93,135.205078125
81,96,135.168457031
81,99,135.406494141
81,102,135.900878906
81,105,136.633300781
81,108,137.585449219
81,111,138.757324219
81,114,140.075683594
81,117,141.485595703
81,120,143.005371094
81,123,144.616699219
81,126,146.301269531
81,129,148.004150391
81,132,149.450683594
81,135,150.732421875
81,138,151.721191406
81,141,152.252197266
81,144,152.069091797
81,147,151.080322266
81,150,149.176025391
81,153,146.337890625
81,156,142.602539062
81,159,138.153076172
81,162,133.081054688
81,165,127.551269531
81,168,121.875
81,171,116.235351562
81,174,110.778808594
81,177,105.633544922
81,180,100.817871094
81,183,96.38671875
81,186,92.3400878906
81,189,88.6962890625
81,192,85.4370117188
81,195,82.5073242188
81,198,79.9072265625
81,201,77.6000976562
81,204,75.5676269531
81,207,71.6491699219
81,210,65.0573730469
81,213,59.7290039062
81,216,55.3344726562
81,219,51.6723632812
81,222,48.5961914062
81,225,45.99609375
81,228,43.7622070312
81,231,41.8395996094
81,234,40.1916503906
81,237,38.7634277344
81,240,37.5366210938
81,243,36.4929199219
81,246,35.5773925781
81,249,34.8083496094
81,252,34.1674804688
81,255,33.6547851562
81,258,33.2153320312
81,261,32.9040527344
81,264,32.666015625
81,267,32.5378417969
81,270,32.4829101562
81,273,32.5378417969
81,276,32.666015625
81,279,32.8857421875
81,282,33.1970214844
81,285,33.6181640625
81,288,34.1491699219
81,291,34.7717285156
81,294,35.5407714844
81,297,36.4196777344
81,300,37.4633789062
81,303,38.671875
81,306,40.0817871094
81,309,41.7114257812
81,312,43.5974121094
81,315,45.7763671875
81,318,48.3215332031
81,321,51.3061523438
81,324,54.78515625
81,327,58.8500976562
81,330,63.5375976562
81,333,68.3532714844
81,336,71.5576171875
81,339,71.6491699219
81,342,70.01953125
81,345,67.9321289062
81,348,65.8813476562
81,351,63.9953613281
81,354,62.3107910156
81,357,60.8825683594
81,360,59.6557617188
82,0,57.4768066406
82,3,56.5063476562
82,6,55.7189941406
82,9,55.0964355469
82,12,54.6752929688
82,15,54.4006347656
82,18,54.2907714844
82,21,54.345703125
82,24,54.5837402344
82,27,54.9865722656
82,30,55.5725097656
82,33,56.3415527344
82,36,57.3303222656
82,39,58.5571289062
82,42,60.0219726562
82,45,61.7980957031
82,48,63.9038085938
82,51,66.4306640625
82,54,69.43359375
82,57,73.0407714844
82,60,77.4169921875
82,63,82.8002929688
82,66,89.5935058594
82,69,98.4008789062
82,72,110.375976562
82,75,127.917480469
82,78,141.632080078
82,81,139.929199219
82,84,138.57421875
82,87,137.567138672
82,90,136.889648438
82,93,136.505126953
82,96,136.376953125
82,99,136.541748047
82,102,136.981201172
82,105,137.640380859
82,108,138.519287109
82,111,139.581298828
82,114,140.771484375
82,117,142.034912109
82,120,143.444824219
82,123,144.982910156
82,126,146.557617188
82,129,147.94921875
82,132,149.249267578
82,135,150.219726562
82,138,150.897216797
82,141,151.062011719
82,144,150.531005859
82,147,149.139404297
82,150,146.850585938
82,153,143.664550781
82,156,139.691162109
82,159,135.076904297
82,162,129.949951172
82,165,124.438476562
82,168,118.853759766
82,171,113.37890625
82,174,108.087158203
82,177,103.106689453
82,180,98.4741210938
82,183,94.2077636719
82,186,90.3259277344
82,189,86.8286132812
82,192,83.6791992188
82,195,80.8776855469
82,198,78.369140625
82,201,76.1535644531
82,204,74.1943359375
82,207,67.8588867188
82,210,61.6149902344
82,213,56.5612792969
82,216,52.4047851562
82,219,48.9440917969
82,222,46.0327148438
82,225,43.5607910156
82,228,41.4367675781
82,231,39.6240234375
82,234,38.0676269531
82,237,36.7126464844
82,240,35.5590820312
82,243,34.5520019531
82,246,33.69140625
82,249,32.9772949219
82,252,32.373046875
82,255,31.8603515625
82,258,31.4758300781
82,261,31.1645507812
82,264,30.9448242188
82,267,30.8166503906
82,270,30.7800292969
82,273,30.8166503906
82,276,30.9448242188
82,279,31.1462402344
82,282,31.4575195312
82,285,31.8420410156
82,288,32.3364257812
82,291,32.9406738281
82,294,33.6547851562
82,297,34.4970703125
82,300,35.4858398438
82,303,36.6394042969
82,306,37.9760742188
82,309,39.5141601562
82,312,41.2902832031
82,315,43.3776855469
82,318,45.7763671875
82,321,48.5961914062
82,324,51.9104003906
82,327,55.7739257812
82,330,60.2416992188
82,333,64.9475097656
82,336,68.2800292969
82,339,68.701171875
82,342,67.2912597656
82,345,65.3686523438
82,348,63.427734375
82,351,61.6333007812
82,354,60.0402832031
82,357,58.6486816406
82,360,57.4768066406
83,0,54.8950195312
83,3,53.9611816406
83,6,53.2104492188
83,9,52.6245117188
83,12,52.2033691406
83,15,51.9287109375
83,18,51.8188476562
83,21,51.85546875
83,24,52.0568847656
83,27,52.4230957031
83,30,52.9724121094
83,33,53.6865234375
83,36,54.6020507812
83,39,55.7189941406
83,42,57.0922851562
83,45,58.7219238281
83,48,60.6811523438
83,51,63.0065917969
83,54,65.7897949219
83,57,69.1040039062
83,60,73.1140136719
83,63,78.0212402344
83,66,84.1552734375
83,69,92.0471191406
83,72,102.648925781
83,75,117.883300781
83,78,142.108154297
83,81,141.2109375
83,84,139.855957031
83,87,138.812255859
83,90,138.043212891
83,93,137.585449219
83,96,137.40234375
83,99,137.475585938
83,102,137.786865234
83,105,138.317871094
83,108,139.050292969
83,111,139.929199219
83,114,140.899658203
83,117,142.034912109
83,120,143.298339844
83,123,144.580078125
83,126,145.825195312
83,129,146.997070312
83,132,147.875976562
83,135,148.498535156
83,138,148.718261719
83,141,148.352050781
83,144,147.253417969
83,147,145.275878906
83,150,142.547607422
83,153,138.958740234
83,156,134.747314453
83,159,129.986572266
83,162,124.841308594
83,165,119.476318359
83,168,114.111328125
83,171,108.874511719
83,174,103.875732422
83,177,99.1516113281
83,180,94.7937011719
83,183,90.7836914062
83,186,87.1398925781
83,189,83.8623046875
83,192,80.8959960938
83,195,78.2592773438
83,198,75.8972167969
83,201,73.8098144531
83,204,71.5209960938
83,207,64.0686035156
83,210,58.1726074219
83,213,53.3935546875
83,216,49.4750976562
83,219,46.2158203125
83,222,43.4509277344
83,225,41.1254882812
83,228,39.1296386719
83,231,37.4084472656
83,234,35.9436035156
83,237,34.6618652344
83,240,33.5632324219
83,243,32.6293945312
83,246,31.8237304688
83,249,31.1279296875
83,252,30.5603027344
83,255,30.0842285156
83,258,29.7180175781
83,261,29.4250488281
83,264,29.2236328125
83,267,29.0954589844
83,270,29.0588378906
83,273,29.0954589844
83,276,29.2053222656
83,279,29.4067382812
83,282,29.6997070312
83,285,30.0659179688
83,288,30.5419921875
83,291,31.1096191406
83,294,31.787109375
83,297,32.5744628906
83,300,33.5083007812
83,303,34.5886230469
83,306,35.8520507812
83,309,37.2985839844
83,312,39.0014648438
83,315,40.9423828125
83,318,43.2312011719
83,321,45.8862304688
83,324,49.0173339844
83,327,52.6611328125
83,330,56.8908691406
83,333,61.376953125
83,336,64.7094726562
83,339,65.33203125
83,342,64.1235351562
83,345,62.3474121094
83,348,60.5346679688
83,351,58.8500976562
83,354,57.3303222656
83,357,56.0119628906
83,360,54.8950195312
84,0,52.3315429688
84,3,51.4526367188
84,6,50.7202148438
84,9,50.1525878906
84,12,49.7497558594
84,15,49.4750976562
84,18,49.365234375
84,21,49.3835449219
84,24,49.5666503906
84,27,49.8962402344
84,30,50.390625
84,33,51.0498046875
84,36,51.9104003906
84,39,52.9541015625
84,42,54.2175292969
84,45,55.7373046875
84,48,57.5317382812
84,51,59.6923828125
84,54,62.2375488281
84,57,65.2954101562
84,60,68.9575195312
84,63,73.4436035156
84,66,78.9916992188
84,69,86.0595703125
84,72,95.4345703125
84,75,108.636474609
84,78,129.290771484
84,81,142.492675781
84,84,141.119384766
84,87,140.020751953
84,90,139.178466797
84,93,138.629150391
84,96,138.336181641
84,99,138.317871094
84,102,138.519287109
84,105,138.940429688
84,108,139.508056641
84,111,140.203857422
84,114,141.027832031
84,117,141.998291016
84,120,143.060302734
84,123,144.122314453
84,126,145.111083984
84,129,145.916748047
84,132,146.484375
84,135,146.740722656
84,138,146.502685547
84,141,145.623779297
84,144,143.957519531
84,147,141.50390625
84,150,138.317871094
84,153,134.454345703
84,156,130.059814453
84,159,125.207519531
84,162,120.080566406
84,165,114.825439453
84,168,109.661865234
84,171,104.663085938
84,174,99.90234375
84,177,95.4528808594
84,180,91.3330078125
84,183,87.5610351562
84,186,84.1186523438
84,189,81.0241699219
84,192,78.2409667969
84,195,75.7507324219
84,198,73.53515625
84,201,71.5576171875
84,204,67.2912597656
84,207,60.2783203125
84,210,54.7302246094
84,213,50.244140625
84,216,46.5454101562
84,219,43.4692382812
84,222,40.8874511719
84,225,38.6901855469
84,228,36.8041992188
84,231,35.1928710938
84,234,33.8012695312
84,237,32.6110839844
84,240,31.5856933594
84,243,30.6884765625
84,246,29.9377441406
84,249,29.296875
84,252,28.7475585938
84,255,28.3081054688
84,258,27.9602050781
84,261,27.685546875
84,264,27.4841308594
84,267,27.3742675781
84,270,27.3376464844
84,273,27.3742675781
84,276,27.4841308594
84,279,27.6672363281
84,282,27.9418945312
84,285,28.2897949219
84,288,28.7292480469
84,291,29.2602539062
84,294,29.9011230469
84,297,30.6518554688
84,300,31.5307617188
84,303,32.5561523438
84,306,33.7280273438
84,309,35.1013183594
84,312,36.6943359375
84,315,38.525390625
84,318,40.6860351562
84,321,43.1762695312
84,324,46.1242675781
84,327,49.5666503906
84,330,53.5583496094
84,333,57.8430175781
84,336,61.1389160156
84,339,61.9812011719
84,342,60.9558105469
84,345,59.3627929688
84,348,57.6599121094
84,351,56.0852050781
84,354,54.6569824219
84,357,53.4118652344
84,360,52.3315429688
85,0,49.8046875
85,3,48.9440917969
85,6,48.2482910156
85,9,47.7172851562
85,12,47.314453125
85,15,47.0581054688
85,18,46.9299316406
85,21,46.9482421875
85,24,47.1130371094
85,27,47.4060058594
85,30,47.8637695312
85,33,48.4680175781
85,36,49.2553710938
85,39,50.2258300781
85,42,51.3977050781
85,45,52.7893066406
85,48,54.4555664062
85,51,56.4514160156
85,54,58.7951660156
85,57,61.5966796875
85,60,64.9475097656
85,63,69.0307617188
85,66,74.0478515625
85,69,80.4016113281
85,72,88.6962890625
85,75,100.140380859
85,78,117.517089844
85,81,143.756103516
85,84,142.364501953
85,87,141.192626953
85,90,140.258789062
85,93,139.617919922
85,96,139.233398438
85,99,139.105224609
85,102,139.178466797
85,105,139.453125
85,108,139.855957031
85,111,140.386962891
85,114,141.101074219
85,117,141.925048828
85,120,142.785644531
85,123,143.627929688
85,126,144.305419922
85,129,144.836425781
85,132,145.056152344
85,135,144.891357422
85,138,144.195556641
85,141,142.822265625
85,144,140.643310547
85,147,137.786865234
85,150,134.252929688
85,153,130.133056641
85,156,125.610351562
85,159,120.684814453
85,162,115.594482422
85,165,110.485839844
85,168,105.505371094
85,171,100.726318359
85,174,96.1853027344
85,177,91.9555664062
85,180,88.0554199219
85,183,84.4848632812
85,186,81.2438964844
85,189,78.3142089844
85,192,75.6774902344
85,195,73.3337402344
85,198,71.2463378906
85,201,69.3969726562
85,204,63.0615234375
85,207,56.4880371094
85,210,51.2878417969
85,213,47.0764160156
85,216,43.6157226562
85,219,40.7409667969
85,222,38.3056640625
85,225,36.2548828125
85,228,34.4970703125
85,231,32.9772949219
85,234,31.6772460938
85,237,30.5603027344
85,240,29.58984375
85,243,28.7658691406
85,246,28.0517578125
85,249,27.4475097656
85,252,26.9348144531
85,255,26.5319824219
85,258,26.1840820312
85,261,25.9460449219
85,264,25.7629394531
85,267,25.6530761719
85,270,25.6164550781
85,273,25.6530761719
85,276,25.7446289062
85,279,25.927734375
85,282,26.1840820312
85,285,26.513671875
85,288,26.9165039062
85,291,27.4291992188
85,294,28.0151367188
85,297,28.7292480469
85,300,29.5532226562
85,303,30.5053710938
85,306,31.6040039062
85,309,32.9040527344
85,312,34.3872070312
85,315,36.1083984375
85,318,38.1225585938
85,321,40.4846191406
85,324,43.2312011719
85,327,46.4721679688
85,330,50.2075195312
85,333,54.2907714844
85,336,57.568359375
85,339,58.6120605469
85,342,57.8063964844
85,345,56.3781738281
85,348,54.8034667969
85,351,53.3203125
85,354,51.9836425781
85,357,50.8117675781
85,360,49.8046875
86,0,47.2778320312
86,3,46.4721679688
86,6,45.8129882812
86,9,45.2819824219
86,12,44.8974609375
86,15,44.6594238281
86,18,44.53125
86,21,44.5495605469
86,24,44.677734375
86,27,44.9523925781
86,30,45.3735351562
86,33,45.9228515625
86,36,46.6552734375
86,39,47.5341796875
86,42,48.6145019531
86,45,49.9145507812
86,48,51.4526367188
86,51,53.2836914062
86,54,55.4443359375
86,57,58.0078125
86,60,61.083984375
86,63,64.7827148438
86,66,69.3420410156
86,69,75.0366210938
86,72,82.3791503906
86,75,92.3400878906
86,78,106.970214844
86,81,132.202148438
86,84,143.609619141
86,87,142.291259766
86,90,141.284179688
86,93,140.570068359
86,96,140.093994141
86,99,139.819335938
86,102,139.764404297
86,105,139.874267578
86,108,140.130615234
86,111,140.570068359
86,114,141.156005859
86,117,141.851806641
86,120,142.492675781
86,123,143.023681641
86,126,143.499755859
86,129,143.664550781
86,132,143.572998047
86,135,143.041992188
86,138,141.870117188
86,141,140.002441406
86,144,137.40234375
86,147,134.1796875
86,150,130.334472656
86,153,126.031494141
86,156,121.343994141
86,159,116.400146484
86,162,111.383056641
86,165,106.420898438
86,168,101.605224609
86,171,97.0092773438
86,174,92.6879882812
86,177,88.6596679688
86,180,84.9426269531
86,183,81.5734863281
86,186,78.4973144531
86,189,75.732421875
86,192,73.2421875
86,195,71.0083007812
86,198,69.0307617188
86,201,66.7602539062
86,204,58.8134765625
86,207,52.6977539062
86,210,47.8454589844
86,213,43.9086914062
86,216,40.6860351562
86,219,37.9943847656
86,222,35.7421875
86,225,33.8195800781
86,228,32.1716308594
86,231,30.76171875
86,234,29.5532226562
86,237,28.5095214844
86,240,27.6123046875
86,243,26.8249511719
86,246,26.1657714844
86,249,25.5981445312
86,252,25.1403808594
86,255,24.7375488281
86,258,24.4262695312
86,261,24.2065429688
86,264,24.0234375
86,267,23.9318847656
86,270,23.8952636719
86,273,23.9318847656
86,276,24.0234375
86,279,24.1882324219
86,282,24.4262695312
86,285,24.7375488281
86,288,25.1220703125
86,291,25.5798339844
86,294,26.1474609375
86,297,26.806640625
86,300,27.5573730469
86,303,28.4545898438
86,306,29.4982910156
86,309,30.6884765625
86,312,32.080078125
86,315,33.69140625
86,318,35.5773925781
86,321,37.7746582031
86,324,40.3381347656
86,327,43.359375
86,330,46.875
86,333,50.7385253906
86,336,53.9978027344
86,339,55.224609375
86,342,54.638671875
86,345,53.3752441406
86,348,51.9470214844
86,351,50.5920410156
86,354,49.3286132812
86,357,48.2299804688
86,360,47.2778320312
87,0,44.7509765625
87,3,44.0002441406
87,6,43.3776855469
87,9,42.8833007812
87,12,42.5170898438
87,15,42.2790527344
87,18,42.1508789062
87,21,42.1508789062
87,24,42.2790527344
87,27,42.5170898438
87,30,42.9016113281
87,33,43.4143066406
87,36,44.091796875
87,39,44.8974609375
87,42,45.9045410156
87,45,47.0947265625
87,48,48.5229492188
87,51,50.2075195312
87,54,52.1850585938
87,57,54.5471191406
87,60,57.3486328125
87,63,60.7177734375
87,66,64.8193359375
87,69,69.9279785156
87,72,76.4465332031
87,75,85.1257324219
87,78,97.5219726562
87,81,117.718505859
87,84,144.781494141
87,87,143.371582031
87,90,142.254638672
87,93,141.430664062
87,96,140.844726562
87,99,140.478515625
87,102,140.313720703
87,105,140.277099609
87,108,140.441894531
87,111,140.771484375
87,114,141.192626953
87,117,141.650390625
87,120,142.08984375
87,123,142.456054688
87,126,142.584228516
87,129,142.510986328
87,132,142.08984375
87,135,141.101074219
87,138,139.508056641
87,141,137.164306641
87,144,134.197998047
87,147,130.590820312
87,150,126.489257812
87,153,122.021484375
87,156,117.279052734
87,159,112.335205078
87,162,107.373046875
87,165,102.557373047
87,168,97.9064941406
87,171,93.4936523438
87,174,89.35546875
87,177,85.5285644531
87,180,81.9946289062
87,183,78.7902832031
87,186,75.87890625
87,189,73.2421875
87,192,70.8801269531
87,195,68.7744140625
87,198,66.9067382812
87,201,61.962890625
87,204,54.5837402344
87,207,48.9074707031
87,210,44.4030761719
87,213,40.7592773438
87,216,37.7563476562
87,219,35.2661132812
87,222,33.1604003906
87,225,31.3842773438
87,228,29.8645019531
87,231,28.5461425781
87,234,27.4291992188
87,237,26.4587402344
87,240,25.6164550781
87,243,24.90234375
87,246,24.2797851562
87,249,23.7670898438
87,252,23.3276367188
87,255,22.9614257812
87,258,22.6684570312
87,261,22.4487304688
87,264,22.3022460938
87,267,22.2106933594
87,270,22.1740722656
87,273,22.2106933594
87,276,22.3022460938
87,279,22.4487304688
87,282,22.6684570312
87,285,22.9431152344
87,288,23.3093261719
87,291,23.7487792969
87,294,24.2614746094
87,297,24.8657226562
87,300,25.5798339844
87,303,26.4221191406
87,306,27.3742675781
87,309,28.4912109375
87,312,29.7729492188
87,315,31.2744140625
87,318,33.0139160156
87,321,35.0646972656
87,324,37.4633789062
87,327,40.2648925781
87,330,43.5241699219
87,333,47.16796875
87,336,50.390625
87,339,51.8188476562
87,342,51.4892578125
87,345,50.4089355469
87,348,49.1088867188
87,351,47.8454589844
87,354,46.6918945312
87,357,45.6481933594
87,360,44.7509765625
88,0,41.7846679688
88,3,41.0705566406
88,6,40.5029296875
88,9,40.0451660156
88,12,39.697265625
88,15,39.4592285156
88,18,39.3493652344
88,21,39.3310546875
88,24,39.4409179688
88,27,39.6606445312
88,30,39.990234375
88,33,40.4663085938
88,36,41.0705566406
88,39,41.8029785156
88,42,42.7185058594
88,45,43.798828125
88,48,45.0805664062
88,51,46.6003417969
88,54,48.3947753906
88,57,50.5004882812
88,60,53.02734375
88,63,56.0302734375
88,66,59.6740722656
88,69,64.16015625
88,72,69.8181152344
88,75,77.2155761719
88,78,87.4694824219
88,81,103.234863281
88,84,134.271240234
88,87,143.829345703
88,90,142.730712891
88,93,141.833496094
88,96,141.137695312
88,99,140.570068359
88,102,140.148925781
88,105,139.947509766
88,108,139.910888672
88,111,140.020751953
88,114,140.148925781
88,117,140.240478516
88,120,140.277099609
88,123,140.203857422
88,126,139.855957031
88,129,139.251708984
88,132,138.189697266
88,135,136.5234375
88,138,134.234619141
88,141,131.286621094
88,144,127.807617188
88,147,123.797607422
88,150,119.458007812
88,153,114.862060547
88,156,110.083007812
88,159,105.230712891
88,162,100.524902344
88,165,95.947265625
88,168,91.6076660156
88,171,87.5061035156
88,174,83.6975097656
88,177,80.1635742188
88,180,76.9409179688
88,183,74.0112304688
88,186,71.3562011719
88,189,68.9758300781
88,192,66.8334960938
88,195,64.9108886719
88,198,63.2263183594
88,201,57.1472167969
88,204,50.3540039062
88,207,45.0988769531
88,210,40.9606933594
88,213,37.5915527344
88,216,34.8266601562
88,219,32.5378417969
88,222,30.5969238281
88,225,28.9489746094
88,228,27.5390625
88,231,26.3305664062
88,234,25.3051757812
88,237,24.4079589844
88,240,23.6389160156
88,243,22.9614257812
88,246,22.3937988281
88,249,21.9177246094
88,252,21.5148925781
88,255,21.1853027344
88,258,20.9106445312
88,261,20.7092285156
88,264,20.5627441406
88,267,20.4895019531
88,270,20.4528808594
88,273,20.4895019531
88,276,20.5627441406
88,279,20.7092285156
88,282,20.9106445312
88,285,21.1669921875
88,288,21.4965820312
88,291,21.8994140625
88,294,22.3754882812
88,297,22.9431152344
88,300,23.6022949219
88,303,24.3713378906
88,306,25.2502441406
88,309,26.2756347656
88,312,27.4658203125
88,315,28.857421875
88,318,30.46875
88,321,32.3364257812
88,324,34.5520019531
88,327,37.1337890625
88,330,40.1550292969
88,333,43.5241699219
88,336,46.58203125
88,339,48.046875
88,342,47.8637695312
88,345,46.9299316406
88,348,45.7763671875
88,351,44.6228027344
88,354,43.5607910156
88,357,42.6086425781
88,360,41.7846679688
89,0,38.818359375
89,3,38.1774902344
89,6,37.6281738281
89,9,37.20703125
89,12,36.8774414062
89,15,36.6577148438
89,18,36.5478515625
89,21,36.5295410156
89,24,36.62109375
89,27,36.8225097656
89,30,37.1154785156
89,33,37.5366210938
89,36,38.0859375
89,39,38.7634277344
89,42,39.5690917969
89,45,40.5578613281
89,48,41.7114257812
89,51,43.0847167969
89,54,44.6960449219
89,57,46.58203125
89,60,48.8342285156
89,63,51.5258789062
89,66,54.7485351562
89,69,58.6853027344
89,72,63.5925292969
89,75,69.9279785156
89,78,78.4606933594
89,81,90.9484863281
89,84,112.719726562
89,87,144.268798828
89,90,143.170166016
89,93,142.181396484
89,96,141.265869141
89,99,140.478515625
89,102,139.910888672
89,105,139.526367188
89,108,139.270019531
89,111,139.086914062
89,114,138.903808594
89,117,138.665771484
89,120,138.299560547
89,123,137.786865234
89,126,136.981201172
89,129,135.791015625
89,132,134.069824219
89,135,131.762695312
89,138,128.851318359
89,141,125.408935547
89,144,121.490478516
89,147,117.205810547
89,150,112.683105469
89,153,108.013916016
89,156,103.271484375
89,159,98.6022949219
89,162,94.0795898438
89,165,89.7766113281
89,168,85.693359375
89,171,81.884765625
89,174,78.369140625
89,177,75.1281738281
89,180,72.1801757812
89,183,69.4885253906
89,186,67.0715332031
89,189,64.892578125
89,192,62.9516601562
89,195,61.2121582031
89,198,59.6740722656
89,201,52.3498535156
89,204,46.1242675781
89,207,41.30859375
89,210,37.5
89,213,34.423828125
89,216,31.8969726562
89,219,29.7912597656
89,222,28.0151367188
89,225,26.513671875
89,228,25.2319335938
89,231,24.1149902344
89,234,23.1628417969
89,237,22.3571777344
89,240,21.6430664062
89,243,21.0388183594
89,246,20.5078125
89,249,20.068359375
89,252,19.7021484375
89,255,19.4091796875
89,258,19.1528320312
89,261,18.9697265625
89,264,18.8415527344
89,267,18.7683105469
89,270,18.7316894531
89,273,18.7683105469
89,276,18.8415527344
89,279,18.9697265625
89,282,19.1528320312
89,285,19.3908691406
89,288,19.6838378906
89,291,20.068359375
89,294,20.4895019531
89,297,21.0205078125
89,300,21.6247558594
89,303,22.3205566406
89,306,23.1262207031
89,309,24.0783691406
89,312,25.1586914062
89,315,26.4221191406
89,318,27.9052734375
89,321,29.6264648438
89,324,31.640625
89,327,34.0209960938
89,330,36.7858886719
89,333,39.8986816406
89,336,42.7734375
89,339,44.2749023438
89,342,44.23828125
89,345,43.4692382812
89,348,42.4438476562
89,351,41.4184570312
89,354,40.4479980469
89,357,39.5874023438
89,360,38.818359375
90,0,35.8520507812
90,3,35.2661132812
90,6,34.7717285156
90,9,34.3872070312
90,12,34.0759277344
90,15,33.8745117188
90,18,33.7646484375
90,21,33.7463378906
90,24,33.837890625
90,27,34.0026855469
90,30,34.27734375
90,33,34.6618652344
90,36,35.1379394531
90,39,35.7421875
90,42,36.4929199219
90,45,37.3718261719
90,48,38.4155273438
90,51,39.6423339844
90,54,41.0888671875
90,57,42.7917480469
90,60,44.7875976562
90,63,47.16796875
90,66,50.0061035156
90,69,53.466796875
90,72,57.7331542969
90,75,63.1530761719
90,78,70.2941894531
90,81,80.3466796875
90,84,96.3684082031
90,87,133.813476562
90,90,143.572998047
90,93,142.437744141
90,96,141.265869141
90,99,140.33203125
90,102,139.599609375
90,105,139.013671875
90,108,138.500976562
90,111,138.043212891
90,114,137.512207031
90,117,136.907958984
90,120,136.175537109
90,123,135.205078125
90,126,133.88671875
90,129,132.12890625
90,132,129.803466797
90,135,126.873779297
90,138,123.431396484
90,141,119.549560547
90,144,115.301513672
90,147,110.815429688
90,150,106.182861328
90,153,101.477050781
90,156,96.8444824219
90,159,92.3217773438
90,162,88.037109375
90,165,83.9538574219
90,168,80.1452636719
90,171,76.611328125
90,174,73.3337402344
90,177,70.3674316406
90,180,67.6574707031
90,183,65.2038574219
90,186,62.98828125
90,189,60.9924316406
90,192,59.2346191406
90,195,57.6416015625
90,198,55.1513671875
90,201,47.5341796875
90,204,41.8762207031
90,207,37.5183105469
90,210,34.0576171875
90,213,31.2744140625
90,216,28.9672851562
90,219,27.0629882812
90,222,25.4516601562
90,225,24.0783691406
90,228,22.9064941406
90,231,21.8994140625
90,234,21.0388183594
90,237,20.3063964844
90,240,19.6472167969
90,243,19.0979003906
90,246,18.6401367188
90,249,18.2373046875
90,252,17.8894042969
90,255,17.6147460938
90,258,17.3950195312
90,261,17.2302246094
90,264,17.1020507812
90,267,17.0471191406
90,270,17.0104980469
90,273,17.0471191406
90,276,17.1020507812
90,279,17.2302246094
90,282,17.3950195312
90,285,17.6147460938
90,288,17.8894042969
90,291,18.2189941406
90,294,18.6218261719
90,297,19.0795898438
90,300,19.62890625
90,303,20.2697753906
90,306,21.0021972656
90,309,21.8627929688
90,312,22.8515625
90,315,24.0051269531
90,318,25.341796875
90,321,26.9165039062
90,324,28.7475585938
90,327,30.908203125
90,330,33.4167480469
90,333,36.2548828125
90,336,38.96484375
90,339,40.4846191406
90,342,40.6127929688
90,345,40.0085449219
90,348,39.1296386719
90,351,38.2141113281
90,354,37.3352050781
90,357,36.5478515625
90,360,35.8520507812
91,0,32.9040527344
91,3,32.373046875
91,6,31.93359375
91,9,31.5673828125
91,12,31.3110351562
91,15,31.1096191406
91,18,31.0180664062
91,21,30.9997558594
91,24,31.0546875
91,27,31.2194824219
91,30,31.4575195312
91,33,31.8054199219
91,36,32.2448730469
91,39,32.7758789062
91,42,33.4533691406
91,45,34.2407226562
91,48,35.1745605469
91,51,36.2731933594
91,54,37.5549316406
91,57,39.0747070312
91,60,40.8508300781
91,63,42.9748535156
91,66,45.4650878906
91,69,48.486328125
91,72,52.2033691406
91,75,56.8359375
91,78,62.841796875
91,81,71.0083007812
91,84,83.2214355469
91,87,105.944824219
91,90,143.957519531
91,93,142.492675781
91,96,141.2109375
91,99,140.130615234
91,102,139.196777344
91,105,138.372802734
91,108,137.585449219
91,111,136.81640625
91,114,136.010742188
91,117,135.003662109
91,120,133.923339844
91,123,132.458496094
91,126,130.609130859
91,129,128.247070312
91,132,125.317382812
91,135,121.893310547
91,138,117.974853516
91,141,113.745117188
91,144,109.240722656
91,147,104.608154297
91,150,99.90234375
91,153,95.2697753906
91,156,90.7287597656
91,159,86.4074707031
91,162,82.3059082031
91,165,78.4606933594
91,168,74.9084472656
91,171,71.6125488281
91,174,68.5913085938
91,177,65.8447265625
91,180,63.3544921875
91,183,61.1022949219
91,186,59.0881347656
91,189,57.275390625
91,192,55.6457519531
91,195,54.2175292969
91,198,49.5666503906
91,201,42.7368164062
91,204,37.646484375
91,207,33.7280273438
91,210,30.615234375
91,213,28.1066894531
91,216,26.0375976562
91,219,24.31640625
91,222,22.8698730469
91,225,21.6430664062
91,228,20.5993652344
91,231,19.6838378906
91,234,18.9147949219
91,237,18.2373046875
91,240,17.6696777344
91,243,17.1752929688
91,246,16.7541503906
91,249,16.3879394531
91,252,16.0766601562
91,255,15.8386230469
91,258,15.6372070312
91,261,15.4907226562
91,264,15.380859375
91,267,15.3076171875
91,270,15.2893066406
91,273,15.3076171875
91,276,15.380859375
91,279,15.4907226562
91,282,15.6372070312
91,285,15.8386230469
91,288,16.0766601562
91,291,16.3696289062
91,294,16.7358398438
91,297,17.1569824219
91,300,17.6513671875
91,303,18.2189941406
91,306,18.8781738281
91,309,19.6472167969
91,312,20.5444335938
91,315,21.5881347656
91,318,22.7783203125
91,321,24.1882324219
91,324,25.8544921875
91,327,27.7954101562
91,330,30.0476074219
91,333,32.6110839844
91,336,35.1379394531
91,339,36.6943359375
91,342,36.9873046875
91,345,36.5295410156
91,348,35.7971191406
91,351,34.9914550781
91,354,34.2407226562
91,357,33.5266113281
91,360,32.9040527344
92,0,29.7912597656
92,3,29.3151855469
92,6,28.9306640625
92,9,28.6010742188
92,12,28.3630371094
92,15,28.1982421875
92,18,28.1066894531
92,21,28.0883789062
92,24,28.1433105469
92,27,28.271484375
92,30,28.4912109375
92,33,28.8024902344
92,36,29.1870117188
92,39,29.6630859375
92,42,30.2490234375
92,45,30.9631347656
92,48,31.787109375
92,51,32.7575683594
92,54,33.8928222656
92,57,35.2294921875
92,60,36.7858886719
92,63,38.6352539062
92,66,40.8142089844
92,69,43.4326171875
92,72,46.6003417969
92,75,50.5187988281
92,78,55.517578125
92,81,62.1459960938
92,84,71.5393066406
92,87,86.8469238281
92,90,130.023193359
92,93,141.522216797
92,96,140.295410156
92,99,139.196777344
92,102,138.208007812
92,105,137.219238281
92,108,136.102294922
92,111,134.967041016
92,114,133.758544922
92,117,132.330322266
92,120,130.682373047
92,123,128.668212891
92,126,126.086425781
92,129,122.991943359
92,132,119.403076172
92,135,115.411376953
92,138,111.145019531
92,141,106.512451172
92,144,101.806640625
92,147,97.0825195312
92,150,92.3950195312
92,153,87.8540039062
92,156,83.5327148438
92,159,79.4311523438
92,162,75.6042480469
92,165,72.0336914062
92,168,68.7561035156
92,171,65.7531738281
92,174,63.0065917969
92,177,60.5346679688
92,180,58.30078125
92,183,56.2683105469
92,186,54.4555664062
92,189,52.8442382812
92,192,51.3977050781
92,195,50.1342773438
92,198,44.0002441406
92,201,37.9211425781
92,204,33.4167480469
92,207,29.9377441406
92,210,27.1728515625
92,213,24.9389648438
92,216,23.1079101562
92,219,21.5881347656
92,222,20.3063964844
92,225,19.2077636719
92,228,18.2739257812
92,231,17.4682617188
92,234,16.7907714844
92,237,16.1865234375
92,240,15.673828125
92,243,15.234375
92,246,14.8681640625
92,249,14.5385742188
92,252,14.2822265625
92,255,14.0625
92,258,13.8793945312
92,261,13.7512207031
92,264,13.6413574219
92,267,13.5864257812
92,270,13.5681152344
92,273,13.5864257812
92,276,13.6413574219
92,279,13.7329101562
92,282,13.8793945312
92,285,14.0441894531
92,288,14.2639160156
92,291,14.5385742188
92,294,14.8498535156
92,297,15.234375
92,300,15.6555175781
92,303,16.1682128906
92,306,16.7541503906
92,309,17.4499511719
92,312,18.2373046875
92,315,19.1528320312
92,318,20.2331542969
92,321,21.4782714844
92,324,22.9431152344
92,327,24.6643066406
92,330,26.6784667969
92,333,28.9672851562
92,336,31.2744140625
92,339,32.8125
92,342,33.1970214844
92,345,32.8857421875
92,348,32.2998046875
92,351,31.6223144531
92,354,30.9631347656
92,357,30.3405761719
92,360,29.7912597656
93,0,26.3122558594
93,3,25.9094238281
93,6,25.5615234375
93,9,25.2868652344
93,12,25.0671386719
93,15,24.9206542969
93,18,24.8474121094
93,21,24.8291015625
93,24,24.8657226562
93,27,24.9938964844
93,30,25.1770019531
93,33,25.4333496094
93,36,25.7629394531
93,39,26.1840820312
93,42,26.6967773438
93,45,27.3010253906
93,48,28.0151367188
93,51,28.857421875
93,54,29.8278808594
93,57,30.9814453125
93,60,32.2998046875
93,63,33.8745117188
93,66,35.7238769531
93,69,37.9211425781
93,72,40.576171875
93,75,43.8171386719
93,78,47.8637695312
93,81,53.1188964844
93,84,60.2416992188
93,87,70.8251953125
93,90,90.3076171875
93,93,138.922119141
93,96,138.043212891
93,99,137.219238281
93,102,136.212158203
93,105,134.948730469
93,108,133.374023438
93,111,131.689453125
93,114,129.821777344
93,117,127.716064453
93,120,125.225830078
93,123,122.222900391
93,126,118.707275391
93,129,114.752197266
93,132,110.430908203
93,135,105.834960938
93,138,101.019287109
93,141,96.1669921875
93,144,91.3146972656
93,147,86.6271972656
93,150,82.0861816406
93,153,77.8015136719
93,156,73.7915039062
93,159,70.0378417969
93,162,66.5954589844
93,165,63.427734375
93,168,60.5163574219
93,171,57.8979492188
93,174,55.517578125
93,177,53.3752441406
93,180,51.4526367188
93,183,49.7314453125
93,186,48.193359375
93,189,46.8200683594
93,192,45.5932617188
93,195,44.53125
93,198,38.4155273438
93,201,33.1237792969
93,204,29.1870117188
93,207,26.1474609375
93,210,23.73046875
93,213,21.7895507812
93,216,20.1782226562
93,219,18.8415527344
93,222,17.724609375
93,225,16.7724609375
93,228,15.966796875
93,231,15.2526855469
93,234,14.6667480469
93,237,14.1357421875
93,240,13.6962890625
93,243,13.3117675781
93,246,12.9821777344
93,249,12.7075195312
93,252,12.4694824219
93,255,12.2680664062
93,258,12.1215820312
93,261,11.9934082031
93,264,11.9201660156
93,267,11.865234375
93,270,11.8469238281
93,273,11.865234375
93,276,11.9201660156
93,279,11.9934082031
93,282,12.1215820312
93,285,12.2680664062
93,288,12.451171875
93,291,12.6892089844
93,294,12.9638671875
93,297,13.2934570312
93,300,13.6779785156
93,303,14.1174316406
93,306,14.6301269531
93,309,15.234375
93,312,15.9301757812
93,315,16.7175292969
93,318,17.6513671875
93,321,18.75
93,324,20.0317382812
93,327,21.5515136719
93,330,23.291015625
93,333,25.2868652344
93,336,27.3376464844
93,339,28.7292480469
93,342,29.150390625
93,345,28.9306640625
93,348,28.4545898438
93,351,27.8686523438
93,354,27.3193359375
93,357,26.7883300781
93,360,26.3122558594
94,0,22.8515625
94,3,22.5036621094
94,6,22.2106933594
94,9,21.97265625
94,12,21.7895507812
94,15,21.6613769531
94,18,21.5881347656
94,21,21.5881347656
94,24,21.6247558594
94,27,21.7163085938
94,30,21.8811035156
94,33,22.1008300781
94,36,22.3937988281
94,39,22.7416992188
94,42,23.1811523438
94,45,23.6938476562
94,48,24.2980957031
94,51,25.0122070312
94,54,25.8361816406
94,57,26.806640625
94,60,27.9418945312
94,63,29.2602539062
94,66,30.8166503906
94,69,32.6477050781
94,72,34.8449707031
94,75,37.5
94,78,40.7775878906
94,81,44.9340820312
94,84,50.390625
94,87,58.0444335938
94,90,70.1110839844
94,93,98.0895996094
94,96,136.267089844
94,99,135.571289062
94,102,134.326171875
94,105,132.312011719
94,108,130.187988281
94,111,127.917480469
94,114,125.354003906
94,117,122.387695312
94,120,118.9453125
94,123,115.008544922
94,126,110.632324219
94,129,105.944824219
94,132,101.019287109
94,135,95.9655761719
94,138,90.8752441406
94,141,85.8947753906
94,144,81.0974121094
94,147,76.5197753906
94,150,72.2351074219
94,153,68.26171875
94,156,64.5812988281
94,159,61.2121582031
94,162,58.1176757812
94,165,55.3161621094
94,168,52.7893066406
94,171,50.5187988281
94,174,48.4680175781
94,177,46.6369628906
94,180,44.9890136719
94,183,43.5241699219
94,186,42.2241210938
94,189,41.0705566406
94,192,40.0451660156
94,195,39.1662597656
94,198,32.8491210938
94,201,28.3081054688
94,204,24.9389648438
94,207,22.3388671875
94,210,20.2880859375
94,213,18.6218261719
94,216,17.2485351562
94,219,16.11328125
94,222,15.1611328125
94,225,14.3371582031
94,228,13.6413574219
94,231,13.037109375
94,234,12.5244140625
94,237,12.0849609375
94,240,11.7004394531
94,243,11.3708496094
94,246,11.0961914062
94,249,10.8581542969
94,252,10.6567382812
94,255,10.4919433594
94,258,10.3637695312
94,261,10.25390625
94,264,10.1806640625
94,267,10.1440429688
94,270,10.1257324219
94,273,10.1440429688
94,276,10.1806640625
94,279,10.25390625
94,282,10.3637695312
94,285,10.4919433594
94,288,10.6567382812
94,291,10.8581542969
94,294,11.0778808594
94,297,11.3708496094
94,300,11.7004394531
94,303,12.0666503906
94,306,12.5061035156
94,309,13.0187988281
94,312,13.6047363281
94,315,14.3005371094
94,318,15.087890625
94,321,16.0400390625
94,324,17.1203613281
94,327,18.4204101562
94,330,19.921875
94,333,21.6247558594
94,336,23.3825683594
94,339,24.6643066406
94,342,25.0854492188
94,345,24.9755859375
94,348,24.5910644531
94,351,24.1333007812
94,354,23.6755371094
94,357,23.2360839844
94,360,22.8515625
95,0,19.3542480469
95,3,19.0795898438
95,6,18.8598632812
95,9,18.6584472656
95,12,18.5119628906
95,15,18.4020996094
95,18,18.3471679688
95,21,18.3471679688
95,24,18.3837890625
95,27,18.4753417969
95,30,18.603515625
95,33,18.7866210938
95,36,19.04296875
95,39,19.3359375
95,42,19.7021484375
95,45,20.1232910156
95,48,20.6359863281
95,51,21.240234375
95,54,21.9360351562
95,57,22.7416992188
95,60,23.6755371094
95,63,24.7741699219
95,66,26.0559082031
95,69,27.5573730469
95,72,29.3518066406
95,75,31.494140625
95,78,34.130859375
95,81,37.3901367188
95,84,41.6015625
95,87,47.2595214844
95,90,55.4260253906
95,93,69.3420410156
95,96,134.802246094
95,99,134.106445312
95,102,131.781005859
95,105,129.217529297
95,108,126.544189453
95,111,123.522949219
95,114,120.098876953
95,117,116.198730469
95,120,111.822509766
95,123,107.025146484
95,126,101.916503906
95,129,96.6064453125
95,132,91.259765625
95,135,85.8947753906
95,138,80.6945800781
95,141,75.7690429688
95,144,71.1181640625
95,147,66.796875
95,150,62.8234863281
95,153,59.1796875
95,156,55.8471679688
95,159,52.8442382812
95,162,50.1159667969
95,165,47.6806640625
95,168,45.5017089844
95,171,43.5424804688
95,174,41.8029785156
95,177,40.2465820312
95,180,38.8549804688
95,183,37.6281738281
95,186,36.5295410156
95,189,35.5773925781
95,192,34.7351074219
95,195,32.5744628906
95,198,27.2644042969
95,201,23.5107421875
95,204,20.7092285156
95,207,18.5485839844
95,210,16.845703125
95,213,15.4541015625
95,216,14.3188476562
95,219,13.3850097656
95,222,12.5793457031
95,225,11.9018554688
95,228,11.3342285156
95,231,10.8215332031
95,234,10.400390625
95,237,10.0341796875
95,240,9.72290039062
95,243,9.4482421875
95,246,9.21020507812
95,249,9.0087890625
95,252,8.84399414062
95,255,8.7158203125
95,258,8.60595703125
95,261,8.51440429688
95,264,8.45947265625
95,267,8.4228515625
95,270,8.40454101562
95,273,8.4228515625
95,276,8.45947265625
95,279,8.51440429688
95,282,8.60595703125
95,285,8.69750976562
95,288,8.84399414062
95,291,9.0087890625
95,294,9.21020507812
95,297,9.42993164062
95,300,9.70458984375
95,303,10.0158691406
95,306,10.3820800781
95,309,10.8032226562
95,312,11.2976074219
95,315,11.865234375
95,318,12.5427246094
95,321,13.3117675781
95,324,14.2272949219
95,327,15.2893066406
95,330,16.5344238281
95,333,17.9626464844
95,336,19.4458007812
95,339,20.5810546875
95,342,21.0388183594
95,345,21.0021972656
95,348,20.7458496094
95,351,20.3979492188
95,354,20.0317382812
95,357,19.6838378906
95,360,19.3542480469
96,0,15.8752441406
96,3,15.6555175781
96,6,15.4907226562
96,9,15.3442382812
96,12,15.234375
96,15,15.1611328125
96,18,15.1062011719
96,21,15.1062011719
96,24,15.1428222656
96,27,15.2160644531
96,30,15.3442382812
96,33,15.4907226562
96,36,15.7104492188
96,39,15.9484863281
96,42,16.2414550781
96,45,16.6076660156
96,48,17.0104980469
96,51,17.5048828125
96,54,18.0725097656
96,57,18.7316894531
96,60,19.482421875
96,63,20.3796386719
96,66,21.4050292969
96,69,22.6135253906
96,72,24.0600585938
96,75,25.7629394531
96,78,27.83203125
96,81,30.3771972656
96,84,33.5998535156
96,87,37.7746582031
96,90,43.5241699219
96,93,52.1667480469
96,96,68.4265136719
96,99,131.744384766
96,102,128.796386719
96,105,125.68359375
96,108,122.222900391
96,111,118.359375
96,114,113.983154297
96,117,109.112548828
96,120,103.857421875
96,123,98.2727050781
96,126,92.5231933594
96,129,86.7736816406
96,132,81.0974121094
96,135,75.6408691406
96,138,70.5139160156
96,141,65.7348632812
96,144,61.3586425781
96,147,57.3669433594
96,150,53.7414550781
96,153,50.4638671875
96,156,47.5158691406
96,159,44.8791503906
96,162,42.5354003906
96,165,40.4479980469
96,168,38.5803222656
96,171,36.9323730469
96,174,35.4675292969
96,177,34.1674804688
96,180,32.9956054688
96,183,31.9885253906
96,186,31.0913085938
96,189,30.3039550781
96,192,29.6081542969
96,195,25.9094238281
96,198,21.6979980469
96,201,18.6950683594
96,204,16.4794921875
96,207,14.7583007812
96,210,13.4033203125
96,213,12.3046875
96,216,11.3891601562
96,219,10.6384277344
96,222,10.0158691406
96,225,9.46655273438
96,228,9.0087890625
96,231,8.60595703125
96,234,8.2763671875
96,237,7.9833984375
96,240,7.72705078125
96,243,7.50732421875
96,246,7.32421875
96,249,7.15942382812
96,252,7.03125
96,255,6.92138671875
96,258,6.84814453125
96,261,6.77490234375
96,264,6.71997070312
96,267,6.70166015625
96,270,6.68334960938
96,273,6.70166015625
96,276,6.71997070312
96,279,6.77490234375
96,282,6.84814453125
96,285,6.92138671875
96,288,7.03125
96,291,7.15942382812
96,294,7.32421875
96,297,7.50732421875
96,300,7.72705078125
96,303,7.96508789062
96,306,8.25805664062
96,309,8.60595703125
96,312,8.99047851562
96,315,9.4482421875
96,318,9.97924804688
96,321,10.5834960938
96,324,11.3159179688
96,327,12.158203125
96,330,13.1652832031
96,333,14.3005371094
96,336,15.5090332031
96,339,16.5161132812
96,342,16.9738769531
96,345,17.0288085938
96,348,16.8640136719
96,351,16.6259765625
96,354,16.3696289062
96,357,16.11328125
96,360,15.8752441406
97,0,11.9567871094
97,3,11.7919921875
97,6,11.6638183594
97,9,11.572265625
97,12,11.4807128906
97,15,11.4440917969
97,18,11.4074707031
97,21,11.4074707031
97,24,11.4440917969
97,27,11.4990234375
97,30,11.5905761719
97,33,11.7004394531
97,36,11.865234375
97,39,12.0483398438
97,42,12.2680664062
97,45,12.5427246094
97,48,12.8540039062
97,51,13.2202148438
97,54,13.6413574219
97,57,14.1174316406
97,60,14.6850585938
97,63,15.3442382812
97,66,16.0949707031
97,69,16.9921875
97,72,18.0358886719
97,75,19.2626953125
97,78,20.7641601562
97,81,22.55859375
97,84,24.8107910156
97,87,27.6489257812
97,90,31.4025878906
97,93,36.6027832031
97,96,44.5678710938
97,99,60.0769042969
97,102,121.435546875
97,105,118.890380859
97,108,114.459228516
97,111,109.149169922
97,114,103.308105469
97,117,97.119140625
97,120,90.673828125
97,123,84.1735839844
97,126,77.7648925781
97,129,71.6125488281
97,132,65.8630371094
97,135,60.5895996094
97,138,55.7739257812
97,141,51.4526367188
97,144,47.5891113281
97,147,44.1650390625
97,150,41.1437988281
97,153,38.4521484375
97,156,36.0900878906
97,159,34.0209960938
97,162,32.1899414062
97,165,30.5969238281
97,168,29.1870117188
97,171,27.9235839844
97,174,26.8249511719
97,177,25.8728027344
97,180,25.0122070312
97,183,24.2614746094
97,186,23.6022949219
97,189,23.0346679688
97,192,22.5402832031
97,195,19.2443847656
97,198,16.11328125
97,201,13.8977050781
97,204,12.2497558594
97,207,10.9680175781
97,210,9.9609375
97,213,9.13696289062
97,216,8.45947265625
97,219,7.91015625
97,222,7.43408203125
97,225,7.03125
97,228,6.68334960938
97,231,6.39038085938
97,234,6.15234375
97,237,5.9326171875
97,240,5.74951171875
97,243,5.58471679688
97,246,5.43823242188
97,249,5.32836914062
97,252,5.21850585938
97,255,5.14526367188
97,258,5.07202148438
97,261,5.03540039062
97,264,4.99877929688
97,267,4.98046875
97,270,4.96215820312
97,273,4.98046875
97,276,4.99877929688
97,279,5.03540039062
97,282,5.07202148438
97,285,5.14526367188
97,288,5.21850585938
97,291,5.32836914062
97,294,5.43823242188
97,297,5.56640625
97,300,5.73120117188
97,303,5.91430664062
97,306,6.13403320312
97,309,6.39038085938
97,312,6.68334960938
97,315,7.01293945312
97,318,7.41577148438
97,321,7.87353515625
97,324,8.40454101562
97,327,9.04541015625
97,330,9.77783203125
97,333,10.6201171875
97,336,11.5173339844
97,339,12.3046875
97,342,12.6708984375
97,345,12.744140625
97,348,12.6525878906
97,351,12.4877929688
97,354,12.3046875
97,357,12.1215820312
97,360,11.9567871094
98,0,8.02001953125
98,3,7.92846679688
98,6,7.85522460938
98,9,7.80029296875
98,12,7.74536132812
98,15,7.72705078125
98,18,7.70874023438
98,21,7.72705078125
98,24,7.74536132812
98,27,7.78198242188
98,30,7.85522460938
98,33,7.92846679688
98,36,8.03833007812
98,39,8.16650390625
98,42,8.33129882812
98,45,8.51440429688
98,48,8.7158203125
98,51,8.97216796875
98,54,9.26513671875
98,57,9.5947265625
98,60,9.97924804688
98,63,10.4187011719
98,66,10.9313964844
98,69,11.5356445312
98,72,12.2314453125
98,75,13.0554199219
98,78,14.0258789062
98,81,15.2160644531
98,84,16.6625976562
98,87,18.4753417969
98,90,20.80078125
98,93,23.8952636719
98,96,28.2531738281
98,99,34.9914550781
98,102,48.0285644531
98,105,110.723876953
98,108,104.351806641
98,111,97.4304199219
98,114,90.1245117188
98,117,82.6171875
98,120,75.1281738281
98,123,67.9321289062
98,126,61.2670898438
98,129,55.1879882812
98,132,49.7680664062
98,135,44.9523925781
98,138,40.7775878906
98,141,37.1337890625
98,144,33.984375
98,147,31.2927246094
98,150,28.9672851562
98,153,26.953125
98,156,25.2319335938
98,159,23.73046875
98,162,22.4304199219
98,165,21.2951660156
98,168,20.3063964844
98,171,19.4458007812
98,174,18.6767578125
98,177,18.017578125
98,180,17.431640625
98,183,16.9372558594
98,186,16.4978027344
98,189,16.11328125
98,192,15.6921386719
98,195,12.59765625
98,198,10.546875
98,201,9.08203125
98,204,8.00170898438
98,207,7.177734375
98,210,6.5185546875
98,213,5.96923828125
98,216,5.52978515625
98,219,5.16357421875
98,222,4.85229492188
98,225,4.59594726562
98,228,4.37622070312
98,231,4.1748046875
98,234,4.01000976562
98,237,3.8818359375
98,240,3.75366210938
98,243,3.64379882812
98,246,3.55224609375
98,249,3.47900390625
98,252,3.42407226562
98,255,3.369140625
98,258,3.31420898438
98,261,3.2958984375
98,264,3.25927734375
98,267,3.25927734375
98,270,3.24096679688
98,273,3.25927734375
98,276,3.25927734375
98,279,3.2958984375
98,282,3.31420898438
98,285,3.369140625
98,288,3.40576171875
98,291,3.47900390625
98,294,3.55224609375
98,297,3.64379882812
98,300,3.75366210938
98,303,3.86352539062
98,306,4.01000976562
98,309,4.1748046875
98,312,4.35791015625
98,315,4.57763671875
98,318,4.833984375
98,321,5.14526367188
98,324,5.4931640625
98,327,5.91430664062
98,330,6.39038085938
98,333,6.93969726562
98,336,7.5439453125
98,339,8.09326171875
98,342,8.38623046875
98,345,8.45947265625
98,348,8.4228515625
98,351,8.33129882812
98,354,8.23974609375
98,357,8.1298828125
98,360,8.02001953125
99,0,3.90014648438
99,3,3.86352539062
99,6,3.82690429688
99,9,3.79028320312
99,12,3.77197265625
99,15,3.75366210938
99,18,3.75366210938
99,21,3.75366210938
99,24,3.77197265625
99,27,3.79028320312
99,30,3.82690429688
99,33,3.86352539062
99,36,3.91845703125
99,39,3.97338867188
99,42,4.04663085938
99,45,4.13818359375
99,48,4.22973632812
99,51,4.33959960938
99,54,4.48608398438
99,57,4.63256835938
99,60,4.81567382812
99,63,5.01708984375
99,66,5.25512695312
99,69,5.52978515625
99,72,5.859375
99,75,6.2255859375
99,78,6.6650390625
99,81,7.19604492188
99,84,7.8369140625
99,87,8.60595703125
99,90,9.57641601562
99,93,10.8215332031
99,96,12.451171875
99,99,14.6667480469
99,102,17.9260253906
99,105,23.1811523438
99,108,34.2590332031
99,111,38.8549804688
99,114,38.3422851562
99,117,37.353515625
99,120,35.7604980469
99,123,33.4533691406
99,126,30.6884765625
99,129,27.7770996094
99,132,25.0122070312
99,135,22.5036621094
99,138,20.2880859375
99,141,18.4020996094
99,144,16.7724609375
99,147,15.3991699219
99,150,14.2272949219
99,153,13.2202148438
99,156,12.3596191406
99,159,11.6271972656
99,162,10.986328125
99,165,10.4370117188
99,168,9.9609375
99,171,9.53979492188
99,174,9.17358398438
99,177,8.8623046875
99,180,8.58764648438
99,183,8.349609375
99,186,8.1298828125
99,189,7.96508789062
99,192,7.3974609375
99,195,5.9326171875
99,198,4.96215820312
99,201,4.28466796875
99,204,3.77197265625
99,207,3.369140625
99,210,3.05786132812
99,213,2.81982421875
99,216,2.60009765625
99,219,2.43530273438
99,222,2.28881835938
99,225,2.16064453125
99,228,2.05078125
99,231,1.95922851562
99,234,1.88598632812
99,237,1.8310546875
99,240,1.7578125
99,243,1.72119140625
99,246,1.66625976562
99,249,1.62963867188
99,252,1.611328125
99,255,1.57470703125
99,258,1.55639648438
99,261,1.5380859375
99,264,1.5380859375
99,267,1.5380859375
99,270,1.51977539062
99,273,1.51977539062
99,276,1.5380859375
99,279,1.5380859375
99,282,1.55639648438
99,285,1.57470703125
99,288,1.611328125
99,291,1.62963867188
99,294,1.66625976562
99,297,1.72119140625
99,300,1.7578125
99,303,1.81274414062
99,306,1.88598632812
99,309,1.95922851562
99,312,2.05078125
99,315,2.16064453125
99,318,2.2705078125
99,321,2.4169921875
99,324,2.58178710938
99,327,2.783203125
99,330,3.0029296875
99,333,3.27758789062
99,336,3.55224609375
99,339,3.84521484375
99,342,4.01000976562
99,345,4.08325195312
99,348,4.08325195312
99,351,4.04663085938
99,354,3.99169921875
99,357,3.955078125
99,360,3.90014648438
100,0,0
100,3,0
100,6,0
100,9,0
100,12,0
100,15,0
100,18,0
100,21,0
100,24,0
100,27,0
100,30,0
100,33,0
100,36,0
100,39,0
100,42,0
100,45,0
100,48,0
100,51,0
100,54,0
100,57,0
100,60,0
100,63,0
100,66,0
100,69,0
100,72,0
100,75,0
100,78,0
100,81,0
100,84,0
100,87,0
100,90,0
100,93,0
100,96,0
100,99,0
100,102,0
100,105,0
100,108,0
100,111,0
100,114,0
100,117,0
100,120,0
100,123,0
100,126,0
100,129,0
100,132,0
100,135,0
100,138,0
100,141,0
100,144,0
100,147,0
100,150,0
100,153,0
100,156,0
100,159,0
100,162,0
100,165,0
100,168,0
100,171,0
100,174,0
100,177,0
100,180,0
100,183,0
100,186,0
100,189,0
100,192,0
100,195,0
100,198,0
100,201,0
100,204,0
100,207,0
100,210,0
100,213,0
100,216,0
100,219,0
100,222,0
100,225,0
100,228,0
100,231,0
100,234,0
100,237,0
100,240,0
100,243,0
100,246,0
100,249,0
100,252,0
100,255,0
100,258,0
100,261,0
100,264,0
100,267,0
100,270,0
100,273,0
100,276,0
100,279,0
100,282,0
100,285,0
100,288,0
100,291,0
100,294,0
100,297,0
100,300,0
100,303,0
100,306,0
100,309,0
100,312,0
100,315,0
100,318,0
100,321,0
100,324,0
100,327,0
100,330,0
100,333,0
100,336,0
100,339,0
100,342,0
100,345,0
100,348,0
100,351,0
100,354,0
100,357,0
100,360,0
